Using vips to process variants requires the libvips library. Please install libvips using the instructions on the libvips website.
Using vips to process variants requires the libvips library. Please install libvips using the instructions on the libvips website.
Using vips to process variants requires the libvips library. Please install libvips using the instructions on the libvips website.
Using vips to process variants requires the libvips library. Please install libvips using the instructions on the libvips website.
Using vips to process variants requires the libvips library. Please install libvips using the instructions on the libvips website.
Using vips to process variants requires the libvips library. Please install libvips using the instructions on the libvips website.
Using vips to process variants requires the libvips library. Please install libvips using the instructions on the libvips website.
Using vips to process variants requires the libvips library. Please install libvips using the instructions on the libvips website.
Using vips to process variants requires the libvips library. Please install libvips using the instructions on the libvips website.
Using vips to process variants requires the libvips library. Please install libvips using the instructions on the libvips website.
  [1m[35m (101.7ms)[0m  [1m[35mCREATE DATABASE "rails_project_1_development" ENCODING = 'unicode' /*application='RailsProject1'*/[0m
Using vips to process variants requires the libvips library. Please install libvips using the instructions on the libvips website.
  [1m[35m (40.7ms)[0m  [1m[35mCREATE TABLE "schema_migrations" ("version" varchar NOT NULL PRIMARY KEY) /*application='RailsProject1'*/[0m
  [1m[35m (0.2ms)[0m  [1m[35mCREATE TABLE "ar_internal_metadata" ("key" varchar NOT NULL PRIMARY KEY, "value" varchar, "created_at" datetime(6) NOT NULL, "updated_at" datetime(6) NOT NULL) /*application='RailsProject1'*/[0m
  [1m[36mActiveRecord::InternalMetadata Load (0.3ms)[0m  [1m[34mSELECT * FROM "ar_internal_metadata" WHERE "ar_internal_metadata"."key" = 'environment' ORDER BY "ar_internal_metadata"."key" ASC LIMIT 1 /*application='RailsProject1'*/[0m
  [1m[36mActiveRecord::InternalMetadata Create (0.3ms)[0m  [1m[32mINSERT INTO "ar_internal_metadata" ("key", "value", "created_at", "updated_at") VALUES ('environment', 'development', '2026-08-08 02:16:26.373964', '2026-08-08 02:16:26.373968') RETURNING "key" /*application='RailsProject1'*/[0m
  [1m[36mActiveRecord::SchemaMigration Load (0.1ms)[0m  [1m[34mSELECT "schema_migrations"."version" FROM "schema_migrations" ORDER BY "schema_migrations"."version" ASC /*application='RailsProject1'*/[0m
Migrating to CreateServices (20260808021525)
  [1m[36mTRANSACTION (0.1ms)[0m  [1m[35mBEGIN immediate TRANSACTION /*application='RailsProject1'*/[0m
  [1m[35m (1.9ms)[0m  [1m[35mCREATE TABLE "services" ("id" integer PRIMARY KEY AUTOINCREMENT NOT NULL, "name" varchar NOT NULL, "description" text, "url" varchar NOT NULL, "http_method" varchar DEFAULT 'GET' NOT NULL, "headers" text, "request_body" text, "expected_body_match" varchar, "expected_status_code" integer DEFAULT 200 NOT NULL, "timeout_seconds" integer DEFAULT 10 NOT NULL, "check_interval_seconds" integer DEFAULT 60 NOT NULL, "status" varchar DEFAULT 'operational' NOT NULL, "last_checked_at" datetime(6), "last_response_time_ms" integer, "last_status_code" integer, "position" integer DEFAULT 0, "created_at" datetime(6) NOT NULL, "updated_at" datetime(6) NOT NULL) /*application='RailsProject1'*/[0m
  [1m[36mActiveRecord::SchemaMigration Create (0.1ms)[0m  [1m[32mINSERT INTO "schema_migrations" ("version") VALUES ('20260808021525') RETURNING "version" /*application='RailsProject1'*/[0m
  [1m[36mTRANSACTION (0.1ms)[0m  [1m[35mCOMMIT TRANSACTION /*application='RailsProject1'*/[0m
Migrating to CreateCheckLogs (20260808021530)
  [1m[36mTRANSACTION (0.1ms)[0m  [1m[35mBEGIN immediate TRANSACTION /*application='RailsProject1'*/[0m
  [1m[35m (4.9ms)[0m  [1m[35mCREATE TABLE "check_logs" ("id" integer PRIMARY KEY AUTOINCREMENT NOT NULL, "service_id" integer NOT NULL, "status_code" integer, "response_time_ms" integer, "success" boolean, "error_message" varchar, "created_at" datetime(6) NOT NULL, "updated_at" datetime(6) NOT NULL, CONSTRAINT "fk_rails_eef0e6ac67"
FOREIGN KEY ("service_id")
  REFERENCES "services" ("id")
) /*application='RailsProject1'*/[0m
  [1m[35m (0.2ms)[0m  [1m[35mCREATE INDEX "index_check_logs_on_service_id" ON "check_logs" ("service_id") /*application='RailsProject1'*/[0m
  [1m[36mActiveRecord::SchemaMigration Create (0.3ms)[0m  [1m[32mINSERT INTO "schema_migrations" ("version") VALUES ('20260808021530') RETURNING "version" /*application='RailsProject1'*/[0m
  [1m[36mTRANSACTION (0.3ms)[0m  [1m[35mCOMMIT TRANSACTION /*application='RailsProject1'*/[0m
Migrating to CreateIncidents (20260808021535)
  [1m[36mTRANSACTION (0.1ms)[0m  [1m[35mBEGIN immediate TRANSACTION /*application='RailsProject1'*/[0m
  [1m[35m (1.9ms)[0m  [1m[35mCREATE TABLE "incidents" ("id" integer PRIMARY KEY AUTOINCREMENT NOT NULL, "title" varchar, "description" text, "status" varchar, "severity" varchar, "resolved_at" datetime(6), "created_at" datetime(6) NOT NULL, "updated_at" datetime(6) NOT NULL) /*application='RailsProject1'*/[0m
  [1m[36mActiveRecord::SchemaMigration Create (0.2ms)[0m  [1m[32mINSERT INTO "schema_migrations" ("version") VALUES ('20260808021535') RETURNING "version" /*application='RailsProject1'*/[0m
  [1m[36mTRANSACTION (0.2ms)[0m  [1m[35mCOMMIT TRANSACTION /*application='RailsProject1'*/[0m
Migrating to CreateIncidentServices (20260808021538)
  [1m[36mTRANSACTION (0.1ms)[0m  [1m[35mBEGIN immediate TRANSACTION /*application='RailsProject1'*/[0m
  [1m[35m (3.5ms)[0m  [1m[35mCREATE TABLE "incident_services" ("id" integer PRIMARY KEY AUTOINCREMENT NOT NULL, "incident_id" integer NOT NULL, "service_id" integer NOT NULL, "created_at" datetime(6) NOT NULL, "updated_at" datetime(6) NOT NULL, CONSTRAINT "fk_rails_a8228605eb"
FOREIGN KEY ("incident_id")
  REFERENCES "incidents" ("id")
, CONSTRAINT "fk_rails_f005f930dd"
FOREIGN KEY ("service_id")
  REFERENCES "services" ("id")
) /*application='RailsProject1'*/[0m
  [1m[35m (0.2ms)[0m  [1m[35mCREATE INDEX "index_incident_services_on_incident_id" ON "incident_services" ("incident_id") /*application='RailsProject1'*/[0m
  [1m[35m (0.2ms)[0m  [1m[35mCREATE INDEX "index_incident_services_on_service_id" ON "incident_services" ("service_id") /*application='RailsProject1'*/[0m
  [1m[36mActiveRecord::SchemaMigration Create (0.2ms)[0m  [1m[32mINSERT INTO "schema_migrations" ("version") VALUES ('20260808021538') RETURNING "version" /*application='RailsProject1'*/[0m
  [1m[36mTRANSACTION (0.1ms)[0m  [1m[35mCOMMIT TRANSACTION /*application='RailsProject1'*/[0m
Migrating to CreateIncidentUpdates (20260808021539)
  [1m[36mTRANSACTION (0.1ms)[0m  [1m[35mBEGIN immediate TRANSACTION /*application='RailsProject1'*/[0m
  [1m[35m (1.9ms)[0m  [1m[35mCREATE TABLE "incident_updates" ("id" integer PRIMARY KEY AUTOINCREMENT NOT NULL, "incident_id" integer NOT NULL, "status" varchar, "body" text, "created_at" datetime(6) NOT NULL, "updated_at" datetime(6) NOT NULL, CONSTRAINT "fk_rails_40ece1a4e9"
FOREIGN KEY ("incident_id")
  REFERENCES "incidents" ("id")
) /*application='RailsProject1'*/[0m
  [1m[35m (0.2ms)[0m  [1m[35mCREATE INDEX "index_incident_updates_on_incident_id" ON "incident_updates" ("incident_id") /*application='RailsProject1'*/[0m
  [1m[36mActiveRecord::SchemaMigration Create (0.1ms)[0m  [1m[32mINSERT INTO "schema_migrations" ("version") VALUES ('20260808021539') RETURNING "version" /*application='RailsProject1'*/[0m
  [1m[36mTRANSACTION (0.2ms)[0m  [1m[35mCOMMIT TRANSACTION /*application='RailsProject1'*/[0m
Migrating to CreateMaintenanceWindows (20260808021545)
  [1m[36mTRANSACTION (0.1ms)[0m  [1m[35mBEGIN immediate TRANSACTION /*application='RailsProject1'*/[0m
  [1m[35m (2.7ms)[0m  [1m[35mCREATE TABLE "maintenance_windows" ("id" integer PRIMARY KEY AUTOINCREMENT NOT NULL, "title" varchar, "description" text, "starts_at" datetime(6), "ends_at" datetime(6), "status" varchar, "created_at" datetime(6) NOT NULL, "updated_at" datetime(6) NOT NULL) /*application='RailsProject1'*/[0m
  [1m[36mActiveRecord::SchemaMigration Create (0.2ms)[0m  [1m[32mINSERT INTO "schema_migrations" ("version") VALUES ('20260808021545') RETURNING "version" /*application='RailsProject1'*/[0m
  [1m[36mTRANSACTION (0.2ms)[0m  [1m[35mCOMMIT TRANSACTION /*application='RailsProject1'*/[0m
  [1m[36mActiveRecord::SchemaMigration Load (0.1ms)[0m  [1m[34mSELECT "schema_migrations"."version" FROM "schema_migrations" ORDER BY "schema_migrations"."version" ASC /*application='RailsProject1'*/[0m
Using vips to process variants requires the libvips library. Please install libvips using the instructions on the libvips website.
  [1m[36mActiveRecord::SchemaMigration Load (0.2ms)[0m  [1m[34mSELECT "schema_migrations"."version" FROM "schema_migrations" ORDER BY "schema_migrations"."version" ASC /*application='RailsProject1'*/[0m
  [1m[36mService Load (0.2ms)[0m  [1m[34mSELECT "services".* FROM "services" WHERE "services"."name" = 'Core API Gateway' LIMIT 1 /*application='RailsProject1'*/[0m
  [1m[36mTRANSACTION (0.1ms)[0m  [1m[35mBEGIN immediate TRANSACTION /*application='RailsProject1'*/[0m
  [1m[36mService Create (0.1ms)[0m  [1m[32mINSERT INTO "services" ("name", "description", "url", "http_method", "headers", "request_body", "expected_body_match", "expected_status_code", "timeout_seconds", "check_interval_seconds", "status", "last_checked_at", "last_response_time_ms", "last_status_code", "position", "created_at", "updated_at") VALUES ('Core API Gateway', 'Main HTTP API routing service & auth gateway', 'https://httpbin.org/get', 'GET', '{
  "User-Agent": "StatusPulse-Agent/2.0",
  "X-Ping-Source": "US-East"
}', NULL, NULL, 200, 10, 60, 'operational', NULL, NULL, NULL, 1, '2026-08-08 02:19:04.775323', '2026-08-08 02:19:04.775323') RETURNING "id" /*application='RailsProject1'*/[0m
  [1m[36mTRANSACTION (52.9ms)[0m  [1m[35mCOMMIT TRANSACTION /*application='RailsProject1'*/[0m
  [1m[36mCheckLog Exists? (0.1ms)[0m  [1m[34mSELECT 1 AS one FROM "check_logs" WHERE "check_logs"."service_id" = 1 LIMIT 1 /*application='RailsProject1'*/[0m
  [1m[36mTRANSACTION (0.1ms)[0m  [1m[35mBEGIN immediate TRANSACTION /*application='RailsProject1'*/[0m
  [1m[36mCheckLog Create (1.8ms)[0m  [1m[32mINSERT INTO "check_logs" ("service_id", "status_code", "response_time_ms", "success", "error_message", "created_at", "updated_at") VALUES (1, 200, 110, TRUE, NULL, '2026-08-08 01:49:04.844153', '2026-08-08 02:19:04.849801') RETURNING "id" /*application='RailsProject1'*/[0m
  [1m[36mTRANSACTION (0.2ms)[0m  [1m[35mCOMMIT TRANSACTION /*application='RailsProject1'*/[0m
  [1m[36mTRANSACTION (0.1ms)[0m  [1m[35mBEGIN immediate TRANSACTION /*application='RailsProject1'*/[0m
  [1m[36mCheckLog Create (1.6ms)[0m  [1m[32mINSERT INTO "check_logs" ("service_id", "status_code", "response_time_ms", "success", "error_message", "created_at", "updated_at") VALUES (1, 200, 172, TRUE, NULL, '2026-08-08 01:50:04.854948', '2026-08-08 02:19:04.855672') RETURNING "id" /*application='RailsProject1'*/[0m
  [1m[36mTRANSACTION (0.1ms)[0m  [1m[35mCOMMIT TRANSACTION /*application='RailsProject1'*/[0m
  [1m[36mTRANSACTION (0.1ms)[0m  [1m[35mBEGIN immediate TRANSACTION /*application='RailsProject1'*/[0m
  [1m[36mCheckLog Create (1.7ms)[0m  [1m[32mINSERT INTO "check_logs" ("service_id", "status_code", "response_time_ms", "success", "error_message", "created_at", "updated_at") VALUES (1, 200, 124, TRUE, NULL, '2026-08-08 01:51:04.859862', '2026-08-08 02:19:04.860698') RETURNING "id" /*application='RailsProject1'*/[0m
  [1m[36mTRANSACTION (0.2ms)[0m  [1m[35mCOMMIT TRANSACTION /*application='RailsProject1'*/[0m
  [1m[36mTRANSACTION (0.1ms)[0m  [1m[35mBEGIN immediate TRANSACTION /*application='RailsProject1'*/[0m
  [1m[36mCheckLog Create (3.5ms)[0m  [1m[32mINSERT INTO "check_logs" ("service_id", "status_code", "response_time_ms", "success", "error_message", "created_at", "updated_at") VALUES (1, 200, 54, TRUE, NULL, '2026-08-08 01:52:04.866838', '2026-08-08 02:19:04.867881') RETURNING "id" /*application='RailsProject1'*/[0m
  [1m[36mTRANSACTION (0.1ms)[0m  [1m[35mCOMMIT TRANSACTION /*application='RailsProject1'*/[0m
  [1m[36mTRANSACTION (0.0ms)[0m  [1m[35mBEGIN immediate TRANSACTION /*application='RailsProject1'*/[0m
  [1m[36mCheckLog Create (1.4ms)[0m  [1m[32mINSERT INTO "check_logs" ("service_id", "status_code", "response_time_ms", "success", "error_message", "created_at", "updated_at") VALUES (1, 200, 134, TRUE, NULL, '2026-08-08 01:53:04.875494', '2026-08-08 02:19:04.875984') RETURNING "id" /*application='RailsProject1'*/[0m
  [1m[36mTRANSACTION (0.1ms)[0m  [1m[35mCOMMIT TRANSACTION /*application='RailsProject1'*/[0m
  [1m[36mTRANSACTION (0.0ms)[0m  [1m[35mBEGIN immediate TRANSACTION /*application='RailsProject1'*/[0m
  [1m[36mCheckLog Create (1.4ms)[0m  [1m[32mINSERT INTO "check_logs" ("service_id", "status_code", "response_time_ms", "success", "error_message", "created_at", "updated_at") VALUES (1, 200, 183, TRUE, NULL, '2026-08-08 01:54:04.879600', '2026-08-08 02:19:04.879988') RETURNING "id" /*application='RailsProject1'*/[0m
  [1m[36mTRANSACTION (0.1ms)[0m  [1m[35mCOMMIT TRANSACTION /*application='RailsProject1'*/[0m
  [1m[36mTRANSACTION (0.1ms)[0m  [1m[35mBEGIN immediate TRANSACTION /*application='RailsProject1'*/[0m
  [1m[36mCheckLog Create (2.6ms)[0m  [1m[32mINSERT INTO "check_logs" ("service_id", "status_code", "response_time_ms", "success", "error_message", "created_at", "updated_at") VALUES (1, 200, 217, TRUE, NULL, '2026-08-08 01:55:04.883710', '2026-08-08 02:19:04.884171') RETURNING "id" /*application='RailsProject1'*/[0m
  [1m[36mTRANSACTION (0.1ms)[0m  [1m[35mCOMMIT TRANSACTION /*application='RailsProject1'*/[0m
  [1m[36mTRANSACTION (0.0ms)[0m  [1m[35mBEGIN immediate TRANSACTION /*application='RailsProject1'*/[0m
  [1m[36mCheckLog Create (1.5ms)[0m  [1m[32mINSERT INTO "check_logs" ("service_id", "status_code", "response_time_ms", "success", "error_message", "created_at", "updated_at") VALUES (1, 504, 188, FALSE, 'Connection timeout / HTTP 502 Bad Gateway', '2026-08-08 01:56:04.889584', '2026-08-08 02:19:04.890126') RETURNING "id" /*application='RailsProject1'*/[0m
  [1m[36mTRANSACTION (0.1ms)[0m  [1m[35mCOMMIT TRANSACTION /*application='RailsProject1'*/[0m
  [1m[36mTRANSACTION (0.0ms)[0m  [1m[35mBEGIN immediate TRANSACTION /*application='RailsProject1'*/[0m
  [1m[36mCheckLog Create (1.6ms)[0m  [1m[32mINSERT INTO "check_logs" ("service_id", "status_code", "response_time_ms", "success", "error_message", "created_at", "updated_at") VALUES (1, 200, 150, TRUE, NULL, '2026-08-08 01:57:04.894008', '2026-08-08 02:19:04.894498') RETURNING "id" /*application='RailsProject1'*/[0m
  [1m[36mTRANSACTION (0.1ms)[0m  [1m[35mCOMMIT TRANSACTION /*application='RailsProject1'*/[0m
  [1m[36mTRANSACTION (0.0ms)[0m  [1m[35mBEGIN immediate TRANSACTION /*application='RailsProject1'*/[0m
  [1m[36mCheckLog Create (2.5ms)[0m  [1m[32mINSERT INTO "check_logs" ("service_id", "status_code", "response_time_ms", "success", "error_message", "created_at", "updated_at") VALUES (1, 200, 165, TRUE, NULL, '2026-08-08 01:58:04.898402', '2026-08-08 02:19:04.898945') RETURNING "id" /*application='RailsProject1'*/[0m
  [1m[36mTRANSACTION (0.1ms)[0m  [1m[35mCOMMIT TRANSACTION /*application='RailsProject1'*/[0m
  [1m[36mTRANSACTION (0.0ms)[0m  [1m[35mBEGIN immediate TRANSACTION /*application='RailsProject1'*/[0m
  [1m[36mCheckLog Create (1.5ms)[0m  [1m[32mINSERT INTO "check_logs" ("service_id", "status_code", "response_time_ms", "success", "error_message", "created_at", "updated_at") VALUES (1, 200, 83, TRUE, NULL, '2026-08-08 01:59:04.904409', '2026-08-08 02:19:04.904920') RETURNING "id" /*application='RailsProject1'*/[0m
  [1m[36mTRANSACTION (0.1ms)[0m  [1m[35mCOMMIT TRANSACTION /*application='RailsProject1'*/[0m
  [1m[36mTRANSACTION (0.0ms)[0m  [1m[35mBEGIN immediate TRANSACTION /*application='RailsProject1'*/[0m
  [1m[36mCheckLog Create (1.4ms)[0m  [1m[32mINSERT INTO "check_logs" ("service_id", "status_code", "response_time_ms", "success", "error_message", "created_at", "updated_at") VALUES (1, 200, 56, TRUE, NULL, '2026-08-08 02:00:04.908652', '2026-08-08 02:19:04.909055') RETURNING "id" /*application='RailsProject1'*/[0m
  [1m[36mTRANSACTION (0.1ms)[0m  [1m[35mCOMMIT TRANSACTION /*application='RailsProject1'*/[0m
  [1m[36mTRANSACTION (0.0ms)[0m  [1m[35mBEGIN immediate TRANSACTION /*application='RailsProject1'*/[0m
  [1m[36mCheckLog Create (1.5ms)[0m  [1m[32mINSERT INTO "check_logs" ("service_id", "status_code", "response_time_ms", "success", "error_message", "created_at", "updated_at") VALUES (1, 200, 97, TRUE, NULL, '2026-08-08 02:01:04.912703', '2026-08-08 02:19:04.913088') RETURNING "id" /*application='RailsProject1'*/[0m
  [1m[36mTRANSACTION (0.1ms)[0m  [1m[35mCOMMIT TRANSACTION /*application='RailsProject1'*/[0m
  [1m[36mTRANSACTION (0.1ms)[0m  [1m[35mBEGIN immediate TRANSACTION /*application='RailsProject1'*/[0m
  [1m[36mCheckLog Create (2.1ms)[0m  [1m[32mINSERT INTO "check_logs" ("service_id", "status_code", "response_time_ms", "success", "error_message", "created_at", "updated_at") VALUES (1, 200, 181, TRUE, NULL, '2026-08-08 02:02:04.916978', '2026-08-08 02:19:04.917548') RETURNING "id" /*application='RailsProject1'*/[0m
  [1m[36mTRANSACTION (0.1ms)[0m  [1m[35mCOMMIT TRANSACTION /*application='RailsProject1'*/[0m
  [1m[36mTRANSACTION (0.0ms)[0m  [1m[35mBEGIN immediate TRANSACTION /*application='RailsProject1'*/[0m
  [1m[36mCheckLog Create (1.6ms)[0m  [1m[32mINSERT INTO "check_logs" ("service_id", "status_code", "response_time_ms", "success", "error_message", "created_at", "updated_at") VALUES (1, 200, 73, TRUE, NULL, '2026-08-08 02:03:04.922212', '2026-08-08 02:19:04.922750') RETURNING "id" /*application='RailsProject1'*/[0m
  [1m[36mTRANSACTION (0.1ms)[0m  [1m[35mCOMMIT TRANSACTION /*application='RailsProject1'*/[0m
  [1m[36mTRANSACTION (0.1ms)[0m  [1m[35mBEGIN immediate TRANSACTION /*application='RailsProject1'*/[0m
  [1m[36mCheckLog Create (1.9ms)[0m  [1m[32mINSERT INTO "check_logs" ("service_id", "status_code", "response_time_ms", "success", "error_message", "created_at", "updated_at") VALUES (1, 200, 140, TRUE, NULL, '2026-08-08 02:04:04.926639', '2026-08-08 02:19:04.927186') RETURNING "id" /*application='RailsProject1'*/[0m
  [1m[36mTRANSACTION (0.1ms)[0m  [1m[35mCOMMIT TRANSACTION /*application='RailsProject1'*/[0m
  [1m[36mTRANSACTION (0.0ms)[0m  [1m[35mBEGIN immediate TRANSACTION /*application='RailsProject1'*/[0m
  [1m[36mCheckLog Create (1.9ms)[0m  [1m[32mINSERT INTO "check_logs" ("service_id", "status_code", "response_time_ms", "success", "error_message", "created_at", "updated_at") VALUES (1, 200, 184, TRUE, NULL, '2026-08-08 02:05:04.931677', '2026-08-08 02:19:04.932318') RETURNING "id" /*application='RailsProject1'*/[0m
  [1m[36mTRANSACTION (0.1ms)[0m  [1m[35mCOMMIT TRANSACTION /*application='RailsProject1'*/[0m
  [1m[36mTRANSACTION (0.0ms)[0m  [1m[35mBEGIN immediate TRANSACTION /*application='RailsProject1'*/[0m
  [1m[36mCheckLog Create (1.5ms)[0m  [1m[32mINSERT INTO "check_logs" ("service_id", "status_code", "response_time_ms", "success", "error_message", "created_at", "updated_at") VALUES (1, 200, 201, TRUE, NULL, '2026-08-08 02:06:04.937490', '2026-08-08 02:19:04.938007') RETURNING "id" /*application='RailsProject1'*/[0m
  [1m[36mTRANSACTION (0.1ms)[0m  [1m[35mCOMMIT TRANSACTION /*application='RailsProject1'*/[0m
  [1m[36mTRANSACTION (0.0ms)[0m  [1m[35mBEGIN immediate TRANSACTION /*application='RailsProject1'*/[0m
  [1m[36mCheckLog Create (1.5ms)[0m  [1m[32mINSERT INTO "check_logs" ("service_id", "status_code", "response_time_ms", "success", "error_message", "created_at", "updated_at") VALUES (1, 200, 214, TRUE, NULL, '2026-08-08 02:07:04.941842', '2026-08-08 02:19:04.942221') RETURNING "id" /*application='RailsProject1'*/[0m
  [1m[36mTRANSACTION (0.1ms)[0m  [1m[35mCOMMIT TRANSACTION /*application='RailsProject1'*/[0m
  [1m[36mTRANSACTION (0.0ms)[0m  [1m[35mBEGIN immediate TRANSACTION /*application='RailsProject1'*/[0m
  [1m[36mCheckLog Create (1.6ms)[0m  [1m[32mINSERT INTO "check_logs" ("service_id", "status_code", "response_time_ms", "success", "error_message", "created_at", "updated_at") VALUES (1, 200, 155, TRUE, NULL, '2026-08-08 02:08:04.945951', '2026-08-08 02:19:04.946382') RETURNING "id" /*application='RailsProject1'*/[0m
  [1m[36mTRANSACTION (0.1ms)[0m  [1m[35mCOMMIT TRANSACTION /*application='RailsProject1'*/[0m
  [1m[36mTRANSACTION (0.1ms)[0m  [1m[35mBEGIN immediate TRANSACTION /*application='RailsProject1'*/[0m
  [1m[36mCheckLog Create (1.6ms)[0m  [1m[32mINSERT INTO "check_logs" ("service_id", "status_code", "response_time_ms", "success", "error_message", "created_at", "updated_at") VALUES (1, 200, 194, TRUE, NULL, '2026-08-08 02:09:04.950473', '2026-08-08 02:19:04.951160') RETURNING "id" /*application='RailsProject1'*/[0m
  [1m[36mTRANSACTION (0.1ms)[0m  [1m[35mCOMMIT TRANSACTION /*application='RailsProject1'*/[0m
  [1m[36mTRANSACTION (0.0ms)[0m  [1m[35mBEGIN immediate TRANSACTION /*application='RailsProject1'*/[0m
  [1m[36mCheckLog Create (1.4ms)[0m  [1m[32mINSERT INTO "check_logs" ("service_id", "status_code", "response_time_ms", "success", "error_message", "created_at", "updated_at") VALUES (1, 504, 136, FALSE, 'Connection timeout / HTTP 502 Bad Gateway', '2026-08-08 02:10:04.955310', '2026-08-08 02:19:04.955793') RETURNING "id" /*application='RailsProject1'*/[0m
  [1m[36mTRANSACTION (0.1ms)[0m  [1m[35mCOMMIT TRANSACTION /*application='RailsProject1'*/[0m
  [1m[36mTRANSACTION (0.0ms)[0m  [1m[35mBEGIN immediate TRANSACTION /*application='RailsProject1'*/[0m
  [1m[36mCheckLog Create (1.6ms)[0m  [1m[32mINSERT INTO "check_logs" ("service_id", "status_code", "response_time_ms", "success", "error_message", "created_at", "updated_at") VALUES (1, 200, 79, TRUE, NULL, '2026-08-08 02:11:04.959449', '2026-08-08 02:19:04.959797') RETURNING "id" /*application='RailsProject1'*/[0m
  [1m[36mTRANSACTION (0.1ms)[0m  [1m[35mCOMMIT TRANSACTION /*application='RailsProject1'*/[0m
  [1m[36mTRANSACTION (0.0ms)[0m  [1m[35mBEGIN immediate TRANSACTION /*application='RailsProject1'*/[0m
  [1m[36mCheckLog Create (1.5ms)[0m  [1m[32mINSERT INTO "check_logs" ("service_id", "status_code", "response_time_ms", "success", "error_message", "created_at", "updated_at") VALUES (1, 200, 52, TRUE, NULL, '2026-08-08 02:12:04.963557', '2026-08-08 02:19:04.963963') RETURNING "id" /*application='RailsProject1'*/[0m
  [1m[36mTRANSACTION (0.1ms)[0m  [1m[35mCOMMIT TRANSACTION /*application='RailsProject1'*/[0m
  [1m[36mTRANSACTION (0.1ms)[0m  [1m[35mBEGIN immediate TRANSACTION /*application='RailsProject1'*/[0m
  [1m[36mCheckLog Create (1.6ms)[0m  [1m[32mINSERT INTO "check_logs" ("service_id", "status_code", "response_time_ms", "success", "error_message", "created_at", "updated_at") VALUES (1, 200, 128, TRUE, NULL, '2026-08-08 02:13:04.968001', '2026-08-08 02:19:04.968661') RETURNING "id" /*application='RailsProject1'*/[0m
  [1m[36mTRANSACTION (0.1ms)[0m  [1m[35mCOMMIT TRANSACTION /*application='RailsProject1'*/[0m
  [1m[36mTRANSACTION (0.0ms)[0m  [1m[35mBEGIN immediate TRANSACTION /*application='RailsProject1'*/[0m
  [1m[36mCheckLog Create (1.4ms)[0m  [1m[32mINSERT INTO "check_logs" ("service_id", "status_code", "response_time_ms", "success", "error_message", "created_at", "updated_at") VALUES (1, 500, 62, FALSE, 'Connection timeout / HTTP 502 Bad Gateway', '2026-08-08 02:14:04.972636', '2026-08-08 02:19:04.973075') RETURNING "id" /*application='RailsProject1'*/[0m
  [1m[36mTRANSACTION (0.1ms)[0m  [1m[35mCOMMIT TRANSACTION /*application='RailsProject1'*/[0m
  [1m[36mTRANSACTION (0.1ms)[0m  [1m[35mBEGIN immediate TRANSACTION /*application='RailsProject1'*/[0m
  [1m[36mCheckLog Create (1.3ms)[0m  [1m[32mINSERT INTO "check_logs" ("service_id", "status_code", "response_time_ms", "success", "error_message", "created_at", "updated_at") VALUES (1, 200, 201, TRUE, NULL, '2026-08-08 02:15:04.976771', '2026-08-08 02:19:04.977185') RETURNING "id" /*application='RailsProject1'*/[0m
  [1m[36mTRANSACTION (0.1ms)[0m  [1m[35mCOMMIT TRANSACTION /*application='RailsProject1'*/[0m
  [1m[36mTRANSACTION (0.0ms)[0m  [1m[35mBEGIN immediate TRANSACTION /*application='RailsProject1'*/[0m
  [1m[36mCheckLog Create (1.6ms)[0m  [1m[32mINSERT INTO "check_logs" ("service_id", "status_code", "response_time_ms", "success", "error_message", "created_at", "updated_at") VALUES (1, 200, 143, TRUE, NULL, '2026-08-08 02:16:04.980834', '2026-08-08 02:19:04.981282') RETURNING "id" /*application='RailsProject1'*/[0m
  [1m[36mTRANSACTION (0.1ms)[0m  [1m[35mCOMMIT TRANSACTION /*application='RailsProject1'*/[0m
  [1m[36mTRANSACTION (0.0ms)[0m  [1m[35mBEGIN immediate TRANSACTION /*application='RailsProject1'*/[0m
  [1m[36mCheckLog Create (1.5ms)[0m  [1m[32mINSERT INTO "check_logs" ("service_id", "status_code", "response_time_ms", "success", "error_message", "created_at", "updated_at") VALUES (1, 200, 178, TRUE, NULL, '2026-08-08 02:17:04.986595', '2026-08-08 02:19:04.987102') RETURNING "id" /*application='RailsProject1'*/[0m
  [1m[36mTRANSACTION (0.1ms)[0m  [1m[35mCOMMIT TRANSACTION /*application='RailsProject1'*/[0m
  [1m[36mTRANSACTION (0.0ms)[0m  [1m[35mBEGIN immediate TRANSACTION /*application='RailsProject1'*/[0m
  [1m[36mCheckLog Create (1.6ms)[0m  [1m[32mINSERT INTO "check_logs" ("service_id", "status_code", "response_time_ms", "success", "error_message", "created_at", "updated_at") VALUES (1, 200, 139, TRUE, NULL, '2026-08-08 02:18:04.990810', '2026-08-08 02:19:04.991160') RETURNING "id" /*application='RailsProject1'*/[0m
  [1m[36mTRANSACTION (0.1ms)[0m  [1m[35mCOMMIT TRANSACTION /*application='RailsProject1'*/[0m
  [1m[36mCheckLog Load (0.2ms)[0m  [1m[34mSELECT "check_logs".* FROM "check_logs" WHERE "check_logs"."service_id" = 1 ORDER BY "check_logs"."created_at" DESC LIMIT 1 /*application='RailsProject1'*/[0m
  [1m[36mTRANSACTION (0.0ms)[0m  [1m[35mBEGIN immediate TRANSACTION /*application='RailsProject1'*/[0m
  [1m[36mService Update (1.4ms)[0m  [1m[33mUPDATE "services" SET "last_checked_at" = '2026-08-08 02:18:04.990810', "last_response_time_ms" = 139, "last_status_code" = 200, "updated_at" = '2026-08-08 02:19:04.997088' WHERE "services"."id" = 1 /*application='RailsProject1'*/[0m
  [1m[36mTRANSACTION (0.1ms)[0m  [1m[35mCOMMIT TRANSACTION /*application='RailsProject1'*/[0m
Using vips to process variants requires the libvips library. Please install libvips using the instructions on the libvips website.
  [1m[36mActiveRecord::SchemaMigration Load (0.5ms)[0m  [1m[34mSELECT "schema_migrations"."version" FROM "schema_migrations" ORDER BY "schema_migrations"."version" ASC /*application='RailsProject1'*/[0m
  [1m[36mService Load (0.6ms)[0m  [1m[34mSELECT "services".* FROM "services" WHERE "services"."name" = 'Core API Gateway' LIMIT 1 /*application='RailsProject1'*/[0m
  [1m[36mCheckLog Exists? (0.4ms)[0m  [1m[34mSELECT 1 AS one FROM "check_logs" WHERE "check_logs"."service_id" = 1 LIMIT 1 /*application='RailsProject1'*/[0m
  [1m[36mService Load (0.7ms)[0m  [1m[34mSELECT "services".* FROM "services" WHERE "services"."name" = 'Authentication & Identity Provider' LIMIT 1 /*application='RailsProject1'*/[0m
  [1m[36mTRANSACTION (0.3ms)[0m  [1m[35mBEGIN immediate TRANSACTION /*application='RailsProject1'*/[0m
  [1m[36mService Create (6.7ms)[0m  [1m[32mINSERT INTO "services" ("name", "description", "url", "http_method", "headers", "request_body", "expected_body_match", "expected_status_code", "timeout_seconds", "check_interval_seconds", "status", "last_checked_at", "last_response_time_ms", "last_status_code", "position", "created_at", "updated_at") VALUES ('Authentication & Identity Provider', 'OAuth2 & JWT Token issuance endpoint', 'https://httpbin.org/post', 'POST', '{
  "Content-Type": "application/json",
  "X-Client-ID": "statuspulse-monitor"
}', '{
  "grant_type": "client_credentials",
  "scope": "read:status"
}', NULL, 200, 10, 30, 'operational', NULL, NULL, NULL, 2, '2026-08-08 02:19:12.391043', '2026-08-08 02:19:12.391043') RETURNING "id" /*application='RailsProject1'*/[0m
  [1m[36mTRANSACTION (44.3ms)[0m  [1m[35mCOMMIT TRANSACTION /*application='RailsProject1'*/[0m
  [1m[36mCheckLog Exists? (0.4ms)[0m  [1m[34mSELECT 1 AS one FROM "check_logs" WHERE "check_logs"."service_id" = 2 LIMIT 1 /*application='RailsProject1'*/[0m
  [1m[36mTRANSACTION (0.2ms)[0m  [1m[35mBEGIN immediate TRANSACTION /*application='RailsProject1'*/[0m
  [1m[36mCheckLog Create (6.9ms)[0m  [1m[32mINSERT INTO "check_logs" ("service_id", "status_code", "response_time_ms", "success", "error_message", "created_at", "updated_at") VALUES (2, 200, 195, TRUE, NULL, '2026-08-08 01:49:12.465700', '2026-08-08 02:19:12.486835') RETURNING "id" /*application='RailsProject1'*/[0m
  [1m[36mTRANSACTION (0.4ms)[0m  [1m[35mCOMMIT TRANSACTION /*application='RailsProject1'*/[0m
  [1m[36mTRANSACTION (0.2ms)[0m  [1m[35mBEGIN immediate TRANSACTION /*application='RailsProject1'*/[0m
  [1m[36mCheckLog Create (6.2ms)[0m  [1m[32mINSERT INTO "check_logs" ("service_id", "status_code", "response_time_ms", "success", "error_message", "created_at", "updated_at") VALUES (2, 200, 63, TRUE, NULL, '2026-08-08 01:50:12.510223', '2026-08-08 02:19:12.512239') RETURNING "id" /*application='RailsProject1'*/[0m
  [1m[36mTRANSACTION (0.6ms)[0m  [1m[35mCOMMIT TRANSACTION /*application='RailsProject1'*/[0m
  [1m[36mTRANSACTION (0.2ms)[0m  [1m[35mBEGIN immediate TRANSACTION /*application='RailsProject1'*/[0m
  [1m[36mCheckLog Create (10.0ms)[0m  [1m[32mINSERT INTO "check_logs" ("service_id", "status_code", "response_time_ms", "success", "error_message", "created_at", "updated_at") VALUES (2, 200, 202, TRUE, NULL, '2026-08-08 01:51:12.532344', '2026-08-08 02:19:12.534668') RETURNING "id" /*application='RailsProject1'*/[0m
  [1m[36mTRANSACTION (0.6ms)[0m  [1m[35mCOMMIT TRANSACTION /*application='RailsProject1'*/[0m
  [1m[36mTRANSACTION (0.2ms)[0m  [1m[35mBEGIN immediate TRANSACTION /*application='RailsProject1'*/[0m
  [1m[36mCheckLog Create (8.7ms)[0m  [1m[32mINSERT INTO "check_logs" ("service_id", "status_code", "response_time_ms", "success", "error_message", "created_at", "updated_at") VALUES (2, 200, 201, TRUE, NULL, '2026-08-08 01:52:12.557009', '2026-08-08 02:19:12.559158') RETURNING "id" /*application='RailsProject1'*/[0m
  [1m[36mTRANSACTION (0.6ms)[0m  [1m[35mCOMMIT TRANSACTION /*application='RailsProject1'*/[0m
  [1m[36mTRANSACTION (0.2ms)[0m  [1m[35mBEGIN immediate TRANSACTION /*application='RailsProject1'*/[0m
  [1m[36mCheckLog Create (6.3ms)[0m  [1m[32mINSERT INTO "check_logs" ("service_id", "status_code", "response_time_ms", "success", "error_message", "created_at", "updated_at") VALUES (2, 200, 50, TRUE, NULL, '2026-08-08 01:53:12.581340', '2026-08-08 02:19:12.585006') RETURNING "id" /*application='RailsProject1'*/[0m
  [1m[36mTRANSACTION (0.5ms)[0m  [1m[35mCOMMIT TRANSACTION /*application='RailsProject1'*/[0m
  [1m[36mTRANSACTION (0.2ms)[0m  [1m[35mBEGIN immediate TRANSACTION /*application='RailsProject1'*/[0m
  [1m[36mCheckLog Create (7.4ms)[0m  [1m[32mINSERT INTO "check_logs" ("service_id", "status_code", "response_time_ms", "success", "error_message", "created_at", "updated_at") VALUES (2, 200, 155, TRUE, NULL, '2026-08-08 01:54:12.603600', '2026-08-08 02:19:12.605371') RETURNING "id" /*application='RailsProject1'*/[0m
  [1m[36mTRANSACTION (0.5ms)[0m  [1m[35mCOMMIT TRANSACTION /*application='RailsProject1'*/[0m
  [1m[36mTRANSACTION (0.2ms)[0m  [1m[35mBEGIN immediate TRANSACTION /*application='RailsProject1'*/[0m
  [1m[36mCheckLog Create (7.2ms)[0m  [1m[32mINSERT INTO "check_logs" ("service_id", "status_code", "response_time_ms", "success", "error_message", "created_at", "updated_at") VALUES (2, 200, 128, TRUE, NULL, '2026-08-08 01:55:12.623760', '2026-08-08 02:19:12.625684') RETURNING "id" /*application='RailsProject1'*/[0m
  [1m[36mTRANSACTION (0.5ms)[0m  [1m[35mCOMMIT TRANSACTION /*application='RailsProject1'*/[0m
  [1m[36mTRANSACTION (0.3ms)[0m  [1m[35mBEGIN immediate TRANSACTION /*application='RailsProject1'*/[0m
  [1m[36mCheckLog Create (7.5ms)[0m  [1m[32mINSERT INTO "check_logs" ("service_id", "status_code", "response_time_ms", "success", "error_message", "created_at", "updated_at") VALUES (2, 200, 70, TRUE, NULL, '2026-08-08 01:56:12.643930', '2026-08-08 02:19:12.645765') RETURNING "id" /*application='RailsProject1'*/[0m
  [1m[36mTRANSACTION (0.5ms)[0m  [1m[35mCOMMIT TRANSACTION /*application='RailsProject1'*/[0m
  [1m[36mTRANSACTION (0.2ms)[0m  [1m[35mBEGIN immediate TRANSACTION /*application='RailsProject1'*/[0m
  [1m[36mCheckLog Create (8.6ms)[0m  [1m[32mINSERT INTO "check_logs" ("service_id", "status_code", "response_time_ms", "success", "error_message", "created_at", "updated_at") VALUES (2, 200, 83, TRUE, NULL, '2026-08-08 01:57:12.664862', '2026-08-08 02:19:12.666680') RETURNING "id" /*application='RailsProject1'*/[0m
  [1m[36mTRANSACTION (0.5ms)[0m  [1m[35mCOMMIT TRANSACTION /*application='RailsProject1'*/[0m
  [1m[36mTRANSACTION (0.2ms)[0m  [1m[35mBEGIN immediate TRANSACTION /*application='RailsProject1'*/[0m
  [1m[36mCheckLog Create (8.4ms)[0m  [1m[32mINSERT INTO "check_logs" ("service_id", "status_code", "response_time_ms", "success", "error_message", "created_at", "updated_at") VALUES (2, 200, 106, TRUE, NULL, '2026-08-08 01:58:12.686432', '2026-08-08 02:19:12.688190') RETURNING "id" /*application='RailsProject1'*/[0m
  [1m[36mTRANSACTION (0.5ms)[0m  [1m[35mCOMMIT TRANSACTION /*application='RailsProject1'*/[0m
  [1m[36mTRANSACTION (0.2ms)[0m  [1m[35mBEGIN immediate TRANSACTION /*application='RailsProject1'*/[0m
  [1m[36mCheckLog Create (7.5ms)[0m  [1m[32mINSERT INTO "check_logs" ("service_id", "status_code", "response_time_ms", "success", "error_message", "created_at", "updated_at") VALUES (2, 200, 48, TRUE, NULL, '2026-08-08 01:59:12.707013', '2026-08-08 02:19:12.708931') RETURNING "id" /*application='RailsProject1'*/[0m
  [1m[36mTRANSACTION (0.5ms)[0m  [1m[35mCOMMIT TRANSACTION /*application='RailsProject1'*/[0m
  [1m[36mTRANSACTION (0.2ms)[0m  [1m[35mBEGIN immediate TRANSACTION /*application='RailsProject1'*/[0m
  [1m[36mCheckLog Create (7.9ms)[0m  [1m[32mINSERT INTO "check_logs" ("service_id", "status_code", "response_time_ms", "success", "error_message", "created_at", "updated_at") VALUES (2, 200, 50, TRUE, NULL, '2026-08-08 02:00:12.727361', '2026-08-08 02:19:12.729459') RETURNING "id" /*application='RailsProject1'*/[0m
  [1m[36mTRANSACTION (0.5ms)[0m  [1m[35mCOMMIT TRANSACTION /*application='RailsProject1'*/[0m
  [1m[36mTRANSACTION (0.2ms)[0m  [1m[35mBEGIN immediate TRANSACTION /*application='RailsProject1'*/[0m
  [1m[36mCheckLog Create (7.7ms)[0m  [1m[32mINSERT INTO "check_logs" ("service_id", "status_code", "response_time_ms", "success", "error_message", "created_at", "updated_at") VALUES (2, 200, 139, TRUE, NULL, '2026-08-08 02:01:12.747616', '2026-08-08 02:19:12.749396') RETURNING "id" /*application='RailsProject1'*/[0m
  [1m[36mTRANSACTION (0.4ms)[0m  [1m[35mCOMMIT TRANSACTION /*application='RailsProject1'*/[0m
  [1m[36mTRANSACTION (0.2ms)[0m  [1m[35mBEGIN immediate TRANSACTION /*application='RailsProject1'*/[0m
  [1m[36mCheckLog Create (10.3ms)[0m  [1m[32mINSERT INTO "check_logs" ("service_id", "status_code", "response_time_ms", "success", "error_message", "created_at", "updated_at") VALUES (2, 200, 208, TRUE, NULL, '2026-08-08 02:02:12.769780', '2026-08-08 02:19:12.772187') RETURNING "id" /*application='RailsProject1'*/[0m
  [1m[36mTRANSACTION (0.4ms)[0m  [1m[35mCOMMIT TRANSACTION /*application='RailsProject1'*/[0m
  [1m[36mTRANSACTION (0.2ms)[0m  [1m[35mBEGIN immediate TRANSACTION /*application='RailsProject1'*/[0m
  [1m[36mCheckLog Create (7.8ms)[0m  [1m[32mINSERT INTO "check_logs" ("service_id", "status_code", "response_time_ms", "success", "error_message", "created_at", "updated_at") VALUES (2, 0, 209, FALSE, 'Connection timeout / HTTP 502 Bad Gateway', '2026-08-08 02:03:12.796681', '2026-08-08 02:19:12.798560') RETURNING "id" /*application='RailsProject1'*/[0m
  [1m[36mTRANSACTION (0.5ms)[0m  [1m[35mCOMMIT TRANSACTION /*application='RailsProject1'*/[0m
  [1m[36mTRANSACTION (0.2ms)[0m  [1m[35mBEGIN immediate TRANSACTION /*application='RailsProject1'*/[0m
  [1m[36mCheckLog Create (7.2ms)[0m  [1m[32mINSERT INTO "check_logs" ("service_id", "status_code", "response_time_ms", "success", "error_message", "created_at", "updated_at") VALUES (2, 200, 46, TRUE, NULL, '2026-08-08 02:04:12.821284', '2026-08-08 02:19:12.823474') RETURNING "id" /*application='RailsProject1'*/[0m
  [1m[36mTRANSACTION (0.4ms)[0m  [1m[35mCOMMIT TRANSACTION /*application='RailsProject1'*/[0m
  [1m[36mTRANSACTION (0.2ms)[0m  [1m[35mBEGIN immediate TRANSACTION /*application='RailsProject1'*/[0m
  [1m[36mCheckLog Create (7.6ms)[0m  [1m[32mINSERT INTO "check_logs" ("service_id", "status_code", "response_time_ms", "success", "error_message", "created_at", "updated_at") VALUES (2, 200, 190, TRUE, NULL, '2026-08-08 02:05:12.841711', '2026-08-08 02:19:12.843512') RETURNING "id" /*application='RailsProject1'*/[0m
  [1m[36mTRANSACTION (0.4ms)[0m  [1m[35mCOMMIT TRANSACTION /*application='RailsProject1'*/[0m
  [1m[36mTRANSACTION (0.2ms)[0m  [1m[35mBEGIN immediate TRANSACTION /*application='RailsProject1'*/[0m
  [1m[36mCheckLog Create (7.4ms)[0m  [1m[32mINSERT INTO "check_logs" ("service_id", "status_code", "response_time_ms", "success", "error_message", "created_at", "updated_at") VALUES (2, 200, 88, TRUE, NULL, '2026-08-08 02:06:12.862499', '2026-08-08 02:19:12.864329') RETURNING "id" /*application='RailsProject1'*/[0m
  [1m[36mTRANSACTION (0.8ms)[0m  [1m[35mCOMMIT TRANSACTION /*application='RailsProject1'*/[0m
  [1m[36mTRANSACTION (0.2ms)[0m  [1m[35mBEGIN immediate TRANSACTION /*application='RailsProject1'*/[0m
  [1m[36mCheckLog Create (10.3ms)[0m  [1m[32mINSERT INTO "check_logs" ("service_id", "status_code", "response_time_ms", "success", "error_message", "created_at", "updated_at") VALUES (2, 200, 49, TRUE, NULL, '2026-08-08 02:07:12.886647', '2026-08-08 02:19:12.889166') RETURNING "id" /*application='RailsProject1'*/[0m
  [1m[36mTRANSACTION (0.5ms)[0m  [1m[35mCOMMIT TRANSACTION /*application='RailsProject1'*/[0m
  [1m[36mTRANSACTION (0.2ms)[0m  [1m[35mBEGIN immediate TRANSACTION /*application='RailsProject1'*/[0m
  [1m[36mCheckLog Create (7.2ms)[0m  [1m[32mINSERT INTO "check_logs" ("service_id", "status_code", "response_time_ms", "success", "error_message", "created_at", "updated_at") VALUES (2, 200, 73, TRUE, NULL, '2026-08-08 02:08:12.914971', '2026-08-08 02:19:12.917523') RETURNING "id" /*application='RailsProject1'*/[0m
  [1m[36mTRANSACTION (0.4ms)[0m  [1m[35mCOMMIT TRANSACTION /*application='RailsProject1'*/[0m
  [1m[36mTRANSACTION (0.2ms)[0m  [1m[35mBEGIN immediate TRANSACTION /*application='RailsProject1'*/[0m
  [1m[36mCheckLog Create (6.5ms)[0m  [1m[32mINSERT INTO "check_logs" ("service_id", "status_code", "response_time_ms", "success", "error_message", "created_at", "updated_at") VALUES (2, 200, 111, TRUE, NULL, '2026-08-08 02:09:12.936371', '2026-08-08 02:19:12.938565') RETURNING "id" /*application='RailsProject1'*/[0m
  [1m[36mTRANSACTION (0.4ms)[0m  [1m[35mCOMMIT TRANSACTION /*application='RailsProject1'*/[0m
  [1m[36mTRANSACTION (0.2ms)[0m  [1m[35mBEGIN immediate TRANSACTION /*application='RailsProject1'*/[0m
  [1m[36mCheckLog Create (6.8ms)[0m  [1m[32mINSERT INTO "check_logs" ("service_id", "status_code", "response_time_ms", "success", "error_message", "created_at", "updated_at") VALUES (2, 200, 46, TRUE, NULL, '2026-08-08 02:10:12.954950', '2026-08-08 02:19:12.957241') RETURNING "id" /*application='RailsProject1'*/[0m
  [1m[36mTRANSACTION (0.5ms)[0m  [1m[35mCOMMIT TRANSACTION /*application='RailsProject1'*/[0m
  [1m[36mTRANSACTION (0.2ms)[0m  [1m[35mBEGIN immediate TRANSACTION /*application='RailsProject1'*/[0m
  [1m[36mCheckLog Create (9.8ms)[0m  [1m[32mINSERT INTO "check_logs" ("service_id", "status_code", "response_time_ms", "success", "error_message", "created_at", "updated_at") VALUES (2, 200, 45, TRUE, NULL, '2026-08-08 02:11:12.975449', '2026-08-08 02:19:12.977774') RETURNING "id" /*application='RailsProject1'*/[0m
  [1m[36mTRANSACTION (0.4ms)[0m  [1m[35mCOMMIT TRANSACTION /*application='RailsProject1'*/[0m
  [1m[36mTRANSACTION (0.2ms)[0m  [1m[35mBEGIN immediate TRANSACTION /*application='RailsProject1'*/[0m
  [1m[36mCheckLog Create (6.8ms)[0m  [1m[32mINSERT INTO "check_logs" ("service_id", "status_code", "response_time_ms", "success", "error_message", "created_at", "updated_at") VALUES (2, 200, 173, TRUE, NULL, '2026-08-08 02:12:13.000463', '2026-08-08 02:19:13.002315') RETURNING "id" /*application='RailsProject1'*/[0m
  [1m[36mTRANSACTION (0.4ms)[0m  [1m[35mCOMMIT TRANSACTION /*application='RailsProject1'*/[0m
  [1m[36mTRANSACTION (0.2ms)[0m  [1m[35mBEGIN immediate TRANSACTION /*application='RailsProject1'*/[0m
  [1m[36mCheckLog Create (6.9ms)[0m  [1m[32mINSERT INTO "check_logs" ("service_id", "status_code", "response_time_ms", "success", "error_message", "created_at", "updated_at") VALUES (2, 200, 133, TRUE, NULL, '2026-08-08 02:13:13.019020', '2026-08-08 02:19:13.020763') RETURNING "id" /*application='RailsProject1'*/[0m
  [1m[36mTRANSACTION (0.4ms)[0m  [1m[35mCOMMIT TRANSACTION /*application='RailsProject1'*/[0m
  [1m[36mTRANSACTION (0.2ms)[0m  [1m[35mBEGIN immediate TRANSACTION /*application='RailsProject1'*/[0m
  [1m[36mCheckLog Create (7.4ms)[0m  [1m[32mINSERT INTO "check_logs" ("service_id", "status_code", "response_time_ms", "success", "error_message", "created_at", "updated_at") VALUES (2, 200, 210, TRUE, NULL, '2026-08-08 02:14:13.037726', '2026-08-08 02:19:13.039792') RETURNING "id" /*application='RailsProject1'*/[0m
  [1m[36mTRANSACTION (0.4ms)[0m  [1m[35mCOMMIT TRANSACTION /*application='RailsProject1'*/[0m
  [1m[36mTRANSACTION (0.2ms)[0m  [1m[35mBEGIN immediate TRANSACTION /*application='RailsProject1'*/[0m
  [1m[36mCheckLog Create (8.5ms)[0m  [1m[32mINSERT INTO "check_logs" ("service_id", "status_code", "response_time_ms", "success", "error_message", "created_at", "updated_at") VALUES (2, 200, 194, TRUE, NULL, '2026-08-08 02:15:13.056816', '2026-08-08 02:19:13.058491') RETURNING "id" /*application='RailsProject1'*/[0m
  [1m[36mTRANSACTION (0.6ms)[0m  [1m[35mCOMMIT TRANSACTION /*application='RailsProject1'*/[0m
  [1m[36mTRANSACTION (0.2ms)[0m  [1m[35mBEGIN immediate TRANSACTION /*application='RailsProject1'*/[0m
  [1m[36mCheckLog Create (8.8ms)[0m  [1m[32mINSERT INTO "check_logs" ("service_id", "status_code", "response_time_ms", "success", "error_message", "created_at", "updated_at") VALUES (2, 200, 170, TRUE, NULL, '2026-08-08 02:16:13.078022', '2026-08-08 02:19:13.080025') RETURNING "id" /*application='RailsProject1'*/[0m
  [1m[36mTRANSACTION (0.5ms)[0m  [1m[35mCOMMIT TRANSACTION /*application='RailsProject1'*/[0m
  [1m[36mTRANSACTION (0.2ms)[0m  [1m[35mBEGIN immediate TRANSACTION /*application='RailsProject1'*/[0m
  [1m[36mCheckLog Create (6.4ms)[0m  [1m[32mINSERT INTO "check_logs" ("service_id", "status_code", "response_time_ms", "success", "error_message", "created_at", "updated_at") VALUES (2, 200, 204, TRUE, NULL, '2026-08-08 02:17:13.104899', '2026-08-08 02:19:13.106651') RETURNING "id" /*application='RailsProject1'*/[0m
  [1m[36mTRANSACTION (0.4ms)[0m  [1m[35mCOMMIT TRANSACTION /*application='RailsProject1'*/[0m
  [1m[36mTRANSACTION (0.2ms)[0m  [1m[35mBEGIN immediate TRANSACTION /*application='RailsProject1'*/[0m
  [1m[36mCheckLog Create (6.0ms)[0m  [1m[32mINSERT INTO "check_logs" ("service_id", "status_code", "response_time_ms", "success", "error_message", "created_at", "updated_at") VALUES (2, 200, 65, TRUE, NULL, '2026-08-08 02:18:13.123397', '2026-08-08 02:19:13.125085') RETURNING "id" /*application='RailsProject1'*/[0m
  [1m[36mTRANSACTION (0.4ms)[0m  [1m[35mCOMMIT TRANSACTION /*application='RailsProject1'*/[0m
  [1m[36mCheckLog Load (1.0ms)[0m  [1m[34mSELECT "check_logs".* FROM "check_logs" WHERE "check_logs"."service_id" = 2 ORDER BY "check_logs"."created_at" DESC LIMIT 1 /*application='RailsProject1'*/[0m
  [1m[36mService Update (0.3ms)[0m  [1m[33mUPDATE "services" SET "last_checked_at" = '2026-08-08 02:18:13.123397', "last_response_time_ms" = 65, "last_status_code" = 200 WHERE "services"."id" = 2 /*application='RailsProject1'*/[0m
  [1m[36mService Load (0.4ms)[0m  [1m[34mSELECT "services".* FROM "services" WHERE "services"."name" = 'Payment Processing Engine' LIMIT 1 /*application='RailsProject1'*/[0m
  [1m[36mTRANSACTION (0.2ms)[0m  [1m[35mBEGIN immediate TRANSACTION /*application='RailsProject1'*/[0m
  [1m[36mService Create (6.9ms)[0m  [1m[32mINSERT INTO "services" ("name", "description", "url", "http_method", "headers", "request_body", "expected_body_match", "expected_status_code", "timeout_seconds", "check_interval_seconds", "status", "last_checked_at", "last_response_time_ms", "last_status_code", "position", "created_at", "updated_at") VALUES ('Payment Processing Engine', 'Stripe & Webhook ingestion engine', 'https://httpbin.org/status/200', 'GET', NULL, NULL, NULL, 200, 10, 60, 'operational', NULL, NULL, NULL, 3, '2026-08-08 02:19:13.157736', '2026-08-08 02:19:13.157736') RETURNING "id" /*application='RailsProject1'*/[0m
  [1m[36mTRANSACTION (0.3ms)[0m  [1m[35mCOMMIT TRANSACTION /*application='RailsProject1'*/[0m
  [1m[36mCheckLog Exists? (0.4ms)[0m  [1m[34mSELECT 1 AS one FROM "check_logs" WHERE "check_logs"."service_id" = 3 LIMIT 1 /*application='RailsProject1'*/[0m
  [1m[36mTRANSACTION (0.2ms)[0m  [1m[35mBEGIN immediate TRANSACTION /*application='RailsProject1'*/[0m
  [1m[36mCheckLog Create (7.1ms)[0m  [1m[32mINSERT INTO "check_logs" ("service_id", "status_code", "response_time_ms", "success", "error_message", "created_at", "updated_at") VALUES (3, 200, 66, TRUE, NULL, '2026-08-08 01:49:13.182052', '2026-08-08 02:19:13.184691') RETURNING "id" /*application='RailsProject1'*/[0m
  [1m[36mTRANSACTION (0.5ms)[0m  [1m[35mCOMMIT TRANSACTION /*application='RailsProject1'*/[0m
  [1m[36mTRANSACTION (0.2ms)[0m  [1m[35mBEGIN immediate TRANSACTION /*application='RailsProject1'*/[0m
  [1m[36mCheckLog Create (6.9ms)[0m  [1m[32mINSERT INTO "check_logs" ("service_id", "status_code", "response_time_ms", "success", "error_message", "created_at", "updated_at") VALUES (3, 200, 116, TRUE, NULL, '2026-08-08 01:50:13.206164', '2026-08-08 02:19:13.207952') RETURNING "id" /*application='RailsProject1'*/[0m
  [1m[36mTRANSACTION (0.5ms)[0m  [1m[35mCOMMIT TRANSACTION /*application='RailsProject1'*/[0m
  [1m[36mTRANSACTION (0.2ms)[0m  [1m[35mBEGIN immediate TRANSACTION /*application='RailsProject1'*/[0m
  [1m[36mCheckLog Create (29.2ms)[0m  [1m[32mINSERT INTO "check_logs" ("service_id", "status_code", "response_time_ms", "success", "error_message", "created_at", "updated_at") VALUES (3, 200, 87, TRUE, NULL, '2026-08-08 01:51:13.237571', '2026-08-08 02:19:13.239572') RETURNING "id" /*application='RailsProject1'*/[0m
  [1m[36mTRANSACTION (0.6ms)[0m  [1m[35mCOMMIT TRANSACTION /*application='RailsProject1'*/[0m
  [1m[36mTRANSACTION (0.2ms)[0m  [1m[35mBEGIN immediate TRANSACTION /*application='RailsProject1'*/[0m
  [1m[36mCheckLog Create (24.1ms)[0m  [1m[32mINSERT INTO "check_logs" ("service_id", "status_code", "response_time_ms", "success", "error_message", "created_at", "updated_at") VALUES (3, 200, 135, TRUE, NULL, '2026-08-08 01:52:13.306783', '2026-08-08 02:19:13.311418') RETURNING "id" /*application='RailsProject1'*/[0m
  [1m[36mTRANSACTION (0.7ms)[0m  [1m[35mCOMMIT TRANSACTION /*application='RailsProject1'*/[0m
  [1m[36mTRANSACTION (0.2ms)[0m  [1m[35mBEGIN immediate TRANSACTION /*application='RailsProject1'*/[0m
  [1m[36mCheckLog Create (5.5ms)[0m  [1m[32mINSERT INTO "check_logs" ("service_id", "status_code", "response_time_ms", "success", "error_message", "created_at", "updated_at") VALUES (3, 200, 158, TRUE, NULL, '2026-08-08 01:53:13.397681', '2026-08-08 02:19:13.399473') RETURNING "id" /*application='RailsProject1'*/[0m
  [1m[36mTRANSACTION (0.5ms)[0m  [1m[35mCOMMIT TRANSACTION /*application='RailsProject1'*/[0m
  [1m[36mTRANSACTION (0.2ms)[0m  [1m[35mBEGIN immediate TRANSACTION /*application='RailsProject1'*/[0m
  [1m[36mCheckLog Create (6.1ms)[0m  [1m[32mINSERT INTO "check_logs" ("service_id", "status_code", "response_time_ms", "success", "error_message", "created_at", "updated_at") VALUES (3, 200, 154, TRUE, NULL, '2026-08-08 01:54:13.418040', '2026-08-08 02:19:13.419859') RETURNING "id" /*application='RailsProject1'*/[0m
  [1m[36mTRANSACTION (0.4ms)[0m  [1m[35mCOMMIT TRANSACTION /*application='RailsProject1'*/[0m
  [1m[36mTRANSACTION (0.2ms)[0m  [1m[35mBEGIN immediate TRANSACTION /*application='RailsProject1'*/[0m
  [1m[36mCheckLog Create (5.8ms)[0m  [1m[32mINSERT INTO "check_logs" ("service_id", "status_code", "response_time_ms", "success", "error_message", "created_at", "updated_at") VALUES (3, 200, 82, TRUE, NULL, '2026-08-08 01:55:13.441514', '2026-08-08 02:19:13.443088') RETURNING "id" /*application='RailsProject1'*/[0m
  [1m[36mTRANSACTION (0.6ms)[0m  [1m[35mCOMMIT TRANSACTION /*application='RailsProject1'*/[0m
  [1m[36mTRANSACTION (0.2ms)[0m  [1m[35mBEGIN immediate TRANSACTION /*application='RailsProject1'*/[0m
  [1m[36mCheckLog Create (9.9ms)[0m  [1m[32mINSERT INTO "check_logs" ("service_id", "status_code", "response_time_ms", "success", "error_message", "created_at", "updated_at") VALUES (3, 200, 174, TRUE, NULL, '2026-08-08 01:56:13.464496', '2026-08-08 02:19:13.466170') RETURNING "id" /*application='RailsProject1'*/[0m
  [1m[36mTRANSACTION (0.4ms)[0m  [1m[35mCOMMIT TRANSACTION /*application='RailsProject1'*/[0m
  [1m[36mTRANSACTION (0.2ms)[0m  [1m[35mBEGIN immediate TRANSACTION /*application='RailsProject1'*/[0m
  [1m[36mCheckLog Create (6.6ms)[0m  [1m[32mINSERT INTO "check_logs" ("service_id", "status_code", "response_time_ms", "success", "error_message", "created_at", "updated_at") VALUES (3, 200, 146, TRUE, NULL, '2026-08-08 01:57:13.493355', '2026-08-08 02:19:13.495247') RETURNING "id" /*application='RailsProject1'*/[0m
  [1m[36mTRANSACTION (0.3ms)[0m  [1m[35mCOMMIT TRANSACTION /*application='RailsProject1'*/[0m
  [1m[36mTRANSACTION (0.2ms)[0m  [1m[35mBEGIN immediate TRANSACTION /*application='RailsProject1'*/[0m
  [1m[36mCheckLog Create (5.7ms)[0m  [1m[32mINSERT INTO "check_logs" ("service_id", "status_code", "response_time_ms", "success", "error_message", "created_at", "updated_at") VALUES (3, 200, 53, TRUE, NULL, '2026-08-08 01:58:13.512584', '2026-08-08 02:19:13.514229') RETURNING "id" /*application='RailsProject1'*/[0m
  [1m[36mTRANSACTION (0.4ms)[0m  [1m[35mCOMMIT TRANSACTION /*application='RailsProject1'*/[0m
  [1m[36mTRANSACTION (0.2ms)[0m  [1m[35mBEGIN immediate TRANSACTION /*application='RailsProject1'*/[0m
  [1m[36mCheckLog Create (8.8ms)[0m  [1m[32mINSERT INTO "check_logs" ("service_id", "status_code", "response_time_ms", "success", "error_message", "created_at", "updated_at") VALUES (3, 200, 149, TRUE, NULL, '2026-08-08 01:59:13.530047', '2026-08-08 02:19:13.531630') RETURNING "id" /*application='RailsProject1'*/[0m
  [1m[36mTRANSACTION (0.4ms)[0m  [1m[35mCOMMIT TRANSACTION /*application='RailsProject1'*/[0m
  [1m[36mTRANSACTION (0.2ms)[0m  [1m[35mBEGIN immediate TRANSACTION /*application='RailsProject1'*/[0m
  [1m[36mCheckLog Create (5.7ms)[0m  [1m[32mINSERT INTO "check_logs" ("service_id", "status_code", "response_time_ms", "success", "error_message", "created_at", "updated_at") VALUES (3, 200, 114, TRUE, NULL, '2026-08-08 02:00:13.550588', '2026-08-08 02:19:13.552140') RETURNING "id" /*application='RailsProject1'*/[0m
  [1m[36mTRANSACTION (0.4ms)[0m  [1m[35mCOMMIT TRANSACTION /*application='RailsProject1'*/[0m
  [1m[36mTRANSACTION (0.2ms)[0m  [1m[35mBEGIN immediate TRANSACTION /*application='RailsProject1'*/[0m
  [1m[36mCheckLog Create (5.4ms)[0m  [1m[32mINSERT INTO "check_logs" ("service_id", "status_code", "response_time_ms", "success", "error_message", "created_at", "updated_at") VALUES (3, 200, 67, TRUE, NULL, '2026-08-08 02:01:13.568092', '2026-08-08 02:19:13.569809') RETURNING "id" /*application='RailsProject1'*/[0m
  [1m[36mTRANSACTION (0.4ms)[0m  [1m[35mCOMMIT TRANSACTION /*application='RailsProject1'*/[0m
  [1m[36mTRANSACTION (0.2ms)[0m  [1m[35mBEGIN immediate TRANSACTION /*application='RailsProject1'*/[0m
  [1m[36mCheckLog Create (5.7ms)[0m  [1m[32mINSERT INTO "check_logs" ("service_id", "status_code", "response_time_ms", "success", "error_message", "created_at", "updated_at") VALUES (3, 200, 162, TRUE, NULL, '2026-08-08 02:02:13.588373', '2026-08-08 02:19:13.590078') RETURNING "id" /*application='RailsProject1'*/[0m
  [1m[36mTRANSACTION (0.4ms)[0m  [1m[35mCOMMIT TRANSACTION /*application='RailsProject1'*/[0m
  [1m[36mTRANSACTION (0.2ms)[0m  [1m[35mBEGIN immediate TRANSACTION /*application='RailsProject1'*/[0m
  [1m[36mCheckLog Create (6.1ms)[0m  [1m[32mINSERT INTO "check_logs" ("service_id", "status_code", "response_time_ms", "success", "error_message", "created_at", "updated_at") VALUES (3, 200, 174, TRUE, NULL, '2026-08-08 02:03:13.605716', '2026-08-08 02:19:13.607510') RETURNING "id" /*application='RailsProject1'*/[0m
  [1m[36mTRANSACTION (0.4ms)[0m  [1m[35mCOMMIT TRANSACTION /*application='RailsProject1'*/[0m
  [1m[36mTRANSACTION (0.2ms)[0m  [1m[35mBEGIN immediate TRANSACTION /*application='RailsProject1'*/[0m
  [1m[36mCheckLog Create (6.9ms)[0m  [1m[32mINSERT INTO "check_logs" ("service_id", "status_code", "response_time_ms", "success", "error_message", "created_at", "updated_at") VALUES (3, 200, 78, TRUE, NULL, '2026-08-08 02:04:13.623679', '2026-08-08 02:19:13.625519') RETURNING "id" /*application='RailsProject1'*/[0m
  [1m[36mTRANSACTION (0.4ms)[0m  [1m[35mCOMMIT TRANSACTION /*application='RailsProject1'*/[0m
  [1m[36mTRANSACTION (0.3ms)[0m  [1m[35mBEGIN immediate TRANSACTION /*application='RailsProject1'*/[0m
  [1m[36mCheckLog Create (7.5ms)[0m  [1m[32mINSERT INTO "check_logs" ("service_id", "status_code", "response_time_ms", "success", "error_message", "created_at", "updated_at") VALUES (3, 200, 108, TRUE, NULL, '2026-08-08 02:05:13.646324', '2026-08-08 02:19:13.648482') RETURNING "id" /*application='RailsProject1'*/[0m
  [1m[36mTRANSACTION (0.4ms)[0m  [1m[35mCOMMIT TRANSACTION /*application='RailsProject1'*/[0m
  [1m[36mTRANSACTION (0.2ms)[0m  [1m[35mBEGIN immediate TRANSACTION /*application='RailsProject1'*/[0m
  [1m[36mCheckLog Create (6.4ms)[0m  [1m[32mINSERT INTO "check_logs" ("service_id", "status_code", "response_time_ms", "success", "error_message", "created_at", "updated_at") VALUES (3, 200, 92, TRUE, NULL, '2026-08-08 02:06:13.666258', '2026-08-08 02:19:13.668050') RETURNING "id" /*application='RailsProject1'*/[0m
  [1m[36mTRANSACTION (0.4ms)[0m  [1m[35mCOMMIT TRANSACTION /*application='RailsProject1'*/[0m
  [1m[36mTRANSACTION (0.2ms)[0m  [1m[35mBEGIN immediate TRANSACTION /*application='RailsProject1'*/[0m
  [1m[36mCheckLog Create (8.5ms)[0m  [1m[32mINSERT INTO "check_logs" ("service_id", "status_code", "response_time_ms", "success", "error_message", "created_at", "updated_at") VALUES (3, 200, 135, TRUE, NULL, '2026-08-08 02:07:13.687584', '2026-08-08 02:19:13.689263') RETURNING "id" /*application='RailsProject1'*/[0m
  [1m[36mTRANSACTION (0.5ms)[0m  [1m[35mCOMMIT TRANSACTION /*application='RailsProject1'*/[0m
  [1m[36mTRANSACTION (0.3ms)[0m  [1m[35mBEGIN immediate TRANSACTION /*application='RailsProject1'*/[0m
  [1m[36mCheckLog Create (7.0ms)[0m  [1m[32mINSERT INTO "check_logs" ("service_id", "status_code", "response_time_ms", "success", "error_message", "created_at", "updated_at") VALUES (3, 200, 108, TRUE, NULL, '2026-08-08 02:08:13.712491', '2026-08-08 02:19:13.715002') RETURNING "id" /*application='RailsProject1'*/[0m
  [1m[36mTRANSACTION (0.5ms)[0m  [1m[35mCOMMIT TRANSACTION /*application='RailsProject1'*/[0m
  [1m[36mTRANSACTION (0.3ms)[0m  [1m[35mBEGIN immediate TRANSACTION /*application='RailsProject1'*/[0m
  [1m[36mCheckLog Create (7.8ms)[0m  [1m[32mINSERT INTO "check_logs" ("service_id", "status_code", "response_time_ms", "success", "error_message", "created_at", "updated_at") VALUES (3, 200, 191, TRUE, NULL, '2026-08-08 02:09:13.736684', '2026-08-08 02:19:13.738559') RETURNING "id" /*application='RailsProject1'*/[0m
  [1m[36mTRANSACTION (0.5ms)[0m  [1m[35mCOMMIT TRANSACTION /*application='RailsProject1'*/[0m
  [1m[36mTRANSACTION (0.2ms)[0m  [1m[35mBEGIN immediate TRANSACTION /*application='RailsProject1'*/[0m
  [1m[36mCheckLog Create (7.2ms)[0m  [1m[32mINSERT INTO "check_logs" ("service_id", "status_code", "response_time_ms", "success", "error_message", "created_at", "updated_at") VALUES (3, 200, 99, TRUE, NULL, '2026-08-08 02:10:13.756993', '2026-08-08 02:19:13.758942') RETURNING "id" /*application='RailsProject1'*/[0m
  [1m[36mTRANSACTION (0.6ms)[0m  [1m[35mCOMMIT TRANSACTION /*application='RailsProject1'*/[0m
  [1m[36mTRANSACTION (0.2ms)[0m  [1m[35mBEGIN immediate TRANSACTION /*application='RailsProject1'*/[0m
  [1m[36mCheckLog Create (11.6ms)[0m  [1m[32mINSERT INTO "check_logs" ("service_id", "status_code", "response_time_ms", "success", "error_message", "created_at", "updated_at") VALUES (3, 200, 169, TRUE, NULL, '2026-08-08 02:11:13.776391', '2026-08-08 02:19:13.778325') RETURNING "id" /*application='RailsProject1'*/[0m
  [1m[36mTRANSACTION (0.6ms)[0m  [1m[35mCOMMIT TRANSACTION /*application='RailsProject1'*/[0m
  [1m[36mTRANSACTION (0.2ms)[0m  [1m[35mBEGIN immediate TRANSACTION /*application='RailsProject1'*/[0m
  [1m[36mCheckLog Create (6.7ms)[0m  [1m[32mINSERT INTO "check_logs" ("service_id", "status_code", "response_time_ms", "success", "error_message", "created_at", "updated_at") VALUES (3, 200, 102, TRUE, NULL, '2026-08-08 02:12:13.802279', '2026-08-08 02:19:13.804272') RETURNING "id" /*application='RailsProject1'*/[0m
  [1m[36mTRANSACTION (0.5ms)[0m  [1m[35mCOMMIT TRANSACTION /*application='RailsProject1'*/[0m
  [1m[36mTRANSACTION (0.0ms)[0m  [1m[35mBEGIN immediate TRANSACTION /*application='RailsProject1'*/[0m
  [1m[36mCheckLog Create (1.7ms)[0m  [1m[32mINSERT INTO "check_logs" ("service_id", "status_code", "response_time_ms", "success", "error_message", "created_at", "updated_at") VALUES (3, 200, 187, TRUE, NULL, '2026-08-08 02:13:13.818566', '2026-08-08 02:19:13.819181') RETURNING "id" /*application='RailsProject1'*/[0m
  [1m[36mTRANSACTION (0.1ms)[0m  [1m[35mCOMMIT TRANSACTION /*application='RailsProject1'*/[0m
  [1m[36mTRANSACTION (0.0ms)[0m  [1m[35mBEGIN immediate TRANSACTION /*application='RailsProject1'*/[0m
  [1m[36mCheckLog Create (1.1ms)[0m  [1m[32mINSERT INTO "check_logs" ("service_id", "status_code", "response_time_ms", "success", "error_message", "created_at", "updated_at") VALUES (3, 200, 132, TRUE, NULL, '2026-08-08 02:14:13.824246', '2026-08-08 02:19:13.824711') RETURNING "id" /*application='RailsProject1'*/[0m
  [1m[36mTRANSACTION (0.1ms)[0m  [1m[35mCOMMIT TRANSACTION /*application='RailsProject1'*/[0m
  [1m[36mTRANSACTION (0.0ms)[0m  [1m[35mBEGIN immediate TRANSACTION /*application='RailsProject1'*/[0m
  [1m[36mCheckLog Create (1.1ms)[0m  [1m[32mINSERT INTO "check_logs" ("service_id", "status_code", "response_time_ms", "success", "error_message", "created_at", "updated_at") VALUES (3, 200, 182, TRUE, NULL, '2026-08-08 02:15:13.827752', '2026-08-08 02:19:13.828080') RETURNING "id" /*application='RailsProject1'*/[0m
  [1m[36mTRANSACTION (0.1ms)[0m  [1m[35mCOMMIT TRANSACTION /*application='RailsProject1'*/[0m
  [1m[36mTRANSACTION (0.1ms)[0m  [1m[35mBEGIN immediate TRANSACTION /*application='RailsProject1'*/[0m
  [1m[36mCheckLog Create (1.5ms)[0m  [1m[32mINSERT INTO "check_logs" ("service_id", "status_code", "response_time_ms", "success", "error_message", "created_at", "updated_at") VALUES (3, 200, 104, TRUE, NULL, '2026-08-08 02:16:13.833385', '2026-08-08 02:19:13.833928') RETURNING "id" /*application='RailsProject1'*/[0m
  [1m[36mTRANSACTION (0.1ms)[0m  [1m[35mCOMMIT TRANSACTION /*application='RailsProject1'*/[0m
  [1m[36mTRANSACTION (0.0ms)[0m  [1m[35mBEGIN immediate TRANSACTION /*application='RailsProject1'*/[0m
  [1m[36mCheckLog Create (1.1ms)[0m  [1m[32mINSERT INTO "check_logs" ("service_id", "status_code", "response_time_ms", "success", "error_message", "created_at", "updated_at") VALUES (3, 500, 158, FALSE, 'Connection timeout / HTTP 502 Bad Gateway', '2026-08-08 02:17:13.837922', '2026-08-08 02:19:13.838378') RETURNING "id" /*application='RailsProject1'*/[0m
  [1m[36mTRANSACTION (0.1ms)[0m  [1m[35mCOMMIT TRANSACTION /*application='RailsProject1'*/[0m
  [1m[36mTRANSACTION (0.0ms)[0m  [1m[35mBEGIN immediate TRANSACTION /*application='RailsProject1'*/[0m
  [1m[36mCheckLog Create (1.1ms)[0m  [1m[32mINSERT INTO "check_logs" ("service_id", "status_code", "response_time_ms", "success", "error_message", "created_at", "updated_at") VALUES (3, 200, 117, TRUE, NULL, '2026-08-08 02:18:13.841337', '2026-08-08 02:19:13.841636') RETURNING "id" /*application='RailsProject1'*/[0m
  [1m[36mTRANSACTION (0.1ms)[0m  [1m[35mCOMMIT TRANSACTION /*application='RailsProject1'*/[0m
  [1m[36mCheckLog Load (0.1ms)[0m  [1m[34mSELECT "check_logs".* FROM "check_logs" WHERE "check_logs"."service_id" = 3 ORDER BY "check_logs"."created_at" DESC LIMIT 1 /*application='RailsProject1'*/[0m
  [1m[36mService Update (0.1ms)[0m  [1m[33mUPDATE "services" SET "last_checked_at" = '2026-08-08 02:18:13.841337', "last_response_time_ms" = 117, "last_status_code" = 200 WHERE "services"."id" = 3 /*application='RailsProject1'*/[0m
  [1m[36mService Load (0.1ms)[0m  [1m[34mSELECT "services".* FROM "services" WHERE "services"."name" = 'CDN & Static Media Edge' LIMIT 1 /*application='RailsProject1'*/[0m
  [1m[36mTRANSACTION (0.1ms)[0m  [1m[35mBEGIN immediate TRANSACTION /*application='RailsProject1'*/[0m
  [1m[36mService Create (1.9ms)[0m  [1m[32mINSERT INTO "services" ("name", "description", "url", "http_method", "headers", "request_body", "expected_body_match", "expected_status_code", "timeout_seconds", "check_interval_seconds", "status", "last_checked_at", "last_response_time_ms", "last_status_code", "position", "created_at", "updated_at") VALUES ('CDN & Static Media Edge', 'Global Cloudflare assets & image optimization proxy', 'https://httpbin.org/headers', 'GET', 'Accept: application/json
Cache-Control: no-cache', NULL, 'headers', 200, 10, 120, 'operational', NULL, NULL, NULL, 4, '2026-08-08 02:19:13.848682', '2026-08-08 02:19:13.848682') RETURNING "id" /*application='RailsProject1'*/[0m
  [1m[36mTRANSACTION (0.1ms)[0m  [1m[35mCOMMIT TRANSACTION /*application='RailsProject1'*/[0m
  [1m[36mCheckLog Exists? (0.1ms)[0m  [1m[34mSELECT 1 AS one FROM "check_logs" WHERE "check_logs"."service_id" = 4 LIMIT 1 /*application='RailsProject1'*/[0m
  [1m[36mTRANSACTION (0.0ms)[0m  [1m[35mBEGIN immediate TRANSACTION /*application='RailsProject1'*/[0m
  [1m[36mCheckLog Create (1.4ms)[0m  [1m[32mINSERT INTO "check_logs" ("service_id", "status_code", "response_time_ms", "success", "error_message", "created_at", "updated_at") VALUES (4, 200, 148, TRUE, NULL, '2026-08-08 01:49:13.855165', '2026-08-08 02:19:13.855723') RETURNING "id" /*application='RailsProject1'*/[0m
  [1m[36mTRANSACTION (0.1ms)[0m  [1m[35mCOMMIT TRANSACTION /*application='RailsProject1'*/[0m
  [1m[36mTRANSACTION (0.1ms)[0m  [1m[35mBEGIN immediate TRANSACTION /*application='RailsProject1'*/[0m
  [1m[36mCheckLog Create (1.7ms)[0m  [1m[32mINSERT INTO "check_logs" ("service_id", "status_code", "response_time_ms", "success", "error_message", "created_at", "updated_at") VALUES (4, 200, 85, TRUE, NULL, '2026-08-08 01:50:13.859859', '2026-08-08 02:19:13.860454') RETURNING "id" /*application='RailsProject1'*/[0m
  [1m[36mTRANSACTION (0.2ms)[0m  [1m[35mCOMMIT TRANSACTION /*application='RailsProject1'*/[0m
  [1m[36mTRANSACTION (0.1ms)[0m  [1m[35mBEGIN immediate TRANSACTION /*application='RailsProject1'*/[0m
  [1m[36mCheckLog Create (2.1ms)[0m  [1m[32mINSERT INTO "check_logs" ("service_id", "status_code", "response_time_ms", "success", "error_message", "created_at", "updated_at") VALUES (4, 200, 63, TRUE, NULL, '2026-08-08 01:51:13.866123', '2026-08-08 02:19:13.867173') RETURNING "id" /*application='RailsProject1'*/[0m
  [1m[36mTRANSACTION (0.2ms)[0m  [1m[35mCOMMIT TRANSACTION /*application='RailsProject1'*/[0m
  [1m[36mTRANSACTION (0.1ms)[0m  [1m[35mBEGIN immediate TRANSACTION /*application='RailsProject1'*/[0m
  [1m[36mCheckLog Create (1.6ms)[0m  [1m[32mINSERT INTO "check_logs" ("service_id", "status_code", "response_time_ms", "success", "error_message", "created_at", "updated_at") VALUES (4, 200, 91, TRUE, NULL, '2026-08-08 01:52:13.873313', '2026-08-08 02:19:13.873848') RETURNING "id" /*application='RailsProject1'*/[0m
  [1m[36mTRANSACTION (0.1ms)[0m  [1m[35mCOMMIT TRANSACTION /*application='RailsProject1'*/[0m
  [1m[36mTRANSACTION (0.1ms)[0m  [1m[35mBEGIN immediate TRANSACTION /*application='RailsProject1'*/[0m
  [1m[36mCheckLog Create (1.4ms)[0m  [1m[32mINSERT INTO "check_logs" ("service_id", "status_code", "response_time_ms", "success", "error_message", "created_at", "updated_at") VALUES (4, 200, 132, TRUE, NULL, '2026-08-08 01:53:13.878206', '2026-08-08 02:19:13.878935') RETURNING "id" /*application='RailsProject1'*/[0m
  [1m[36mTRANSACTION (0.1ms)[0m  [1m[35mCOMMIT TRANSACTION /*application='RailsProject1'*/[0m
  [1m[36mTRANSACTION (0.1ms)[0m  [1m[35mBEGIN immediate TRANSACTION /*application='RailsProject1'*/[0m
  [1m[36mCheckLog Create (2.6ms)[0m  [1m[32mINSERT INTO "check_logs" ("service_id", "status_code", "response_time_ms", "success", "error_message", "created_at", "updated_at") VALUES (4, 200, 105, TRUE, NULL, '2026-08-08 01:54:13.883019', '2026-08-08 02:19:13.883777') RETURNING "id" /*application='RailsProject1'*/[0m
  [1m[36mTRANSACTION (0.1ms)[0m  [1m[35mCOMMIT TRANSACTION /*application='RailsProject1'*/[0m
  [1m[36mTRANSACTION (0.1ms)[0m  [1m[35mBEGIN immediate TRANSACTION /*application='RailsProject1'*/[0m
  [1m[36mCheckLog Create (1.7ms)[0m  [1m[32mINSERT INTO "check_logs" ("service_id", "status_code", "response_time_ms", "success", "error_message", "created_at", "updated_at") VALUES (4, 200, 120, TRUE, NULL, '2026-08-08 01:55:13.888687', '2026-08-08 02:19:13.889170') RETURNING "id" /*application='RailsProject1'*/[0m
  [1m[36mTRANSACTION (0.1ms)[0m  [1m[35mCOMMIT TRANSACTION /*application='RailsProject1'*/[0m
  [1m[36mTRANSACTION (0.0ms)[0m  [1m[35mBEGIN immediate TRANSACTION /*application='RailsProject1'*/[0m
  [1m[36mCheckLog Create (1.2ms)[0m  [1m[32mINSERT INTO "check_logs" ("service_id", "status_code", "response_time_ms", "success", "error_message", "created_at", "updated_at") VALUES (4, 200, 124, TRUE, NULL, '2026-08-08 01:56:13.893143', '2026-08-08 02:19:13.893615') RETURNING "id" /*application='RailsProject1'*/[0m
  [1m[36mTRANSACTION (0.1ms)[0m  [1m[35mCOMMIT TRANSACTION /*application='RailsProject1'*/[0m
  [1m[36mTRANSACTION (0.0ms)[0m  [1m[35mBEGIN immediate TRANSACTION /*application='RailsProject1'*/[0m
  [1m[36mCheckLog Create (1.5ms)[0m  [1m[32mINSERT INTO "check_logs" ("service_id", "status_code", "response_time_ms", "success", "error_message", "created_at", "updated_at") VALUES (4, 200, 97, TRUE, NULL, '2026-08-08 01:57:13.897128', '2026-08-08 02:19:13.897532') RETURNING "id" /*application='RailsProject1'*/[0m
  [1m[36mTRANSACTION (0.1ms)[0m  [1m[35mCOMMIT TRANSACTION /*application='RailsProject1'*/[0m
  [1m[36mTRANSACTION (0.1ms)[0m  [1m[35mBEGIN immediate TRANSACTION /*application='RailsProject1'*/[0m
  [1m[36mCheckLog Create (12.5ms)[0m  [1m[32mINSERT INTO "check_logs" ("service_id", "status_code", "response_time_ms", "success", "error_message", "created_at", "updated_at") VALUES (4, 200, 168, TRUE, NULL, '2026-08-08 01:58:13.901847', '2026-08-08 02:19:13.902525') RETURNING "id" /*application='RailsProject1'*/[0m
  [1m[36mTRANSACTION (0.1ms)[0m  [1m[35mCOMMIT TRANSACTION /*application='RailsProject1'*/[0m
  [1m[36mTRANSACTION (0.1ms)[0m  [1m[35mBEGIN immediate TRANSACTION /*application='RailsProject1'*/[0m
  [1m[36mCheckLog Create (1.5ms)[0m  [1m[32mINSERT INTO "check_logs" ("service_id", "status_code", "response_time_ms", "success", "error_message", "created_at", "updated_at") VALUES (4, 200, 103, TRUE, NULL, '2026-08-08 01:59:13.917965', '2026-08-08 02:19:13.918862') RETURNING "id" /*application='RailsProject1'*/[0m
  [1m[36mTRANSACTION (0.1ms)[0m  [1m[35mCOMMIT TRANSACTION /*application='RailsProject1'*/[0m
  [1m[36mTRANSACTION (0.0ms)[0m  [1m[35mBEGIN immediate TRANSACTION /*application='RailsProject1'*/[0m
  [1m[36mCheckLog Create (2.2ms)[0m  [1m[32mINSERT INTO "check_logs" ("service_id", "status_code", "response_time_ms", "success", "error_message", "created_at", "updated_at") VALUES (4, 200, 210, TRUE, NULL, '2026-08-08 02:00:13.922910', '2026-08-08 02:19:13.923367') RETURNING "id" /*application='RailsProject1'*/[0m
  [1m[36mTRANSACTION (0.1ms)[0m  [1m[35mCOMMIT TRANSACTION /*application='RailsProject1'*/[0m
  [1m[36mTRANSACTION (0.0ms)[0m  [1m[35mBEGIN immediate TRANSACTION /*application='RailsProject1'*/[0m
  [1m[36mCheckLog Create (1.2ms)[0m  [1m[32mINSERT INTO "check_logs" ("service_id", "status_code", "response_time_ms", "success", "error_message", "created_at", "updated_at") VALUES (4, 200, 206, TRUE, NULL, '2026-08-08 02:01:13.927910', '2026-08-08 02:19:13.928324') RETURNING "id" /*application='RailsProject1'*/[0m
  [1m[36mTRANSACTION (0.1ms)[0m  [1m[35mCOMMIT TRANSACTION /*application='RailsProject1'*/[0m
  [1m[36mTRANSACTION (0.1ms)[0m  [1m[35mBEGIN immediate TRANSACTION /*application='RailsProject1'*/[0m
  [1m[36mCheckLog Create (1.3ms)[0m  [1m[32mINSERT INTO "check_logs" ("service_id", "status_code", "response_time_ms", "success", "error_message", "created_at", "updated_at") VALUES (4, 200, 153, TRUE, NULL, '2026-08-08 02:02:13.931865', '2026-08-08 02:19:13.932325') RETURNING "id" /*application='RailsProject1'*/[0m
  [1m[36mTRANSACTION (0.1ms)[0m  [1m[35mCOMMIT TRANSACTION /*application='RailsProject1'*/[0m
  [1m[36mTRANSACTION (0.0ms)[0m  [1m[35mBEGIN immediate TRANSACTION /*application='RailsProject1'*/[0m
  [1m[36mCheckLog Create (1.2ms)[0m  [1m[32mINSERT INTO "check_logs" ("service_id", "status_code", "response_time_ms", "success", "error_message", "created_at", "updated_at") VALUES (4, 200, 155, TRUE, NULL, '2026-08-08 02:03:13.937572', '2026-08-08 02:19:13.938040') RETURNING "id" /*application='RailsProject1'*/[0m
  [1m[36mTRANSACTION (0.1ms)[0m  [1m[35mCOMMIT TRANSACTION /*application='RailsProject1'*/[0m
  [1m[36mTRANSACTION (0.0ms)[0m  [1m[35mBEGIN immediate TRANSACTION /*application='RailsProject1'*/[0m
  [1m[36mCheckLog Create (1.2ms)[0m  [1m[32mINSERT INTO "check_logs" ("service_id", "status_code", "response_time_ms", "success", "error_message", "created_at", "updated_at") VALUES (4, 200, 163, TRUE, NULL, '2026-08-08 02:04:13.941415', '2026-08-08 02:19:13.941770') RETURNING "id" /*application='RailsProject1'*/[0m
  [1m[36mTRANSACTION (0.1ms)[0m  [1m[35mCOMMIT TRANSACTION /*application='RailsProject1'*/[0m
  [1m[36mTRANSACTION (0.0ms)[0m  [1m[35mBEGIN immediate TRANSACTION /*application='RailsProject1'*/[0m
  [1m[36mCheckLog Create (1.8ms)[0m  [1m[32mINSERT INTO "check_logs" ("service_id", "status_code", "response_time_ms", "success", "error_message", "created_at", "updated_at") VALUES (4, 200, 214, TRUE, NULL, '2026-08-08 02:05:13.945974', '2026-08-08 02:19:13.946496') RETURNING "id" /*application='RailsProject1'*/[0m
  [1m[36mTRANSACTION (0.2ms)[0m  [1m[35mCOMMIT TRANSACTION /*application='RailsProject1'*/[0m
  [1m[36mTRANSACTION (0.1ms)[0m  [1m[35mBEGIN immediate TRANSACTION /*application='RailsProject1'*/[0m
  [1m[36mCheckLog Create (2.2ms)[0m  [1m[32mINSERT INTO "check_logs" ("service_id", "status_code", "response_time_ms", "success", "error_message", "created_at", "updated_at") VALUES (4, 200, 206, TRUE, NULL, '2026-08-08 02:06:13.952066', '2026-08-08 02:19:13.952731') RETURNING "id" /*application='RailsProject1'*/[0m
  [1m[36mTRANSACTION (0.1ms)[0m  [1m[35mCOMMIT TRANSACTION /*application='RailsProject1'*/[0m
  [1m[36mTRANSACTION (0.0ms)[0m  [1m[35mBEGIN immediate TRANSACTION /*application='RailsProject1'*/[0m
  [1m[36mCheckLog Create (3.6ms)[0m  [1m[32mINSERT INTO "check_logs" ("service_id", "status_code", "response_time_ms", "success", "error_message", "created_at", "updated_at") VALUES (4, 200, 96, TRUE, NULL, '2026-08-08 02:07:13.958489', '2026-08-08 02:19:13.958987') RETURNING "id" /*application='RailsProject1'*/[0m
  [1m[36mTRANSACTION (0.1ms)[0m  [1m[35mCOMMIT TRANSACTION /*application='RailsProject1'*/[0m
  [1m[36mTRANSACTION (0.1ms)[0m  [1m[35mBEGIN immediate TRANSACTION /*application='RailsProject1'*/[0m
  [1m[36mCheckLog Create (2.5ms)[0m  [1m[32mINSERT INTO "check_logs" ("service_id", "status_code", "response_time_ms", "success", "error_message", "created_at", "updated_at") VALUES (4, 200, 85, TRUE, NULL, '2026-08-08 02:08:13.965675', '2026-08-08 02:19:13.966200') RETURNING "id" /*application='RailsProject1'*/[0m
  [1m[36mTRANSACTION (0.1ms)[0m  [1m[35mCOMMIT TRANSACTION /*application='RailsProject1'*/[0m
  [1m[36mTRANSACTION (0.0ms)[0m  [1m[35mBEGIN immediate TRANSACTION /*application='RailsProject1'*/[0m
  [1m[36mCheckLog Create (1.2ms)[0m  [1m[32mINSERT INTO "check_logs" ("service_id", "status_code", "response_time_ms", "success", "error_message", "created_at", "updated_at") VALUES (4, 200, 91, TRUE, NULL, '2026-08-08 02:09:13.971789', '2026-08-08 02:19:13.972304') RETURNING "id" /*application='RailsProject1'*/[0m
  [1m[36mTRANSACTION (0.1ms)[0m  [1m[35mCOMMIT TRANSACTION /*application='RailsProject1'*/[0m
  [1m[36mTRANSACTION (0.0ms)[0m  [1m[35mBEGIN immediate TRANSACTION /*application='RailsProject1'*/[0m
  [1m[36mCheckLog Create (1.7ms)[0m  [1m[32mINSERT INTO "check_logs" ("service_id", "status_code", "response_time_ms", "success", "error_message", "created_at", "updated_at") VALUES (4, 200, 102, TRUE, NULL, '2026-08-08 02:10:13.976664', '2026-08-08 02:19:13.977031') RETURNING "id" /*application='RailsProject1'*/[0m
  [1m[36mTRANSACTION (0.2ms)[0m  [1m[35mCOMMIT TRANSACTION /*application='RailsProject1'*/[0m
  [1m[36mTRANSACTION (0.1ms)[0m  [1m[35mBEGIN immediate TRANSACTION /*application='RailsProject1'*/[0m
  [1m[36mCheckLog Create (1.6ms)[0m  [1m[32mINSERT INTO "check_logs" ("service_id", "status_code", "response_time_ms", "success", "error_message", "created_at", "updated_at") VALUES (4, 500, 80, FALSE, 'Connection timeout / HTTP 502 Bad Gateway', '2026-08-08 02:11:13.983853', '2026-08-08 02:19:13.984849') RETURNING "id" /*application='RailsProject1'*/[0m
  [1m[36mTRANSACTION (0.1ms)[0m  [1m[35mCOMMIT TRANSACTION /*application='RailsProject1'*/[0m
  [1m[36mTRANSACTION (0.0ms)[0m  [1m[35mBEGIN immediate TRANSACTION /*application='RailsProject1'*/[0m
  [1m[36mCheckLog Create (2.3ms)[0m  [1m[32mINSERT INTO "check_logs" ("service_id", "status_code", "response_time_ms", "success", "error_message", "created_at", "updated_at") VALUES (4, 200, 192, TRUE, NULL, '2026-08-08 02:12:13.988913', '2026-08-08 02:19:13.989411') RETURNING "id" /*application='RailsProject1'*/[0m
  [1m[36mTRANSACTION (0.1ms)[0m  [1m[35mCOMMIT TRANSACTION /*application='RailsProject1'*/[0m
  [1m[36mTRANSACTION (0.0ms)[0m  [1m[35mBEGIN immediate TRANSACTION /*application='RailsProject1'*/[0m
  [1m[36mCheckLog Create (1.3ms)[0m  [1m[32mINSERT INTO "check_logs" ("service_id", "status_code", "response_time_ms", "success", "error_message", "created_at", "updated_at") VALUES (4, 200, 206, TRUE, NULL, '2026-08-08 02:13:13.993792', '2026-08-08 02:19:13.994188') RETURNING "id" /*application='RailsProject1'*/[0m
  [1m[36mTRANSACTION (0.1ms)[0m  [1m[35mCOMMIT TRANSACTION /*application='RailsProject1'*/[0m
  [1m[36mTRANSACTION (0.1ms)[0m  [1m[35mBEGIN immediate TRANSACTION /*application='RailsProject1'*/[0m
  [1m[36mCheckLog Create (1.4ms)[0m  [1m[32mINSERT INTO "check_logs" ("service_id", "status_code", "response_time_ms", "success", "error_message", "created_at", "updated_at") VALUES (4, 200, 91, TRUE, NULL, '2026-08-08 02:14:13.997564', '2026-08-08 02:19:13.997983') RETURNING "id" /*application='RailsProject1'*/[0m
  [1m[36mTRANSACTION (0.1ms)[0m  [1m[35mCOMMIT TRANSACTION /*application='RailsProject1'*/[0m
  [1m[36mTRANSACTION (0.0ms)[0m  [1m[35mBEGIN immediate TRANSACTION /*application='RailsProject1'*/[0m
  [1m[36mCheckLog Create (1.3ms)[0m  [1m[32mINSERT INTO "check_logs" ("service_id", "status_code", "response_time_ms", "success", "error_message", "created_at", "updated_at") VALUES (4, 200, 113, TRUE, NULL, '2026-08-08 02:15:14.003264', '2026-08-08 02:19:14.003772') RETURNING "id" /*application='RailsProject1'*/[0m
  [1m[36mTRANSACTION (0.1ms)[0m  [1m[35mCOMMIT TRANSACTION /*application='RailsProject1'*/[0m
  [1m[36mTRANSACTION (0.0ms)[0m  [1m[35mBEGIN immediate TRANSACTION /*application='RailsProject1'*/[0m
  [1m[36mCheckLog Create (1.4ms)[0m  [1m[32mINSERT INTO "check_logs" ("service_id", "status_code", "response_time_ms", "success", "error_message", "created_at", "updated_at") VALUES (4, 200, 189, TRUE, NULL, '2026-08-08 02:16:14.007190', '2026-08-08 02:19:14.007550') RETURNING "id" /*application='RailsProject1'*/[0m
  [1m[36mTRANSACTION (0.1ms)[0m  [1m[35mCOMMIT TRANSACTION /*application='RailsProject1'*/[0m
  [1m[36mTRANSACTION (0.0ms)[0m  [1m[35mBEGIN immediate TRANSACTION /*application='RailsProject1'*/[0m
  [1m[36mCheckLog Create (1.2ms)[0m  [1m[32mINSERT INTO "check_logs" ("service_id", "status_code", "response_time_ms", "success", "error_message", "created_at", "updated_at") VALUES (4, 200, 126, TRUE, NULL, '2026-08-08 02:17:14.010978', '2026-08-08 02:19:14.012281') RETURNING "id" /*application='RailsProject1'*/[0m
  [1m[36mTRANSACTION (0.1ms)[0m  [1m[35mCOMMIT TRANSACTION /*application='RailsProject1'*/[0m
  [1m[36mTRANSACTION (0.0ms)[0m  [1m[35mBEGIN immediate TRANSACTION /*application='RailsProject1'*/[0m
  [1m[36mCheckLog Create (1.4ms)[0m  [1m[32mINSERT INTO "check_logs" ("service_id", "status_code", "response_time_ms", "success", "error_message", "created_at", "updated_at") VALUES (4, 200, 81, TRUE, NULL, '2026-08-08 02:18:14.015893', '2026-08-08 02:19:14.016402') RETURNING "id" /*application='RailsProject1'*/[0m
  [1m[36mTRANSACTION (0.1ms)[0m  [1m[35mCOMMIT TRANSACTION /*application='RailsProject1'*/[0m
  [1m[36mCheckLog Load (0.1ms)[0m  [1m[34mSELECT "check_logs".* FROM "check_logs" WHERE "check_logs"."service_id" = 4 ORDER BY "check_logs"."created_at" DESC LIMIT 1 /*application='RailsProject1'*/[0m
  [1m[36mService Update (0.1ms)[0m  [1m[33mUPDATE "services" SET "last_checked_at" = '2026-08-08 02:18:14.015893', "last_response_time_ms" = 81, "last_status_code" = 200 WHERE "services"."id" = 4 /*application='RailsProject1'*/[0m
  [1m[36mService Load (0.1ms)[0m  [1m[34mSELECT "services".* FROM "services" WHERE "services"."name" = 'Database Replication Secondary' LIMIT 1 /*application='RailsProject1'*/[0m
  [1m[36mTRANSACTION (0.0ms)[0m  [1m[35mBEGIN immediate TRANSACTION /*application='RailsProject1'*/[0m
  [1m[36mService Create (1.4ms)[0m  [1m[32mINSERT INTO "services" ("name", "description", "url", "http_method", "headers", "request_body", "expected_body_match", "expected_status_code", "timeout_seconds", "check_interval_seconds", "status", "last_checked_at", "last_response_time_ms", "last_status_code", "position", "created_at", "updated_at") VALUES ('Database Replication Secondary', 'Read-replica health check endpoint', 'https://httpbin.org/delay/1', 'GET', NULL, NULL, NULL, 200, 10, 60, 'degraded', NULL, NULL, NULL, 5, '2026-08-08 02:19:14.024917', '2026-08-08 02:19:14.024917') RETURNING "id" /*application='RailsProject1'*/[0m
  [1m[36mTRANSACTION (0.1ms)[0m  [1m[35mCOMMIT TRANSACTION /*application='RailsProject1'*/[0m
  [1m[36mCheckLog Exists? (0.1ms)[0m  [1m[34mSELECT 1 AS one FROM "check_logs" WHERE "check_logs"."service_id" = 5 LIMIT 1 /*application='RailsProject1'*/[0m
  [1m[36mTRANSACTION (0.0ms)[0m  [1m[35mBEGIN immediate TRANSACTION /*application='RailsProject1'*/[0m
  [1m[36mCheckLog Create (1.4ms)[0m  [1m[32mINSERT INTO "check_logs" ("service_id", "status_code", "response_time_ms", "success", "error_message", "created_at", "updated_at") VALUES (5, 200, 2998, TRUE, NULL, '2026-08-08 01:49:14.029760', '2026-08-08 02:19:14.030193') RETURNING "id" /*application='RailsProject1'*/[0m
  [1m[36mTRANSACTION (0.2ms)[0m  [1m[35mCOMMIT TRANSACTION /*application='RailsProject1'*/[0m
  [1m[36mTRANSACTION (0.1ms)[0m  [1m[35mBEGIN immediate TRANSACTION /*application='RailsProject1'*/[0m
  [1m[36mCheckLog Create (2.9ms)[0m  [1m[32mINSERT INTO "check_logs" ("service_id", "status_code", "response_time_ms", "success", "error_message", "created_at", "updated_at") VALUES (5, 200, 2783, TRUE, NULL, '2026-08-08 01:50:14.039510', '2026-08-08 02:19:14.040607') RETURNING "id" /*application='RailsProject1'*/[0m
  [1m[36mTRANSACTION (0.2ms)[0m  [1m[35mCOMMIT TRANSACTION /*application='RailsProject1'*/[0m
  [1m[36mTRANSACTION (0.1ms)[0m  [1m[35mBEGIN immediate TRANSACTION /*application='RailsProject1'*/[0m
  [1m[36mCheckLog Create (1.8ms)[0m  [1m[32mINSERT INTO "check_logs" ("service_id", "status_code", "response_time_ms", "success", "error_message", "created_at", "updated_at") VALUES (5, 200, 3506, TRUE, NULL, '2026-08-08 01:51:14.048136', '2026-08-08 02:19:14.049572') RETURNING "id" /*application='RailsProject1'*/[0m
  [1m[36mTRANSACTION (0.1ms)[0m  [1m[35mCOMMIT TRANSACTION /*application='RailsProject1'*/[0m
  [1m[36mTRANSACTION (0.0ms)[0m  [1m[35mBEGIN immediate TRANSACTION /*application='RailsProject1'*/[0m
  [1m[36mCheckLog Create (1.3ms)[0m  [1m[32mINSERT INTO "check_logs" ("service_id", "status_code", "response_time_ms", "success", "error_message", "created_at", "updated_at") VALUES (5, 200, 3208, TRUE, NULL, '2026-08-08 01:52:14.054472', '2026-08-08 02:19:14.054985') RETURNING "id" /*application='RailsProject1'*/[0m
  [1m[36mTRANSACTION (0.1ms)[0m  [1m[35mCOMMIT TRANSACTION /*application='RailsProject1'*/[0m
  [1m[36mTRANSACTION (0.0ms)[0m  [1m[35mBEGIN immediate TRANSACTION /*application='RailsProject1'*/[0m
  [1m[36mCheckLog Create (1.3ms)[0m  [1m[32mINSERT INTO "check_logs" ("service_id", "status_code", "response_time_ms", "success", "error_message", "created_at", "updated_at") VALUES (5, 200, 3287, TRUE, NULL, '2026-08-08 01:53:14.058549', '2026-08-08 02:19:14.058950') RETURNING "id" /*application='RailsProject1'*/[0m
  [1m[36mTRANSACTION (0.1ms)[0m  [1m[35mCOMMIT TRANSACTION /*application='RailsProject1'*/[0m
  [1m[36mTRANSACTION (0.0ms)[0m  [1m[35mBEGIN immediate TRANSACTION /*application='RailsProject1'*/[0m
  [1m[36mCheckLog Create (1.2ms)[0m  [1m[32mINSERT INTO "check_logs" ("service_id", "status_code", "response_time_ms", "success", "error_message", "created_at", "updated_at") VALUES (5, 200, 3582, TRUE, NULL, '2026-08-08 01:54:14.062378', '2026-08-08 02:19:14.062766') RETURNING "id" /*application='RailsProject1'*/[0m
  [1m[36mTRANSACTION (0.1ms)[0m  [1m[35mCOMMIT TRANSACTION /*application='RailsProject1'*/[0m
  [1m[36mTRANSACTION (0.0ms)[0m  [1m[35mBEGIN immediate TRANSACTION /*application='RailsProject1'*/[0m
  [1m[36mCheckLog Create (1.4ms)[0m  [1m[32mINSERT INTO "check_logs" ("service_id", "status_code", "response_time_ms", "success", "error_message", "created_at", "updated_at") VALUES (5, 200, 3675, TRUE, NULL, '2026-08-08 01:55:14.066215', '2026-08-08 02:19:14.066680') RETURNING "id" /*application='RailsProject1'*/[0m
  [1m[36mTRANSACTION (0.1ms)[0m  [1m[35mCOMMIT TRANSACTION /*application='RailsProject1'*/[0m
  [1m[36mTRANSACTION (0.0ms)[0m  [1m[35mBEGIN immediate TRANSACTION /*application='RailsProject1'*/[0m
  [1m[36mCheckLog Create (1.3ms)[0m  [1m[32mINSERT INTO "check_logs" ("service_id", "status_code", "response_time_ms", "success", "error_message", "created_at", "updated_at") VALUES (5, 200, 3772, TRUE, NULL, '2026-08-08 01:56:14.070612', '2026-08-08 02:19:14.071106') RETURNING "id" /*application='RailsProject1'*/[0m
  [1m[36mTRANSACTION (0.1ms)[0m  [1m[35mCOMMIT TRANSACTION /*application='RailsProject1'*/[0m
  [1m[36mTRANSACTION (0.0ms)[0m  [1m[35mBEGIN immediate TRANSACTION /*application='RailsProject1'*/[0m
  [1m[36mCheckLog Create (1.2ms)[0m  [1m[32mINSERT INTO "check_logs" ("service_id", "status_code", "response_time_ms", "success", "error_message", "created_at", "updated_at") VALUES (5, 200, 3814, TRUE, NULL, '2026-08-08 01:57:14.074536', '2026-08-08 02:19:14.074915') RETURNING "id" /*application='RailsProject1'*/[0m
  [1m[36mTRANSACTION (0.1ms)[0m  [1m[35mCOMMIT TRANSACTION /*application='RailsProject1'*/[0m
  [1m[36mTRANSACTION (0.0ms)[0m  [1m[35mBEGIN immediate TRANSACTION /*application='RailsProject1'*/[0m
  [1m[36mCheckLog Create (1.2ms)[0m  [1m[32mINSERT INTO "check_logs" ("service_id", "status_code", "response_time_ms", "success", "error_message", "created_at", "updated_at") VALUES (5, 200, 2828, TRUE, NULL, '2026-08-08 01:58:14.078232', '2026-08-08 02:19:14.078610') RETURNING "id" /*application='RailsProject1'*/[0m
  [1m[36mTRANSACTION (0.2ms)[0m  [1m[35mCOMMIT TRANSACTION /*application='RailsProject1'*/[0m
  [1m[36mTRANSACTION (0.1ms)[0m  [1m[35mBEGIN immediate TRANSACTION /*application='RailsProject1'*/[0m
  [1m[36mCheckLog Create (1.5ms)[0m  [1m[32mINSERT INTO "check_logs" ("service_id", "status_code", "response_time_ms", "success", "error_message", "created_at", "updated_at") VALUES (5, 200, 4005, TRUE, NULL, '2026-08-08 01:59:14.082821', '2026-08-08 02:19:14.083656') RETURNING "id" /*application='RailsProject1'*/[0m
  [1m[36mTRANSACTION (0.1ms)[0m  [1m[35mCOMMIT TRANSACTION /*application='RailsProject1'*/[0m
  [1m[36mTRANSACTION (0.0ms)[0m  [1m[35mBEGIN immediate TRANSACTION /*application='RailsProject1'*/[0m
  [1m[36mCheckLog Create (1.2ms)[0m  [1m[32mINSERT INTO "check_logs" ("service_id", "status_code", "response_time_ms", "success", "error_message", "created_at", "updated_at") VALUES (5, 200, 3086, TRUE, NULL, '2026-08-08 02:00:14.087905', '2026-08-08 02:19:14.088415') RETURNING "id" /*application='RailsProject1'*/[0m
  [1m[36mTRANSACTION (0.1ms)[0m  [1m[35mCOMMIT TRANSACTION /*application='RailsProject1'*/[0m
  [1m[36mTRANSACTION (0.0ms)[0m  [1m[35mBEGIN immediate TRANSACTION /*application='RailsProject1'*/[0m
  [1m[36mCheckLog Create (1.2ms)[0m  [1m[32mINSERT INTO "check_logs" ("service_id", "status_code", "response_time_ms", "success", "error_message", "created_at", "updated_at") VALUES (5, 200, 3512, TRUE, NULL, '2026-08-08 02:01:14.091731', '2026-08-08 02:19:14.092108') RETURNING "id" /*application='RailsProject1'*/[0m
  [1m[36mTRANSACTION (0.1ms)[0m  [1m[35mCOMMIT TRANSACTION /*application='RailsProject1'*/[0m
  [1m[36mTRANSACTION (0.0ms)[0m  [1m[35mBEGIN immediate TRANSACTION /*application='RailsProject1'*/[0m
  [1m[36mCheckLog Create (1.2ms)[0m  [1m[32mINSERT INTO "check_logs" ("service_id", "status_code", "response_time_ms", "success", "error_message", "created_at", "updated_at") VALUES (5, 200, 2967, TRUE, NULL, '2026-08-08 02:02:14.095407', '2026-08-08 02:19:14.095828') RETURNING "id" /*application='RailsProject1'*/[0m
  [1m[36mTRANSACTION (0.1ms)[0m  [1m[35mCOMMIT TRANSACTION /*application='RailsProject1'*/[0m
  [1m[36mTRANSACTION (0.0ms)[0m  [1m[35mBEGIN immediate TRANSACTION /*application='RailsProject1'*/[0m
  [1m[36mCheckLog Create (1.5ms)[0m  [1m[32mINSERT INTO "check_logs" ("service_id", "status_code", "response_time_ms", "success", "error_message", "created_at", "updated_at") VALUES (5, 200, 3244, TRUE, NULL, '2026-08-08 02:03:14.099212', '2026-08-08 02:19:14.099758') RETURNING "id" /*application='RailsProject1'*/[0m
  [1m[36mTRANSACTION (0.1ms)[0m  [1m[35mCOMMIT TRANSACTION /*application='RailsProject1'*/[0m
  [1m[36mTRANSACTION (0.0ms)[0m  [1m[35mBEGIN immediate TRANSACTION /*application='RailsProject1'*/[0m
  [1m[36mCheckLog Create (8.5ms)[0m  [1m[32mINSERT INTO "check_logs" ("service_id", "status_code", "response_time_ms", "success", "error_message", "created_at", "updated_at") VALUES (5, 200, 2855, TRUE, NULL, '2026-08-08 02:04:14.103748', '2026-08-08 02:19:14.104223') RETURNING "id" /*application='RailsProject1'*/[0m
  [1m[36mTRANSACTION (0.1ms)[0m  [1m[35mCOMMIT TRANSACTION /*application='RailsProject1'*/[0m
  [1m[36mTRANSACTION (0.0ms)[0m  [1m[35mBEGIN immediate TRANSACTION /*application='RailsProject1'*/[0m
  [1m[36mCheckLog Create (1.4ms)[0m  [1m[32mINSERT INTO "check_logs" ("service_id", "status_code", "response_time_ms", "success", "error_message", "created_at", "updated_at") VALUES (5, 200, 3182, TRUE, NULL, '2026-08-08 02:05:14.115144', '2026-08-08 02:19:14.115905') RETURNING "id" /*application='RailsProject1'*/[0m
  [1m[36mTRANSACTION (0.1ms)[0m  [1m[35mCOMMIT TRANSACTION /*application='RailsProject1'*/[0m
  [1m[36mTRANSACTION (0.0ms)[0m  [1m[35mBEGIN immediate TRANSACTION /*application='RailsProject1'*/[0m
  [1m[36mCheckLog Create (2.2ms)[0m  [1m[32mINSERT INTO "check_logs" ("service_id", "status_code", "response_time_ms", "success", "error_message", "created_at", "updated_at") VALUES (5, 200, 3861, TRUE, NULL, '2026-08-08 02:06:14.119829', '2026-08-08 02:19:14.120343') RETURNING "id" /*application='RailsProject1'*/[0m
  [1m[36mTRANSACTION (0.1ms)[0m  [1m[35mCOMMIT TRANSACTION /*application='RailsProject1'*/[0m
  [1m[36mTRANSACTION (0.0ms)[0m  [1m[35mBEGIN immediate TRANSACTION /*application='RailsProject1'*/[0m
  [1m[36mCheckLog Create (1.2ms)[0m  [1m[32mINSERT INTO "check_logs" ("service_id", "status_code", "response_time_ms", "success", "error_message", "created_at", "updated_at") VALUES (5, 200, 3843, TRUE, NULL, '2026-08-08 02:07:14.124661', '2026-08-08 02:19:14.125061') RETURNING "id" /*application='RailsProject1'*/[0m
  [1m[36mTRANSACTION (0.1ms)[0m  [1m[35mCOMMIT TRANSACTION /*application='RailsProject1'*/[0m
  [1m[36mTRANSACTION (0.0ms)[0m  [1m[35mBEGIN immediate TRANSACTION /*application='RailsProject1'*/[0m
  [1m[36mCheckLog Create (1.2ms)[0m  [1m[32mINSERT INTO "check_logs" ("service_id", "status_code", "response_time_ms", "success", "error_message", "created_at", "updated_at") VALUES (5, 200, 3618, TRUE, NULL, '2026-08-08 02:08:14.128386', '2026-08-08 02:19:14.128767') RETURNING "id" /*application='RailsProject1'*/[0m
  [1m[36mTRANSACTION (0.1ms)[0m  [1m[35mCOMMIT TRANSACTION /*application='RailsProject1'*/[0m
  [1m[36mTRANSACTION (0.0ms)[0m  [1m[35mBEGIN immediate TRANSACTION /*application='RailsProject1'*/[0m
  [1m[36mCheckLog Create (1.8ms)[0m  [1m[32mINSERT INTO "check_logs" ("service_id", "status_code", "response_time_ms", "success", "error_message", "created_at", "updated_at") VALUES (5, 200, 3974, TRUE, NULL, '2026-08-08 02:09:14.133149', '2026-08-08 02:19:14.133621') RETURNING "id" /*application='RailsProject1'*/[0m
  [1m[36mTRANSACTION (0.1ms)[0m  [1m[35mCOMMIT TRANSACTION /*application='RailsProject1'*/[0m
  [1m[36mTRANSACTION (0.0ms)[0m  [1m[35mBEGIN immediate TRANSACTION /*application='RailsProject1'*/[0m
  [1m[36mCheckLog Create (1.2ms)[0m  [1m[32mINSERT INTO "check_logs" ("service_id", "status_code", "response_time_ms", "success", "error_message", "created_at", "updated_at") VALUES (5, 200, 3556, TRUE, NULL, '2026-08-08 02:10:14.137802', '2026-08-08 02:19:14.138283') RETURNING "id" /*application='RailsProject1'*/[0m
  [1m[36mTRANSACTION (0.1ms)[0m  [1m[35mCOMMIT TRANSACTION /*application='RailsProject1'*/[0m
  [1m[36mTRANSACTION (0.0ms)[0m  [1m[35mBEGIN immediate TRANSACTION /*application='RailsProject1'*/[0m
  [1m[36mCheckLog Create (1.3ms)[0m  [1m[32mINSERT INTO "check_logs" ("service_id", "status_code", "response_time_ms", "success", "error_message", "created_at", "updated_at") VALUES (5, 200, 3838, TRUE, NULL, '2026-08-08 02:11:14.142532', '2026-08-08 02:19:14.142956') RETURNING "id" /*application='RailsProject1'*/[0m
  [1m[36mTRANSACTION (0.1ms)[0m  [1m[35mCOMMIT TRANSACTION /*application='RailsProject1'*/[0m
  [1m[36mTRANSACTION (0.0ms)[0m  [1m[35mBEGIN immediate TRANSACTION /*application='RailsProject1'*/[0m
  [1m[36mCheckLog Create (1.3ms)[0m  [1m[32mINSERT INTO "check_logs" ("service_id", "status_code", "response_time_ms", "success", "error_message", "created_at", "updated_at") VALUES (5, 200, 3335, TRUE, NULL, '2026-08-08 02:12:14.146403', '2026-08-08 02:19:14.146817') RETURNING "id" /*application='RailsProject1'*/[0m
  [1m[36mTRANSACTION (0.1ms)[0m  [1m[35mCOMMIT TRANSACTION /*application='RailsProject1'*/[0m
  [1m[36mTRANSACTION (0.1ms)[0m  [1m[35mBEGIN immediate TRANSACTION /*application='RailsProject1'*/[0m
  [1m[36mCheckLog Create (2.8ms)[0m  [1m[32mINSERT INTO "check_logs" ("service_id", "status_code", "response_time_ms", "success", "error_message", "created_at", "updated_at") VALUES (5, 200, 3401, TRUE, NULL, '2026-08-08 02:13:14.150421', '2026-08-08 02:19:14.150860') RETURNING "id" /*application='RailsProject1'*/[0m
  [1m[36mTRANSACTION (0.1ms)[0m  [1m[35mCOMMIT TRANSACTION /*application='RailsProject1'*/[0m
  [1m[36mTRANSACTION (0.0ms)[0m  [1m[35mBEGIN immediate TRANSACTION /*application='RailsProject1'*/[0m
  [1m[36mCheckLog Create (1.3ms)[0m  [1m[32mINSERT INTO "check_logs" ("service_id", "status_code", "response_time_ms", "success", "error_message", "created_at", "updated_at") VALUES (5, 200, 3926, TRUE, NULL, '2026-08-08 02:14:14.155973', '2026-08-08 02:19:14.156496') RETURNING "id" /*application='RailsProject1'*/[0m
  [1m[36mTRANSACTION (0.1ms)[0m  [1m[35mCOMMIT TRANSACTION /*application='RailsProject1'*/[0m
  [1m[36mTRANSACTION (0.0ms)[0m  [1m[35mBEGIN immediate TRANSACTION /*application='RailsProject1'*/[0m
  [1m[36mCheckLog Create (1.4ms)[0m  [1m[32mINSERT INTO "check_logs" ("service_id", "status_code", "response_time_ms", "success", "error_message", "created_at", "updated_at") VALUES (5, 200, 2920, TRUE, NULL, '2026-08-08 02:15:14.159928', '2026-08-08 02:19:14.160295') RETURNING "id" /*application='RailsProject1'*/[0m
  [1m[36mTRANSACTION (0.1ms)[0m  [1m[35mCOMMIT TRANSACTION /*application='RailsProject1'*/[0m
  [1m[36mTRANSACTION (0.1ms)[0m  [1m[35mBEGIN immediate TRANSACTION /*application='RailsProject1'*/[0m
  [1m[36mCheckLog Create (1.3ms)[0m  [1m[32mINSERT INTO "check_logs" ("service_id", "status_code", "response_time_ms", "success", "error_message", "created_at", "updated_at") VALUES (5, 200, 4174, TRUE, NULL, '2026-08-08 02:16:14.164923', '2026-08-08 02:19:14.165462') RETURNING "id" /*application='RailsProject1'*/[0m
  [1m[36mTRANSACTION (0.1ms)[0m  [1m[35mCOMMIT TRANSACTION /*application='RailsProject1'*/[0m
  [1m[36mTRANSACTION (0.0ms)[0m  [1m[35mBEGIN immediate TRANSACTION /*application='RailsProject1'*/[0m
  [1m[36mCheckLog Create (1.3ms)[0m  [1m[32mINSERT INTO "check_logs" ("service_id", "status_code", "response_time_ms", "success", "error_message", "created_at", "updated_at") VALUES (5, 200, 3066, TRUE, NULL, '2026-08-08 02:17:14.169458', '2026-08-08 02:19:14.170017') RETURNING "id" /*application='RailsProject1'*/[0m
  [1m[36mTRANSACTION (0.1ms)[0m  [1m[35mCOMMIT TRANSACTION /*application='RailsProject1'*/[0m
  [1m[36mTRANSACTION (0.0ms)[0m  [1m[35mBEGIN immediate TRANSACTION /*application='RailsProject1'*/[0m
  [1m[36mCheckLog Create (2.3ms)[0m  [1m[32mINSERT INTO "check_logs" ("service_id", "status_code", "response_time_ms", "success", "error_message", "created_at", "updated_at") VALUES (5, 200, 4055, TRUE, NULL, '2026-08-08 02:18:14.173470', '2026-08-08 02:19:14.173883') RETURNING "id" /*application='RailsProject1'*/[0m
  [1m[36mTRANSACTION (0.1ms)[0m  [1m[35mCOMMIT TRANSACTION /*application='RailsProject1'*/[0m
  [1m[36mCheckLog Load (0.1ms)[0m  [1m[34mSELECT "check_logs".* FROM "check_logs" WHERE "check_logs"."service_id" = 5 ORDER BY "check_logs"."created_at" DESC LIMIT 1 /*application='RailsProject1'*/[0m
  [1m[36mService Update (0.1ms)[0m  [1m[33mUPDATE "services" SET "last_checked_at" = '2026-08-08 02:18:14.173470', "last_response_time_ms" = 4055, "last_status_code" = 200 WHERE "services"."id" = 5 /*application='RailsProject1'*/[0m
  [1m[36mIncident Exists? (0.1ms)[0m  [1m[34mSELECT 1 AS one FROM "incidents" WHERE "incidents"."title" = 'Elevated Latency on Secondary Database Replicas' LIMIT 1 /*application='RailsProject1'*/[0m
  [1m[36mTRANSACTION (0.1ms)[0m  [1m[35mBEGIN immediate TRANSACTION /*application='RailsProject1'*/[0m
  [1m[36mIncident Create (2.1ms)[0m  [1m[32mINSERT INTO "incidents" ("title", "description", "status", "severity", "resolved_at", "created_at", "updated_at") VALUES ('Elevated Latency on Secondary Database Replicas', 'We are observing increased replication lag and response latency across read replicas in US-East region.', 'identified', 'degraded', NULL, '2026-08-08 02:19:14.192155', '2026-08-08 02:19:14.192155') RETURNING "id" /*application='RailsProject1'*/[0m
  [1m[36mTRANSACTION (0.2ms)[0m  [1m[35mCOMMIT TRANSACTION /*application='RailsProject1'*/[0m
  [1m[36mTRANSACTION (0.1ms)[0m  [1m[35mBEGIN immediate TRANSACTION /*application='RailsProject1'*/[0m
  ↳ app/models/incident.rb:26:in 'Incident#create_initial_update'
  [1m[36mIncidentUpdate Create (1.2ms)[0m  [1m[32mINSERT INTO "incident_updates" ("incident_id", "status", "body", "created_at", "updated_at") VALUES (1, 'identified', 'We are observing increased replication lag and response latency across read replicas in US-East region.', '2026-08-08 02:19:14.208422', '2026-08-08 02:19:14.208422') RETURNING "id" /*application='RailsProject1'*/[0m
  ↳ app/models/incident.rb:26:in 'Incident#create_initial_update'
  [1m[36mTRANSACTION (0.1ms)[0m  [1m[35mCOMMIT TRANSACTION /*application='RailsProject1'*/[0m
  ↳ app/models/incident.rb:26:in 'Incident#create_initial_update'
  [1m[36mService Load (0.1ms)[0m  [1m[34mSELECT "services".* FROM "services" WHERE "services"."name" = 'Database Replication Secondary' LIMIT 1 /*application='RailsProject1'*/[0m
  [1m[36mTRANSACTION (0.1ms)[0m  [1m[35mBEGIN immediate TRANSACTION /*application='RailsProject1'*/[0m
  [1m[36mIncidentService Create (0.1ms)[0m  [1m[32mINSERT INTO "incident_services" ("incident_id", "service_id", "created_at", "updated_at") VALUES (1, 5, '2026-08-08 02:19:14.226538', '2026-08-08 02:19:14.226538') RETURNING "id" /*application='RailsProject1'*/[0m
  [1m[36mTRANSACTION (0.1ms)[0m  [1m[35mCOMMIT TRANSACTION /*application='RailsProject1'*/[0m
  [1m[36mTRANSACTION (0.0ms)[0m  [1m[35mBEGIN immediate TRANSACTION /*application='RailsProject1'*/[0m
  [1m[36mIncidentUpdate Create (1.4ms)[0m  [1m[32mINSERT INTO "incident_updates" ("incident_id", "status", "body", "created_at", "updated_at") VALUES (1, 'identified', 'Root cause isolated to network packet loss on secondary region. Failover to primary replica initiated.', '2026-08-08 02:04:14.228994', '2026-08-08 02:19:14.229533') RETURNING "id" /*application='RailsProject1'*/[0m
  [1m[36mTRANSACTION (0.1ms)[0m  [1m[35mCOMMIT TRANSACTION /*application='RailsProject1'*/[0m
Using vips to process variants requires the libvips library. Please install libvips using the instructions on the libvips website.
Using vips to process variants requires the libvips library. Please install libvips using the instructions on the libvips website.
Using vips to process variants requires the libvips library. Please install libvips using the instructions on the libvips website.
Using vips to process variants requires the libvips library. Please install libvips using the instructions on the libvips website.
Using vips to process variants requires the libvips library. Please install libvips using the instructions on the libvips website.
Using vips to process variants requires the libvips library. Please install libvips using the instructions on the libvips website.
Started HEAD "/" for ::1 at 2026-08-07 22:35:11 -0400
  [1m[36mActiveRecord::SchemaMigration Load (0.2ms)[0m  [1m[34mSELECT "schema_migrations"."version" FROM "schema_migrations" ORDER BY "schema_migrations"."version" ASC /*application='RailsProject1'*/[0m
Processing by DashboardController#index as HTML
  [1m[36mService Load (0.3ms)[0m  [1m[34mSELECT "services".* FROM "services" ORDER BY "services"."position" ASC, "services"."name" ASC /*action='index',application='RailsProject1',controller='dashboard'*/[0m
  ↳ app/controllers/dashboard_controller.rb:15:in 'Enumerable#map'
  [1m[36mCheckLog Count (0.1ms)[0m  [1m[34mSELECT COUNT(*) FROM "check_logs" WHERE "check_logs"."service_id" = 1 AND "check_logs"."created_at" BETWEEN '2026-07-09 02:35:11.637929' AND '2026-08-08 02:35:11.640060' /*action='index',application='RailsProject1',controller='dashboard'*/[0m
  ↳ app/models/service.rb:116:in 'Service#uptime_percentage'
  [1m[36mCheckLog Count (0.1ms)[0m  [1m[34mSELECT COUNT(*) FROM "check_logs" WHERE "check_logs"."service_id" = 1 AND "check_logs"."created_at" BETWEEN '2026-07-09 02:35:11.637929' AND '2026-08-08 02:35:11.640060' AND "check_logs"."success" = TRUE /*action='index',application='RailsProject1',controller='dashboard'*/[0m
  ↳ app/models/service.rb:119:in 'Service#uptime_percentage'
  [1m[36mCheckLog Count (0.1ms)[0m  [1m[34mSELECT COUNT(*) FROM "check_logs" WHERE "check_logs"."service_id" = 2 AND "check_logs"."created_at" BETWEEN '2026-07-09 02:35:11.643697' AND '2026-08-08 02:35:11.644127' /*action='index',application='RailsProject1',controller='dashboard'*/[0m
  ↳ app/models/service.rb:116:in 'Service#uptime_percentage'
  [1m[36mCheckLog Count (0.1ms)[0m  [1m[34mSELECT COUNT(*) FROM "check_logs" WHERE "check_logs"."service_id" = 2 AND "check_logs"."created_at" BETWEEN '2026-07-09 02:35:11.643697' AND '2026-08-08 02:35:11.644127' AND "check_logs"."success" = TRUE /*action='index',application='RailsProject1',controller='dashboard'*/[0m
  ↳ app/models/service.rb:119:in 'Service#uptime_percentage'
  [1m[36mCheckLog Count (0.1ms)[0m  [1m[34mSELECT COUNT(*) FROM "check_logs" WHERE "check_logs"."service_id" = 3 AND "check_logs"."created_at" BETWEEN '2026-07-09 02:35:11.647031' AND '2026-08-08 02:35:11.647439' /*action='index',application='RailsProject1',controller='dashboard'*/[0m
  ↳ app/models/service.rb:116:in 'Service#uptime_percentage'
  [1m[36mCheckLog Count (0.1ms)[0m  [1m[34mSELECT COUNT(*) FROM "check_logs" WHERE "check_logs"."service_id" = 3 AND "check_logs"."created_at" BETWEEN '2026-07-09 02:35:11.647031' AND '2026-08-08 02:35:11.647439' AND "check_logs"."success" = TRUE /*action='index',application='RailsProject1',controller='dashboard'*/[0m
  ↳ app/models/service.rb:119:in 'Service#uptime_percentage'
  [1m[36mCheckLog Count (0.2ms)[0m  [1m[34mSELECT COUNT(*) FROM "check_logs" WHERE "check_logs"."service_id" = 4 AND "check_logs"."created_at" BETWEEN '2026-07-09 02:35:11.650440' AND '2026-08-08 02:35:11.650748' /*action='index',application='RailsProject1',controller='dashboard'*/[0m
  ↳ app/models/service.rb:116:in 'Service#uptime_percentage'
  [1m[36mCheckLog Count (0.1ms)[0m  [1m[34mSELECT COUNT(*) FROM "check_logs" WHERE "check_logs"."service_id" = 4 AND "check_logs"."created_at" BETWEEN '2026-07-09 02:35:11.650440' AND '2026-08-08 02:35:11.650748' AND "check_logs"."success" = TRUE /*action='index',application='RailsProject1',controller='dashboard'*/[0m
  ↳ app/models/service.rb:119:in 'Service#uptime_percentage'
  [1m[36mCheckLog Count (0.3ms)[0m  [1m[34mSELECT COUNT(*) FROM "check_logs" WHERE "check_logs"."service_id" = 5 AND "check_logs"."created_at" BETWEEN '2026-07-09 02:35:11.653778' AND '2026-08-08 02:35:11.654172' /*action='index',application='RailsProject1',controller='dashboard'*/[0m
  ↳ app/models/service.rb:116:in 'Service#uptime_percentage'
  [1m[36mCheckLog Count (0.2ms)[0m  [1m[34mSELECT COUNT(*) FROM "check_logs" WHERE "check_logs"."service_id" = 5 AND "check_logs"."created_at" BETWEEN '2026-07-09 02:35:11.653778' AND '2026-08-08 02:35:11.654172' AND "check_logs"."success" = TRUE /*action='index',application='RailsProject1',controller='dashboard'*/[0m
  ↳ app/models/service.rb:119:in 'Service#uptime_percentage'
  [1m[36mCheckLog Exists? (0.2ms)[0m  [1m[34mSELECT 1 AS one FROM "check_logs" WHERE "check_logs"."service_id" = 1 AND "check_logs"."success" = TRUE AND "check_logs"."created_at" BETWEEN '2026-08-07 02:35:11.657918' AND '2026-08-08 02:35:11.657997' LIMIT 1 /*action='index',application='RailsProject1',controller='dashboard'*/[0m
  ↳ app/models/service.rb:125:in 'Service#average_response_time_ms'
  [1m[36mCheckLog Average (0.2ms)[0m  [1m[34mSELECT AVG("check_logs"."response_time_ms") FROM "check_logs" WHERE "check_logs"."service_id" = 1 AND "check_logs"."success" = TRUE AND "check_logs"."created_at" BETWEEN '2026-08-07 02:35:11.657918' AND '2026-08-08 02:35:11.657997' /*action='index',application='RailsProject1',controller='dashboard'*/[0m
  ↳ app/models/service.rb:127:in 'Service#average_response_time_ms'
  [1m[36mCheckLog Exists? (0.2ms)[0m  [1m[34mSELECT 1 AS one FROM "check_logs" WHERE "check_logs"."service_id" = 2 AND "check_logs"."success" = TRUE AND "check_logs"."created_at" BETWEEN '2026-08-07 02:35:11.662369' AND '2026-08-08 02:35:11.662433' LIMIT 1 /*action='index',application='RailsProject1',controller='dashboard'*/[0m
  ↳ app/models/service.rb:125:in 'Service#average_response_time_ms'
  [1m[36mCheckLog Average (0.2ms)[0m  [1m[34mSELECT AVG("check_logs"."response_time_ms") FROM "check_logs" WHERE "check_logs"."service_id" = 2 AND "check_logs"."success" = TRUE AND "check_logs"."created_at" BETWEEN '2026-08-07 02:35:11.662369' AND '2026-08-08 02:35:11.662433' /*action='index',application='RailsProject1',controller='dashboard'*/[0m
  ↳ app/models/service.rb:127:in 'Service#average_response_time_ms'
  [1m[36mCheckLog Exists? (0.2ms)[0m  [1m[34mSELECT 1 AS one FROM "check_logs" WHERE "check_logs"."service_id" = 3 AND "check_logs"."success" = TRUE AND "check_logs"."created_at" BETWEEN '2026-08-07 02:35:11.665390' AND '2026-08-08 02:35:11.665455' LIMIT 1 /*action='index',application='RailsProject1',controller='dashboard'*/[0m
  ↳ app/models/service.rb:125:in 'Service#average_response_time_ms'
  [1m[36mCheckLog Average (0.2ms)[0m  [1m[34mSELECT AVG("check_logs"."response_time_ms") FROM "check_logs" WHERE "check_logs"."service_id" = 3 AND "check_logs"."success" = TRUE AND "check_logs"."created_at" BETWEEN '2026-08-07 02:35:11.665390' AND '2026-08-08 02:35:11.665455' /*action='index',application='RailsProject1',controller='dashboard'*/[0m
  ↳ app/models/service.rb:127:in 'Service#average_response_time_ms'
  [1m[36mCheckLog Exists? (0.1ms)[0m  [1m[34mSELECT 1 AS one FROM "check_logs" WHERE "check_logs"."service_id" = 4 AND "check_logs"."success" = TRUE AND "check_logs"."created_at" BETWEEN '2026-08-07 02:35:11.668757' AND '2026-08-08 02:35:11.668833' LIMIT 1 /*action='index',application='RailsProject1',controller='dashboard'*/[0m
  ↳ app/models/service.rb:125:in 'Service#average_response_time_ms'
  [1m[36mCheckLog Average (0.1ms)[0m  [1m[34mSELECT AVG("check_logs"."response_time_ms") FROM "check_logs" WHERE "check_logs"."service_id" = 4 AND "check_logs"."success" = TRUE AND "check_logs"."created_at" BETWEEN '2026-08-07 02:35:11.668757' AND '2026-08-08 02:35:11.668833' /*action='index',application='RailsProject1',controller='dashboard'*/[0m
  ↳ app/models/service.rb:127:in 'Service#average_response_time_ms'
  [1m[36mCheckLog Exists? (0.2ms)[0m  [1m[34mSELECT 1 AS one FROM "check_logs" WHERE "check_logs"."service_id" = 5 AND "check_logs"."success" = TRUE AND "check_logs"."created_at" BETWEEN '2026-08-07 02:35:11.671919' AND '2026-08-08 02:35:11.671967' LIMIT 1 /*action='index',application='RailsProject1',controller='dashboard'*/[0m
  ↳ app/models/service.rb:125:in 'Service#average_response_time_ms'
  [1m[36mCheckLog Average (0.2ms)[0m  [1m[34mSELECT AVG("check_logs"."response_time_ms") FROM "check_logs" WHERE "check_logs"."service_id" = 5 AND "check_logs"."success" = TRUE AND "check_logs"."created_at" BETWEEN '2026-08-07 02:35:11.671919' AND '2026-08-08 02:35:11.671967' /*action='index',application='RailsProject1',controller='dashboard'*/[0m
  ↳ app/models/service.rb:127:in 'Service#average_response_time_ms'
  Rendering layout layouts/application.html.erb
  Rendering dashboard/index.html.erb within layouts/application
  [1m[36mIncident Exists? (0.1ms)[0m  [1m[34mSELECT 1 AS one FROM "incidents" WHERE "incidents"."status" != 'resolved' LIMIT 1 /*action='index',application='RailsProject1',controller='dashboard'*/[0m
  ↳ app/views/dashboard/index.html.erb:51
  [1m[36mIncident Count (0.1ms)[0m  [1m[34mSELECT COUNT(*) FROM "incidents" WHERE "incidents"."status" != 'resolved' /*action='index',application='RailsProject1',controller='dashboard'*/[0m
  ↳ app/views/dashboard/index.html.erb:52
  [1m[36mCACHE Incident Exists? (0.0ms)[0m  [1m[34mSELECT 1 AS one FROM "incidents" WHERE "incidents"."status" != 'resolved' LIMIT 1[0m
  ↳ app/views/dashboard/index.html.erb:57
  [1m[36mIncident Load (0.1ms)[0m  [1m[34mSELECT "incidents".* FROM "incidents" WHERE "incidents"."status" != 'resolved' ORDER BY "incidents"."created_at" DESC /*action='index',application='RailsProject1',controller='dashboard'*/[0m
  ↳ app/views/dashboard/index.html.erb:64
  [1m[36mService Exists? (0.1ms)[0m  [1m[34mSELECT 1 AS one FROM "services" INNER JOIN "incident_services" ON "services"."id" = "incident_services"."service_id" WHERE "incident_services"."incident_id" = 1 LIMIT 1 /*action='index',application='RailsProject1',controller='dashboard'*/[0m
  ↳ app/views/dashboard/index.html.erb:80
  [1m[36mService Load (0.2ms)[0m  [1m[34mSELECT "services".* FROM "services" INNER JOIN "incident_services" ON "services"."id" = "incident_services"."service_id" WHERE "incident_services"."incident_id" = 1 /*action='index',application='RailsProject1',controller='dashboard'*/[0m
  ↳ app/views/dashboard/index.html.erb:83
  [1m[36mCheckLog Load (0.2ms)[0m  [1m[34mSELECT "check_logs".* FROM "check_logs" WHERE "check_logs"."service_id" = 1 ORDER BY "check_logs"."created_at" DESC LIMIT 45 /*action='index',application='RailsProject1',controller='dashboard'*/[0m
  ↳ app/models/service.rb:132:in 'Service#history_bars'
  Rendered services/_service_card.html.erb (Duration: 33.8ms | GC: 22.5ms)
  [1m[36mCheckLog Load (0.2ms)[0m  [1m[34mSELECT "check_logs".* FROM "check_logs" WHERE "check_logs"."service_id" = 2 ORDER BY "check_logs"."created_at" DESC LIMIT 45 /*action='index',application='RailsProject1',controller='dashboard'*/[0m
  ↳ app/models/service.rb:132:in 'Service#history_bars'
  Rendered services/_service_card.html.erb (Duration: 2.7ms | GC: 0.0ms)
  [1m[36mCheckLog Load (0.1ms)[0m  [1m[34mSELECT "check_logs".* FROM "check_logs" WHERE "check_logs"."service_id" = 3 ORDER BY "check_logs"."created_at" DESC LIMIT 45 /*action='index',application='RailsProject1',controller='dashboard'*/[0m
  ↳ app/models/service.rb:132:in 'Service#history_bars'
  Rendered services/_service_card.html.erb (Duration: 2.3ms | GC: 0.5ms)
  [1m[36mCheckLog Load (0.1ms)[0m  [1m[34mSELECT "check_logs".* FROM "check_logs" WHERE "check_logs"."service_id" = 4 ORDER BY "check_logs"."created_at" DESC LIMIT 45 /*action='index',application='RailsProject1',controller='dashboard'*/[0m
  ↳ app/models/service.rb:132:in 'Service#history_bars'
  Rendered services/_service_card.html.erb (Duration: 1.8ms | GC: 0.0ms)
  [1m[36mCheckLog Load (0.1ms)[0m  [1m[34mSELECT "check_logs".* FROM "check_logs" WHERE "check_logs"."service_id" = 5 ORDER BY "check_logs"."created_at" DESC LIMIT 45 /*action='index',application='RailsProject1',controller='dashboard'*/[0m
  ↳ app/models/service.rb:132:in 'Service#history_bars'
  Rendered services/_service_card.html.erb (Duration: 1.7ms | GC: 0.0ms)
  Rendered dashboard/index.html.erb within layouts/application (Duration: 76.7ms | GC: 35.0ms)
  Rendered layout layouts/application.html.erb (Duration: 83.4ms | GC: 36.2ms)
Completed 200 OK in 175ms (Views: 83.6ms | ActiveRecord: 8.8ms (32 queries, 1 cached) | GC: 36.2ms)


Started GET "/" for ::1 at 2026-08-07 22:35:11 -0400
Processing by DashboardController#index as HTML
  [1m[36mService Load (0.2ms)[0m  [1m[34mSELECT "services".* FROM "services" ORDER BY "services"."position" ASC, "services"."name" ASC /*action='index',application='RailsProject1',controller='dashboard'*/[0m
  ↳ app/controllers/dashboard_controller.rb:15:in 'Enumerable#map'
  [1m[36mCheckLog Count (0.1ms)[0m  [1m[34mSELECT COUNT(*) FROM "check_logs" WHERE "check_logs"."service_id" = 1 AND "check_logs"."created_at" BETWEEN '2026-07-09 02:35:11.773219' AND '2026-08-08 02:35:11.773457' /*action='index',application='RailsProject1',controller='dashboard'*/[0m
  ↳ app/models/service.rb:116:in 'Service#uptime_percentage'
  [1m[36mCheckLog Count (0.2ms)[0m  [1m[34mSELECT COUNT(*) FROM "check_logs" WHERE "check_logs"."service_id" = 1 AND "check_logs"."created_at" BETWEEN '2026-07-09 02:35:11.773219' AND '2026-08-08 02:35:11.773457' AND "check_logs"."success" = TRUE /*action='index',application='RailsProject1',controller='dashboard'*/[0m
  ↳ app/models/service.rb:119:in 'Service#uptime_percentage'
  [1m[36mCheckLog Count (0.1ms)[0m  [1m[34mSELECT COUNT(*) FROM "check_logs" WHERE "check_logs"."service_id" = 2 AND "check_logs"."created_at" BETWEEN '2026-07-09 02:35:11.776285' AND '2026-08-08 02:35:11.776642' /*action='index',application='RailsProject1',controller='dashboard'*/[0m
  ↳ app/models/service.rb:116:in 'Service#uptime_percentage'
  [1m[36mCheckLog Count (0.1ms)[0m  [1m[34mSELECT COUNT(*) FROM "check_logs" WHERE "check_logs"."service_id" = 2 AND "check_logs"."created_at" BETWEEN '2026-07-09 02:35:11.776285' AND '2026-08-08 02:35:11.776642' AND "check_logs"."success" = TRUE /*action='index',application='RailsProject1',controller='dashboard'*/[0m
  ↳ app/models/service.rb:119:in 'Service#uptime_percentage'
  [1m[36mCheckLog Count (0.1ms)[0m  [1m[34mSELECT COUNT(*) FROM "check_logs" WHERE "check_logs"."service_id" = 3 AND "check_logs"."created_at" BETWEEN '2026-07-09 02:35:11.778769' AND '2026-08-08 02:35:11.778929' /*action='index',application='RailsProject1',controller='dashboard'*/[0m
  ↳ app/models/service.rb:116:in 'Service#uptime_percentage'
  [1m[36mCheckLog Count (0.1ms)[0m  [1m[34mSELECT COUNT(*) FROM "check_logs" WHERE "check_logs"."service_id" = 3 AND "check_logs"."created_at" BETWEEN '2026-07-09 02:35:11.778769' AND '2026-08-08 02:35:11.778929' AND "check_logs"."success" = TRUE /*action='index',application='RailsProject1',controller='dashboard'*/[0m
  ↳ app/models/service.rb:119:in 'Service#uptime_percentage'
  [1m[36mCheckLog Count (0.1ms)[0m  [1m[34mSELECT COUNT(*) FROM "check_logs" WHERE "check_logs"."service_id" = 4 AND "check_logs"."created_at" BETWEEN '2026-07-09 02:35:11.780207' AND '2026-08-08 02:35:11.780353' /*action='index',application='RailsProject1',controller='dashboard'*/[0m
  ↳ app/models/service.rb:116:in 'Service#uptime_percentage'
  [1m[36mCheckLog Count (0.1ms)[0m  [1m[34mSELECT COUNT(*) FROM "check_logs" WHERE "check_logs"."service_id" = 4 AND "check_logs"."created_at" BETWEEN '2026-07-09 02:35:11.780207' AND '2026-08-08 02:35:11.780353' AND "check_logs"."success" = TRUE /*action='index',application='RailsProject1',controller='dashboard'*/[0m
  ↳ app/models/service.rb:119:in 'Service#uptime_percentage'
  [1m[36mCheckLog Count (0.1ms)[0m  [1m[34mSELECT COUNT(*) FROM "check_logs" WHERE "check_logs"."service_id" = 5 AND "check_logs"."created_at" BETWEEN '2026-07-09 02:35:11.781612' AND '2026-08-08 02:35:11.781744' /*action='index',application='RailsProject1',controller='dashboard'*/[0m
  ↳ app/models/service.rb:116:in 'Service#uptime_percentage'
  [1m[36mCheckLog Count (0.1ms)[0m  [1m[34mSELECT COUNT(*) FROM "check_logs" WHERE "check_logs"."service_id" = 5 AND "check_logs"."created_at" BETWEEN '2026-07-09 02:35:11.781612' AND '2026-08-08 02:35:11.781744' AND "check_logs"."success" = TRUE /*action='index',application='RailsProject1',controller='dashboard'*/[0m
  ↳ app/models/service.rb:119:in 'Service#uptime_percentage'
  [1m[36mCheckLog Exists? (0.1ms)[0m  [1m[34mSELECT 1 AS one FROM "check_logs" WHERE "check_logs"."service_id" = 1 AND "check_logs"."success" = TRUE AND "check_logs"."created_at" BETWEEN '2026-08-07 02:35:11.783078' AND '2026-08-08 02:35:11.783105' LIMIT 1 /*action='index',application='RailsProject1',controller='dashboard'*/[0m
  ↳ app/models/service.rb:125:in 'Service#average_response_time_ms'
  [1m[36mCheckLog Average (0.1ms)[0m  [1m[34mSELECT AVG("check_logs"."response_time_ms") FROM "check_logs" WHERE "check_logs"."service_id" = 1 AND "check_logs"."success" = TRUE AND "check_logs"."created_at" BETWEEN '2026-08-07 02:35:11.783078' AND '2026-08-08 02:35:11.783105' /*action='index',application='RailsProject1',controller='dashboard'*/[0m
  ↳ app/models/service.rb:127:in 'Service#average_response_time_ms'
  [1m[36mCheckLog Exists? (0.1ms)[0m  [1m[34mSELECT 1 AS one FROM "check_logs" WHERE "check_logs"."service_id" = 2 AND "check_logs"."success" = TRUE AND "check_logs"."created_at" BETWEEN '2026-08-07 02:35:11.784798' AND '2026-08-08 02:35:11.784824' LIMIT 1 /*action='index',application='RailsProject1',controller='dashboard'*/[0m
  ↳ app/models/service.rb:125:in 'Service#average_response_time_ms'
  [1m[36mCheckLog Average (0.1ms)[0m  [1m[34mSELECT AVG("check_logs"."response_time_ms") FROM "check_logs" WHERE "check_logs"."service_id" = 2 AND "check_logs"."success" = TRUE AND "check_logs"."created_at" BETWEEN '2026-08-07 02:35:11.784798' AND '2026-08-08 02:35:11.784824' /*action='index',application='RailsProject1',controller='dashboard'*/[0m
  ↳ app/models/service.rb:127:in 'Service#average_response_time_ms'
  [1m[36mCheckLog Exists? (0.1ms)[0m  [1m[34mSELECT 1 AS one FROM "check_logs" WHERE "check_logs"."service_id" = 3 AND "check_logs"."success" = TRUE AND "check_logs"."created_at" BETWEEN '2026-08-07 02:35:11.786098' AND '2026-08-08 02:35:11.786123' LIMIT 1 /*action='index',application='RailsProject1',controller='dashboard'*/[0m
  ↳ app/models/service.rb:125:in 'Service#average_response_time_ms'
  [1m[36mCheckLog Average (0.1ms)[0m  [1m[34mSELECT AVG("check_logs"."response_time_ms") FROM "check_logs" WHERE "check_logs"."service_id" = 3 AND "check_logs"."success" = TRUE AND "check_logs"."created_at" BETWEEN '2026-08-07 02:35:11.786098' AND '2026-08-08 02:35:11.786123' /*action='index',application='RailsProject1',controller='dashboard'*/[0m
  ↳ app/models/service.rb:127:in 'Service#average_response_time_ms'
  [1m[36mCheckLog Exists? (0.1ms)[0m  [1m[34mSELECT 1 AS one FROM "check_logs" WHERE "check_logs"."service_id" = 4 AND "check_logs"."success" = TRUE AND "check_logs"."created_at" BETWEEN '2026-08-07 02:35:11.787414' AND '2026-08-08 02:35:11.787439' LIMIT 1 /*action='index',application='RailsProject1',controller='dashboard'*/[0m
  ↳ app/models/service.rb:125:in 'Service#average_response_time_ms'
  [1m[36mCheckLog Average (0.1ms)[0m  [1m[34mSELECT AVG("check_logs"."response_time_ms") FROM "check_logs" WHERE "check_logs"."service_id" = 4 AND "check_logs"."success" = TRUE AND "check_logs"."created_at" BETWEEN '2026-08-07 02:35:11.787414' AND '2026-08-08 02:35:11.787439' /*action='index',application='RailsProject1',controller='dashboard'*/[0m
  ↳ app/models/service.rb:127:in 'Service#average_response_time_ms'
  [1m[36mCheckLog Exists? (0.1ms)[0m  [1m[34mSELECT 1 AS one FROM "check_logs" WHERE "check_logs"."service_id" = 5 AND "check_logs"."success" = TRUE AND "check_logs"."created_at" BETWEEN '2026-08-07 02:35:11.788764' AND '2026-08-08 02:35:11.788789' LIMIT 1 /*action='index',application='RailsProject1',controller='dashboard'*/[0m
  ↳ app/models/service.rb:125:in 'Service#average_response_time_ms'
  [1m[36mCheckLog Average (0.1ms)[0m  [1m[34mSELECT AVG("check_logs"."response_time_ms") FROM "check_logs" WHERE "check_logs"."service_id" = 5 AND "check_logs"."success" = TRUE AND "check_logs"."created_at" BETWEEN '2026-08-07 02:35:11.788764' AND '2026-08-08 02:35:11.788789' /*action='index',application='RailsProject1',controller='dashboard'*/[0m
  ↳ app/models/service.rb:127:in 'Service#average_response_time_ms'
  Rendering layout layouts/application.html.erb
  Rendering dashboard/index.html.erb within layouts/application
  [1m[36mIncident Exists? (0.0ms)[0m  [1m[34mSELECT 1 AS one FROM "incidents" WHERE "incidents"."status" != 'resolved' LIMIT 1 /*action='index',application='RailsProject1',controller='dashboard'*/[0m
  ↳ app/views/dashboard/index.html.erb:51
  [1m[36mIncident Count (0.0ms)[0m  [1m[34mSELECT COUNT(*) FROM "incidents" WHERE "incidents"."status" != 'resolved' /*action='index',application='RailsProject1',controller='dashboard'*/[0m
  ↳ app/views/dashboard/index.html.erb:52
  [1m[36mCACHE Incident Exists? (0.0ms)[0m  [1m[34mSELECT 1 AS one FROM "incidents" WHERE "incidents"."status" != 'resolved' LIMIT 1[0m
  ↳ app/views/dashboard/index.html.erb:57
  [1m[36mIncident Load (0.1ms)[0m  [1m[34mSELECT "incidents".* FROM "incidents" WHERE "incidents"."status" != 'resolved' ORDER BY "incidents"."created_at" DESC /*action='index',application='RailsProject1',controller='dashboard'*/[0m
  ↳ app/views/dashboard/index.html.erb:64
  [1m[36mService Exists? (0.1ms)[0m  [1m[34mSELECT 1 AS one FROM "services" INNER JOIN "incident_services" ON "services"."id" = "incident_services"."service_id" WHERE "incident_services"."incident_id" = 1 LIMIT 1 /*action='index',application='RailsProject1',controller='dashboard'*/[0m
  ↳ app/views/dashboard/index.html.erb:80
  [1m[36mService Load (0.1ms)[0m  [1m[34mSELECT "services".* FROM "services" INNER JOIN "incident_services" ON "services"."id" = "incident_services"."service_id" WHERE "incident_services"."incident_id" = 1 /*action='index',application='RailsProject1',controller='dashboard'*/[0m
  ↳ app/views/dashboard/index.html.erb:83
  [1m[36mCheckLog Load (0.2ms)[0m  [1m[34mSELECT "check_logs".* FROM "check_logs" WHERE "check_logs"."service_id" = 1 ORDER BY "check_logs"."created_at" DESC LIMIT 45 /*action='index',application='RailsProject1',controller='dashboard'*/[0m
  ↳ app/models/service.rb:132:in 'Service#history_bars'
  Rendered services/_service_card.html.erb (Duration: 2.1ms | GC: 0.0ms)
  [1m[36mCheckLog Load (0.1ms)[0m  [1m[34mSELECT "check_logs".* FROM "check_logs" WHERE "check_logs"."service_id" = 2 ORDER BY "check_logs"."created_at" DESC LIMIT 45 /*action='index',application='RailsProject1',controller='dashboard'*/[0m
  ↳ app/models/service.rb:132:in 'Service#history_bars'
  Rendered services/_service_card.html.erb (Duration: 2.1ms | GC: 0.1ms)
  [1m[36mCheckLog Load (0.1ms)[0m  [1m[34mSELECT "check_logs".* FROM "check_logs" WHERE "check_logs"."service_id" = 3 ORDER BY "check_logs"."created_at" DESC LIMIT 45 /*action='index',application='RailsProject1',controller='dashboard'*/[0m
  ↳ app/models/service.rb:132:in 'Service#history_bars'
  Rendered services/_service_card.html.erb (Duration: 2.0ms | GC: 0.0ms)
  [1m[36mCheckLog Load (0.1ms)[0m  [1m[34mSELECT "check_logs".* FROM "check_logs" WHERE "check_logs"."service_id" = 4 ORDER BY "check_logs"."created_at" DESC LIMIT 45 /*action='index',application='RailsProject1',controller='dashboard'*/[0m
  ↳ app/models/service.rb:132:in 'Service#history_bars'
  Rendered services/_service_card.html.erb (Duration: 1.7ms | GC: 0.0ms)
  [1m[36mCheckLog Load (0.1ms)[0m  [1m[34mSELECT "check_logs".* FROM "check_logs" WHERE "check_logs"."service_id" = 5 ORDER BY "check_logs"."created_at" DESC LIMIT 45 /*action='index',application='RailsProject1',controller='dashboard'*/[0m
  ↳ app/models/service.rb:132:in 'Service#history_bars'
  Rendered services/_service_card.html.erb (Duration: 4.5ms | GC: 1.7ms)
  Rendered dashboard/index.html.erb within layouts/application (Duration: 17.4ms | GC: 2.0ms)
  Rendered layout layouts/application.html.erb (Duration: 18.1ms | GC: 2.0ms)
Completed 200 OK in 37ms (Views: 17.5ms | ActiveRecord: 2.5ms (32 queries, 1 cached) | GC: 2.8ms)


Started HEAD "/status" for ::1 at 2026-08-07 22:35:13 -0400
Processing by StatusPageController#show as HTML
  [1m[36mService Load (0.2ms)[0m  [1m[34mSELECT "services".* FROM "services" ORDER BY "services"."position" ASC, "services"."name" ASC /*action='show',application='RailsProject1',controller='status_page'*/[0m
  ↳ app/controllers/status_page_controller.rb:16:in 'Enumerable#map'
  [1m[36mCheckLog Count (0.2ms)[0m  [1m[34mSELECT COUNT(*) FROM "check_logs" WHERE "check_logs"."service_id" = 1 AND "check_logs"."created_at" BETWEEN '2026-07-09 02:35:13.217934' AND '2026-08-08 02:35:13.218560' /*action='show',application='RailsProject1',controller='status_page'*/[0m
  ↳ app/models/service.rb:116:in 'Service#uptime_percentage'
  [1m[36mCheckLog Count (0.2ms)[0m  [1m[34mSELECT COUNT(*) FROM "check_logs" WHERE "check_logs"."service_id" = 1 AND "check_logs"."created_at" BETWEEN '2026-07-09 02:35:13.217934' AND '2026-08-08 02:35:13.218560' AND "check_logs"."success" = TRUE /*action='show',application='RailsProject1',controller='status_page'*/[0m
  ↳ app/models/service.rb:119:in 'Service#uptime_percentage'
  [1m[36mCheckLog Count (0.2ms)[0m  [1m[34mSELECT COUNT(*) FROM "check_logs" WHERE "check_logs"."service_id" = 2 AND "check_logs"."created_at" BETWEEN '2026-07-09 02:35:13.222248' AND '2026-08-08 02:35:13.222925' /*action='show',application='RailsProject1',controller='status_page'*/[0m
  ↳ app/models/service.rb:116:in 'Service#uptime_percentage'
  [1m[36mCheckLog Count (0.2ms)[0m  [1m[34mSELECT COUNT(*) FROM "check_logs" WHERE "check_logs"."service_id" = 2 AND "check_logs"."created_at" BETWEEN '2026-07-09 02:35:13.222248' AND '2026-08-08 02:35:13.222925' AND "check_logs"."success" = TRUE /*action='show',application='RailsProject1',controller='status_page'*/[0m
  ↳ app/models/service.rb:119:in 'Service#uptime_percentage'
  [1m[36mCheckLog Count (0.2ms)[0m  [1m[34mSELECT COUNT(*) FROM "check_logs" WHERE "check_logs"."service_id" = 3 AND "check_logs"."created_at" BETWEEN '2026-07-09 02:35:13.227065' AND '2026-08-08 02:35:13.227522' /*action='show',application='RailsProject1',controller='status_page'*/[0m
  ↳ app/models/service.rb:116:in 'Service#uptime_percentage'
  [1m[36mCheckLog Count (0.2ms)[0m  [1m[34mSELECT COUNT(*) FROM "check_logs" WHERE "check_logs"."service_id" = 3 AND "check_logs"."created_at" BETWEEN '2026-07-09 02:35:13.227065' AND '2026-08-08 02:35:13.227522' AND "check_logs"."success" = TRUE /*action='show',application='RailsProject1',controller='status_page'*/[0m
  ↳ app/models/service.rb:119:in 'Service#uptime_percentage'
  [1m[36mCheckLog Count (0.2ms)[0m  [1m[34mSELECT COUNT(*) FROM "check_logs" WHERE "check_logs"."service_id" = 4 AND "check_logs"."created_at" BETWEEN '2026-07-09 02:35:13.230568' AND '2026-08-08 02:35:13.230966' /*action='show',application='RailsProject1',controller='status_page'*/[0m
  ↳ app/models/service.rb:116:in 'Service#uptime_percentage'
  [1m[36mCheckLog Count (0.2ms)[0m  [1m[34mSELECT COUNT(*) FROM "check_logs" WHERE "check_logs"."service_id" = 4 AND "check_logs"."created_at" BETWEEN '2026-07-09 02:35:13.230568' AND '2026-08-08 02:35:13.230966' AND "check_logs"."success" = TRUE /*action='show',application='RailsProject1',controller='status_page'*/[0m
  ↳ app/models/service.rb:119:in 'Service#uptime_percentage'
  [1m[36mCheckLog Count (0.1ms)[0m  [1m[34mSELECT COUNT(*) FROM "check_logs" WHERE "check_logs"."service_id" = 5 AND "check_logs"."created_at" BETWEEN '2026-07-09 02:35:13.234350' AND '2026-08-08 02:35:13.234756' /*action='show',application='RailsProject1',controller='status_page'*/[0m
  ↳ app/models/service.rb:116:in 'Service#uptime_percentage'
  [1m[36mCheckLog Count (0.2ms)[0m  [1m[34mSELECT COUNT(*) FROM "check_logs" WHERE "check_logs"."service_id" = 5 AND "check_logs"."created_at" BETWEEN '2026-07-09 02:35:13.234350' AND '2026-08-08 02:35:13.234756' AND "check_logs"."success" = TRUE /*action='show',application='RailsProject1',controller='status_page'*/[0m
  ↳ app/models/service.rb:119:in 'Service#uptime_percentage'
  Rendering layout layouts/status_page.html.erb
  Rendering status_page/show.html.erb within layouts/status_page
  [1m[36mIncident Exists? (0.1ms)[0m  [1m[34mSELECT 1 AS one FROM "incidents" WHERE "incidents"."status" != 'resolved' LIMIT 1 /*action='show',application='RailsProject1',controller='status_page'*/[0m
  ↳ app/views/status_page/show.html.erb:34
  [1m[36mIncident Load (0.2ms)[0m  [1m[34mSELECT "incidents".* FROM "incidents" WHERE "incidents"."status" != 'resolved' ORDER BY "incidents"."created_at" DESC /*action='show',application='RailsProject1',controller='status_page'*/[0m
  ↳ app/views/status_page/show.html.erb:37
  [1m[36mIncidentUpdate Load (0.2ms)[0m  [1m[34mSELECT "incident_updates".* FROM "incident_updates" WHERE "incident_updates"."incident_id" = 1 ORDER BY "incident_updates"."created_at" DESC /*action='show',application='RailsProject1',controller='status_page'*/[0m
  ↳ app/views/status_page/show.html.erb:50
  [1m[36mCheckLog Load (0.3ms)[0m  [1m[34mSELECT "check_logs".* FROM "check_logs" WHERE "check_logs"."service_id" = 1 ORDER BY "check_logs"."created_at" DESC LIMIT 45 /*action='show',application='RailsProject1',controller='status_page'*/[0m
  ↳ app/models/service.rb:132:in 'Service#history_bars'
  [1m[36mCheckLog Count (0.2ms)[0m  [1m[34mSELECT COUNT(*) FROM "check_logs" WHERE "check_logs"."service_id" = 1 AND "check_logs"."created_at" BETWEEN '2026-07-09 02:35:13.255200' AND '2026-08-08 02:35:13.255414' /*action='show',application='RailsProject1',controller='status_page'*/[0m
  ↳ app/models/service.rb:116:in 'Service#uptime_percentage'
  [1m[36mCheckLog Count (0.2ms)[0m  [1m[34mSELECT COUNT(*) FROM "check_logs" WHERE "check_logs"."service_id" = 1 AND "check_logs"."created_at" BETWEEN '2026-07-09 02:35:13.255200' AND '2026-08-08 02:35:13.255414' AND "check_logs"."success" = TRUE /*action='show',application='RailsProject1',controller='status_page'*/[0m
  ↳ app/models/service.rb:119:in 'Service#uptime_percentage'
  [1m[36mCheckLog Load (0.3ms)[0m  [1m[34mSELECT "check_logs".* FROM "check_logs" WHERE "check_logs"."service_id" = 2 ORDER BY "check_logs"."created_at" DESC LIMIT 45 /*action='show',application='RailsProject1',controller='status_page'*/[0m
  ↳ app/models/service.rb:132:in 'Service#history_bars'
  [1m[36mCheckLog Count (0.1ms)[0m  [1m[34mSELECT COUNT(*) FROM "check_logs" WHERE "check_logs"."service_id" = 2 AND "check_logs"."created_at" BETWEEN '2026-07-09 02:35:13.261782' AND '2026-08-08 02:35:13.261925' /*action='show',application='RailsProject1',controller='status_page'*/[0m
  ↳ app/models/service.rb:116:in 'Service#uptime_percentage'
  [1m[36mCheckLog Count (0.1ms)[0m  [1m[34mSELECT COUNT(*) FROM "check_logs" WHERE "check_logs"."service_id" = 2 AND "check_logs"."created_at" BETWEEN '2026-07-09 02:35:13.261782' AND '2026-08-08 02:35:13.261925' AND "check_logs"."success" = TRUE /*action='show',application='RailsProject1',controller='status_page'*/[0m
  ↳ app/models/service.rb:119:in 'Service#uptime_percentage'
  [1m[36mCheckLog Load (0.3ms)[0m  [1m[34mSELECT "check_logs".* FROM "check_logs" WHERE "check_logs"."service_id" = 3 ORDER BY "check_logs"."created_at" DESC LIMIT 45 /*action='show',application='RailsProject1',controller='status_page'*/[0m
  ↳ app/models/service.rb:132:in 'Service#history_bars'
  [1m[36mCheckLog Count (0.1ms)[0m  [1m[34mSELECT COUNT(*) FROM "check_logs" WHERE "check_logs"."service_id" = 3 AND "check_logs"."created_at" BETWEEN '2026-07-09 02:35:13.287540' AND '2026-08-08 02:35:13.287686' /*action='show',application='RailsProject1',controller='status_page'*/[0m
  ↳ app/models/service.rb:116:in 'Service#uptime_percentage'
  [1m[36mCheckLog Count (0.1ms)[0m  [1m[34mSELECT COUNT(*) FROM "check_logs" WHERE "check_logs"."service_id" = 3 AND "check_logs"."created_at" BETWEEN '2026-07-09 02:35:13.287540' AND '2026-08-08 02:35:13.287686' AND "check_logs"."success" = TRUE /*action='show',application='RailsProject1',controller='status_page'*/[0m
  ↳ app/models/service.rb:119:in 'Service#uptime_percentage'
  [1m[36mCheckLog Load (0.2ms)[0m  [1m[34mSELECT "check_logs".* FROM "check_logs" WHERE "check_logs"."service_id" = 4 ORDER BY "check_logs"."created_at" DESC LIMIT 45 /*action='show',application='RailsProject1',controller='status_page'*/[0m
  ↳ app/models/service.rb:132:in 'Service#history_bars'
  [1m[36mCheckLog Count (0.3ms)[0m  [1m[34mSELECT COUNT(*) FROM "check_logs" WHERE "check_logs"."service_id" = 4 AND "check_logs"."created_at" BETWEEN '2026-07-09 02:35:13.292448' AND '2026-08-08 02:35:13.292649' /*action='show',application='RailsProject1',controller='status_page'*/[0m
  ↳ app/models/service.rb:116:in 'Service#uptime_percentage'
  [1m[36mCheckLog Count (0.2ms)[0m  [1m[34mSELECT COUNT(*) FROM "check_logs" WHERE "check_logs"."service_id" = 4 AND "check_logs"."created_at" BETWEEN '2026-07-09 02:35:13.292448' AND '2026-08-08 02:35:13.292649' AND "check_logs"."success" = TRUE /*action='show',application='RailsProject1',controller='status_page'*/[0m
  ↳ app/models/service.rb:119:in 'Service#uptime_percentage'
  [1m[36mCheckLog Load (0.3ms)[0m  [1m[34mSELECT "check_logs".* FROM "check_logs" WHERE "check_logs"."service_id" = 5 ORDER BY "check_logs"."created_at" DESC LIMIT 45 /*action='show',application='RailsProject1',controller='status_page'*/[0m
  ↳ app/models/service.rb:132:in 'Service#history_bars'
  [1m[36mCheckLog Count (0.2ms)[0m  [1m[34mSELECT COUNT(*) FROM "check_logs" WHERE "check_logs"."service_id" = 5 AND "check_logs"."created_at" BETWEEN '2026-07-09 02:35:13.299656' AND '2026-08-08 02:35:13.299839' /*action='show',application='RailsProject1',controller='status_page'*/[0m
  ↳ app/models/service.rb:116:in 'Service#uptime_percentage'
  [1m[36mCheckLog Count (0.1ms)[0m  [1m[34mSELECT COUNT(*) FROM "check_logs" WHERE "check_logs"."service_id" = 5 AND "check_logs"."created_at" BETWEEN '2026-07-09 02:35:13.299656' AND '2026-08-08 02:35:13.299839' AND "check_logs"."success" = TRUE /*action='show',application='RailsProject1',controller='status_page'*/[0m
  ↳ app/models/service.rb:119:in 'Service#uptime_percentage'
  [1m[36mIncident Load (0.2ms)[0m  [1m[34mSELECT "incidents".* FROM "incidents" ORDER BY "incidents"."created_at" DESC LIMIT 10 /*action='show',application='RailsProject1',controller='status_page'*/[0m
  ↳ app/views/status_page/show.html.erb:111
  Rendered status_page/show.html.erb within layouts/status_page (Duration: 64.6ms | GC: 19.9ms)
  Rendered layout layouts/status_page.html.erb (Duration: 66.0ms | GC: 19.9ms)
Completed 200 OK in 90ms (Views: 62.9ms | ActiveRecord: 5.9ms (30 queries, 0 cached) | GC: 19.9ms)


Started GET "/status" for ::1 at 2026-08-07 22:35:13 -0400
Processing by StatusPageController#show as HTML
  [1m[36mService Load (1.3ms)[0m  [1m[34mSELECT "services".* FROM "services" ORDER BY "services"."position" ASC, "services"."name" ASC /*action='show',application='RailsProject1',controller='status_page'*/[0m
  ↳ app/controllers/status_page_controller.rb:16:in 'Enumerable#map'
  [1m[36mCheckLog Count (0.2ms)[0m  [1m[34mSELECT COUNT(*) FROM "check_logs" WHERE "check_logs"."service_id" = 1 AND "check_logs"."created_at" BETWEEN '2026-07-09 02:35:13.312542' AND '2026-08-08 02:35:13.312989' /*action='show',application='RailsProject1',controller='status_page'*/[0m
  ↳ app/models/service.rb:116:in 'Service#uptime_percentage'
  [1m[36mCheckLog Count (0.2ms)[0m  [1m[34mSELECT COUNT(*) FROM "check_logs" WHERE "check_logs"."service_id" = 1 AND "check_logs"."created_at" BETWEEN '2026-07-09 02:35:13.312542' AND '2026-08-08 02:35:13.312989' AND "check_logs"."success" = TRUE /*action='show',application='RailsProject1',controller='status_page'*/[0m
  ↳ app/models/service.rb:119:in 'Service#uptime_percentage'
  [1m[36mCheckLog Count (0.2ms)[0m  [1m[34mSELECT COUNT(*) FROM "check_logs" WHERE "check_logs"."service_id" = 2 AND "check_logs"."created_at" BETWEEN '2026-07-09 02:35:13.316024' AND '2026-08-08 02:35:13.316395' /*action='show',application='RailsProject1',controller='status_page'*/[0m
  ↳ app/models/service.rb:116:in 'Service#uptime_percentage'
  [1m[36mCheckLog Count (0.1ms)[0m  [1m[34mSELECT COUNT(*) FROM "check_logs" WHERE "check_logs"."service_id" = 2 AND "check_logs"."created_at" BETWEEN '2026-07-09 02:35:13.316024' AND '2026-08-08 02:35:13.316395' AND "check_logs"."success" = TRUE /*action='show',application='RailsProject1',controller='status_page'*/[0m
  ↳ app/models/service.rb:119:in 'Service#uptime_percentage'
  [1m[36mCheckLog Count (0.1ms)[0m  [1m[34mSELECT COUNT(*) FROM "check_logs" WHERE "check_logs"."service_id" = 3 AND "check_logs"."created_at" BETWEEN '2026-07-09 02:35:13.319583' AND '2026-08-08 02:35:13.319875' /*action='show',application='RailsProject1',controller='status_page'*/[0m
  ↳ app/models/service.rb:116:in 'Service#uptime_percentage'
  [1m[36mCheckLog Count (0.2ms)[0m  [1m[34mSELECT COUNT(*) FROM "check_logs" WHERE "check_logs"."service_id" = 3 AND "check_logs"."created_at" BETWEEN '2026-07-09 02:35:13.319583' AND '2026-08-08 02:35:13.319875' AND "check_logs"."success" = TRUE /*action='show',application='RailsProject1',controller='status_page'*/[0m
  ↳ app/models/service.rb:119:in 'Service#uptime_percentage'
  [1m[36mCheckLog Count (0.1ms)[0m  [1m[34mSELECT COUNT(*) FROM "check_logs" WHERE "check_logs"."service_id" = 4 AND "check_logs"."created_at" BETWEEN '2026-07-09 02:35:13.323859' AND '2026-08-08 02:35:13.324310' /*action='show',application='RailsProject1',controller='status_page'*/[0m
  ↳ app/models/service.rb:116:in 'Service#uptime_percentage'
  [1m[36mCheckLog Count (0.2ms)[0m  [1m[34mSELECT COUNT(*) FROM "check_logs" WHERE "check_logs"."service_id" = 4 AND "check_logs"."created_at" BETWEEN '2026-07-09 02:35:13.323859' AND '2026-08-08 02:35:13.324310' AND "check_logs"."success" = TRUE /*action='show',application='RailsProject1',controller='status_page'*/[0m
  ↳ app/models/service.rb:119:in 'Service#uptime_percentage'
  [1m[36mCheckLog Count (0.2ms)[0m  [1m[34mSELECT COUNT(*) FROM "check_logs" WHERE "check_logs"."service_id" = 5 AND "check_logs"."created_at" BETWEEN '2026-07-09 02:35:13.328626' AND '2026-08-08 02:35:13.329113' /*action='show',application='RailsProject1',controller='status_page'*/[0m
  ↳ app/models/service.rb:116:in 'Service#uptime_percentage'
  [1m[36mCheckLog Count (0.3ms)[0m  [1m[34mSELECT COUNT(*) FROM "check_logs" WHERE "check_logs"."service_id" = 5 AND "check_logs"."created_at" BETWEEN '2026-07-09 02:35:13.328626' AND '2026-08-08 02:35:13.329113' AND "check_logs"."success" = TRUE /*action='show',application='RailsProject1',controller='status_page'*/[0m
  ↳ app/models/service.rb:119:in 'Service#uptime_percentage'
  Rendering layout layouts/status_page.html.erb
  Rendering status_page/show.html.erb within layouts/status_page
  [1m[36mIncident Exists? (0.1ms)[0m  [1m[34mSELECT 1 AS one FROM "incidents" WHERE "incidents"."status" != 'resolved' LIMIT 1 /*action='show',application='RailsProject1',controller='status_page'*/[0m
  ↳ app/views/status_page/show.html.erb:34
  [1m[36mIncident Load (0.2ms)[0m  [1m[34mSELECT "incidents".* FROM "incidents" WHERE "incidents"."status" != 'resolved' ORDER BY "incidents"."created_at" DESC /*action='show',application='RailsProject1',controller='status_page'*/[0m
  ↳ app/views/status_page/show.html.erb:37
  [1m[36mIncidentUpdate Load (0.2ms)[0m  [1m[34mSELECT "incident_updates".* FROM "incident_updates" WHERE "incident_updates"."incident_id" = 1 ORDER BY "incident_updates"."created_at" DESC /*action='show',application='RailsProject1',controller='status_page'*/[0m
  ↳ app/views/status_page/show.html.erb:50
  [1m[36mCheckLog Load (0.2ms)[0m  [1m[34mSELECT "check_logs".* FROM "check_logs" WHERE "check_logs"."service_id" = 1 ORDER BY "check_logs"."created_at" DESC LIMIT 45 /*action='show',application='RailsProject1',controller='status_page'*/[0m
  ↳ app/models/service.rb:132:in 'Service#history_bars'
  [1m[36mCheckLog Count (0.7ms)[0m  [1m[34mSELECT COUNT(*) FROM "check_logs" WHERE "check_logs"."service_id" = 1 AND "check_logs"."created_at" BETWEEN '2026-07-09 02:35:13.340843' AND '2026-08-08 02:35:13.340994' /*action='show',application='RailsProject1',controller='status_page'*/[0m
  ↳ app/models/service.rb:116:in 'Service#uptime_percentage'
  [1m[36mCheckLog Count (0.2ms)[0m  [1m[34mSELECT COUNT(*) FROM "check_logs" WHERE "check_logs"."service_id" = 1 AND "check_logs"."created_at" BETWEEN '2026-07-09 02:35:13.340843' AND '2026-08-08 02:35:13.340994' AND "check_logs"."success" = TRUE /*action='show',application='RailsProject1',controller='status_page'*/[0m
  ↳ app/models/service.rb:119:in 'Service#uptime_percentage'
  [1m[36mCheckLog Load (0.3ms)[0m  [1m[34mSELECT "check_logs".* FROM "check_logs" WHERE "check_logs"."service_id" = 2 ORDER BY "check_logs"."created_at" DESC LIMIT 45 /*action='show',application='RailsProject1',controller='status_page'*/[0m
  ↳ app/models/service.rb:132:in 'Service#history_bars'
  [1m[36mCheckLog Count (0.1ms)[0m  [1m[34mSELECT COUNT(*) FROM "check_logs" WHERE "check_logs"."service_id" = 2 AND "check_logs"."created_at" BETWEEN '2026-07-09 02:35:13.347711' AND '2026-08-08 02:35:13.347866' /*action='show',application='RailsProject1',controller='status_page'*/[0m
  ↳ app/models/service.rb:116:in 'Service#uptime_percentage'
  [1m[36mCheckLog Count (0.1ms)[0m  [1m[34mSELECT COUNT(*) FROM "check_logs" WHERE "check_logs"."service_id" = 2 AND "check_logs"."created_at" BETWEEN '2026-07-09 02:35:13.347711' AND '2026-08-08 02:35:13.347866' AND "check_logs"."success" = TRUE /*action='show',application='RailsProject1',controller='status_page'*/[0m
  ↳ app/models/service.rb:119:in 'Service#uptime_percentage'
  [1m[36mCheckLog Load (0.4ms)[0m  [1m[34mSELECT "check_logs".* FROM "check_logs" WHERE "check_logs"."service_id" = 3 ORDER BY "check_logs"."created_at" DESC LIMIT 45 /*action='show',application='RailsProject1',controller='status_page'*/[0m
  ↳ app/models/service.rb:132:in 'Service#history_bars'
  [1m[36mCheckLog Count (0.2ms)[0m  [1m[34mSELECT COUNT(*) FROM "check_logs" WHERE "check_logs"."service_id" = 3 AND "check_logs"."created_at" BETWEEN '2026-07-09 02:35:13.353771' AND '2026-08-08 02:35:13.353996' /*action='show',application='RailsProject1',controller='status_page'*/[0m
  ↳ app/models/service.rb:116:in 'Service#uptime_percentage'
  [1m[36mCheckLog Count (0.2ms)[0m  [1m[34mSELECT COUNT(*) FROM "check_logs" WHERE "check_logs"."service_id" = 3 AND "check_logs"."created_at" BETWEEN '2026-07-09 02:35:13.353771' AND '2026-08-08 02:35:13.353996' AND "check_logs"."success" = TRUE /*action='show',application='RailsProject1',controller='status_page'*/[0m
  ↳ app/models/service.rb:119:in 'Service#uptime_percentage'
  [1m[36mCheckLog Load (0.4ms)[0m  [1m[34mSELECT "check_logs".* FROM "check_logs" WHERE "check_logs"."service_id" = 4 ORDER BY "check_logs"."created_at" DESC LIMIT 45 /*action='show',application='RailsProject1',controller='status_page'*/[0m
  ↳ app/models/service.rb:132:in 'Service#history_bars'
  [1m[36mCheckLog Count (0.1ms)[0m  [1m[34mSELECT COUNT(*) FROM "check_logs" WHERE "check_logs"."service_id" = 4 AND "check_logs"."created_at" BETWEEN '2026-07-09 02:35:13.361526' AND '2026-08-08 02:35:13.361685' /*action='show',application='RailsProject1',controller='status_page'*/[0m
  ↳ app/models/service.rb:116:in 'Service#uptime_percentage'
  [1m[36mCheckLog Count (0.3ms)[0m  [1m[34mSELECT COUNT(*) FROM "check_logs" WHERE "check_logs"."service_id" = 4 AND "check_logs"."created_at" BETWEEN '2026-07-09 02:35:13.361526' AND '2026-08-08 02:35:13.361685' AND "check_logs"."success" = TRUE /*action='show',application='RailsProject1',controller='status_page'*/[0m
  ↳ app/models/service.rb:119:in 'Service#uptime_percentage'
  [1m[36mCheckLog Load (0.4ms)[0m  [1m[34mSELECT "check_logs".* FROM "check_logs" WHERE "check_logs"."service_id" = 5 ORDER BY "check_logs"."created_at" DESC LIMIT 45 /*action='show',application='RailsProject1',controller='status_page'*/[0m
  ↳ app/models/service.rb:132:in 'Service#history_bars'
  [1m[36mCheckLog Count (0.1ms)[0m  [1m[34mSELECT COUNT(*) FROM "check_logs" WHERE "check_logs"."service_id" = 5 AND "check_logs"."created_at" BETWEEN '2026-07-09 02:35:13.368502' AND '2026-08-08 02:35:13.368661' /*action='show',application='RailsProject1',controller='status_page'*/[0m
  ↳ app/models/service.rb:116:in 'Service#uptime_percentage'
  [1m[36mCheckLog Count (0.1ms)[0m  [1m[34mSELECT COUNT(*) FROM "check_logs" WHERE "check_logs"."service_id" = 5 AND "check_logs"."created_at" BETWEEN '2026-07-09 02:35:13.368502' AND '2026-08-08 02:35:13.368661' AND "check_logs"."success" = TRUE /*action='show',application='RailsProject1',controller='status_page'*/[0m
  ↳ app/models/service.rb:119:in 'Service#uptime_percentage'
  [1m[36mIncident Load (0.3ms)[0m  [1m[34mSELECT "incidents".* FROM "incidents" ORDER BY "incidents"."created_at" DESC LIMIT 10 /*action='show',application='RailsProject1',controller='status_page'*/[0m
  ↳ app/views/status_page/show.html.erb:111
  Rendered status_page/show.html.erb within layouts/status_page (Duration: 39.5ms | GC: 0.7ms)
  Rendered layout layouts/status_page.html.erb (Duration: 40.6ms | GC: 0.7ms)
Completed 200 OK in 65ms (Views: 36.6ms | ActiveRecord: 7.6ms (30 queries, 0 cached) | GC: 2.8ms)


Started HEAD "/" for 172.20.0.1 at 2026-08-08 13:33:38 +0000
  [1m[35m (207.0ms)[0m  [1m[35mCREATE TABLE "schema_migrations" ("version" character varying NOT NULL PRIMARY KEY) /*application='RailsProject1'*/[0m
  [1m[35m (214.6ms)[0m  [1m[35mCREATE TABLE "ar_internal_metadata" ("key" character varying NOT NULL PRIMARY KEY, "value" character varying, "created_at" timestamp(6) NOT NULL, "updated_at" timestamp(6) NOT NULL) /*application='RailsProject1'*/[0m
  [1m[36mActiveRecord::SchemaMigration Load (0.7ms)[0m  [1m[34mSELECT "schema_migrations"."version" FROM "schema_migrations" ORDER BY "schema_migrations"."version" ASC /*application='RailsProject1'*/[0m
  
ActiveRecord::PendingMigrationError (

Migrations are pending. To resolve this issue, run:

        bin/rails db:migrate

You have 6 pending migrations:

db/migrate/20260808021525_create_services.rb
db/migrate/20260808021530_create_check_logs.rb
db/migrate/20260808021535_create_incidents.rb
db/migrate/20260808021538_create_incident_services.rb
db/migrate/20260808021539_create_incident_updates.rb
db/migrate/20260808021545_create_maintenance_windows.rb


):
  
activerecord (8.1.3.1) lib/active_record/migration.rb:743:in 'ActiveRecord::Migration.check_pending_migrations'
activerecord (8.1.3.1) lib/active_record/migration.rb:660:in 'block (2 levels) in ActiveRecord::Migration::CheckPending#call'
activesupport (8.1.3.1) lib/active_support/file_update_checker.rb:88:in 'ActiveSupport::FileUpdateChecker#execute'
activerecord (8.1.3.1) lib/active_record/migration.rb:665:in 'block in ActiveRecord::Migration::CheckPending#call'
activerecord (8.1.3.1) lib/active_record/migration.rb:657:in 'Thread::Mutex#synchronize'
activerecord (8.1.3.1) lib/active_record/migration.rb:657:in 'ActiveRecord::Migration::CheckPending#call'
actionpack (8.1.3.1) lib/action_dispatch/middleware/callbacks.rb:31:in 'block in ActionDispatch::Callbacks#call'
activesupport (8.1.3.1) lib/active_support/callbacks.rb:101:in 'ActiveSupport::Callbacks#run_callbacks'
actionpack (8.1.3.1) lib/action_dispatch/middleware/callbacks.rb:30:in 'ActionDispatch::Callbacks#call'
actionpack (8.1.3.1) lib/action_dispatch/middleware/executor.rb:20:in 'ActionDispatch::Executor#call'
actionpack (8.1.3.1) lib/action_dispatch/middleware/actionable_exceptions.rb:18:in 'ActionDispatch::ActionableExceptions#call'
actionpack (8.1.3.1) lib/action_dispatch/middleware/debug_exceptions.rb:31:in 'ActionDispatch::DebugExceptions#call'
actionpack (8.1.3.1) lib/action_dispatch/middleware/show_exceptions.rb:32:in 'ActionDispatch::ShowExceptions#call'
railties (8.1.3.1) lib/rails/rack/logger.rb:41:in 'Rails::Rack::Logger#call_app'
railties (8.1.3.1) lib/rails/rack/logger.rb:29:in 'Rails::Rack::Logger#call'
propshaft (1.3.2) lib/propshaft/quiet_assets.rb:11:in 'Propshaft::QuietAssets#call'
actionpack (8.1.3.1) lib/action_dispatch/middleware/remote_ip.rb:98:in 'ActionDispatch::RemoteIp#call'
actionpack (8.1.3.1) lib/action_dispatch/middleware/request_id.rb:34:in 'ActionDispatch::RequestId#call'
rack (3.2.6) lib/rack/method_override.rb:28:in 'Rack::MethodOverride#call'
rack (3.2.6) lib/rack/runtime.rb:24:in 'Rack::Runtime#call'
activesupport (8.1.3.1) lib/active_support/cache/strategy/local_cache_middleware.rb:30:in 'ActiveSupport::Cache::Strategy::LocalCache::Middleware#call'
actionpack (8.1.3.1) lib/action_dispatch/middleware/server_timing.rb:61:in 'block in ActionDispatch::ServerTiming#call'
actionpack (8.1.3.1) lib/action_dispatch/middleware/server_timing.rb:26:in 'ActionDispatch::ServerTiming::Subscriber#collect_events'
actionpack (8.1.3.1) lib/action_dispatch/middleware/server_timing.rb:60:in 'ActionDispatch::ServerTiming#call'
actionpack (8.1.3.1) lib/action_dispatch/middleware/executor.rb:20:in 'ActionDispatch::Executor#call'
propshaft (1.3.2) lib/propshaft/server.rb:37:in 'Propshaft::Server#call'
actionpack (8.1.3.1) lib/action_dispatch/middleware/static.rb:27:in 'ActionDispatch::Static#call'
rack (3.2.6) lib/rack/sendfile.rb:131:in 'Rack::Sendfile#call'
actionpack (8.1.3.1) lib/action_dispatch/middleware/host_authorization.rb:143:in 'ActionDispatch::HostAuthorization#call'
railties (8.1.3.1) lib/rails/engine.rb:534:in 'Rails::Engine#call'
puma (8.0.2) lib/puma/configuration.rb:305:in 'Puma::Configuration::ConfigMiddleware#call'
puma (8.0.2) lib/puma/response.rb:79:in 'block in Puma::Response#handle_request'
puma (8.0.2) lib/puma/thread_pool.rb:434:in 'Puma::ThreadPool#with_force_shutdown'
puma (8.0.2) lib/puma/response.rb:78:in 'Puma::Response#handle_request'
puma (8.0.2) lib/puma/server.rb:508:in 'Puma::Server#process_client'
puma (8.0.2) lib/puma/server.rb:263:in 'block in Puma::Server#run'
puma (8.0.2) lib/puma/thread_pool.rb:246:in 'block in Puma::ThreadPool#spawn_thread'
Started GET "/" for 172.20.0.1 at 2026-08-08 13:33:38 +0000
  [1m[36mActiveRecord::SchemaMigration Load (1.0ms)[0m  [1m[34mSELECT "schema_migrations"."version" FROM "schema_migrations" ORDER BY "schema_migrations"."version" ASC /*application='RailsProject1'*/[0m
  
ActiveRecord::PendingMigrationError (

Migrations are pending. To resolve this issue, run:

        bin/rails db:migrate

You have 6 pending migrations:

db/migrate/20260808021525_create_services.rb
db/migrate/20260808021530_create_check_logs.rb
db/migrate/20260808021535_create_incidents.rb
db/migrate/20260808021538_create_incident_services.rb
db/migrate/20260808021539_create_incident_updates.rb
db/migrate/20260808021545_create_maintenance_windows.rb


):
  
activerecord (8.1.3.1) lib/active_record/migration.rb:743:in 'ActiveRecord::Migration.check_pending_migrations'
activerecord (8.1.3.1) lib/active_record/migration.rb:660:in 'block (2 levels) in ActiveRecord::Migration::CheckPending#call'
activesupport (8.1.3.1) lib/active_support/file_update_checker.rb:88:in 'ActiveSupport::FileUpdateChecker#execute'
activerecord (8.1.3.1) lib/active_record/migration.rb:665:in 'block in ActiveRecord::Migration::CheckPending#call'
activerecord (8.1.3.1) lib/active_record/migration.rb:657:in 'Thread::Mutex#synchronize'
activerecord (8.1.3.1) lib/active_record/migration.rb:657:in 'ActiveRecord::Migration::CheckPending#call'
actionpack (8.1.3.1) lib/action_dispatch/middleware/callbacks.rb:31:in 'block in ActionDispatch::Callbacks#call'
activesupport (8.1.3.1) lib/active_support/callbacks.rb:101:in 'ActiveSupport::Callbacks#run_callbacks'
actionpack (8.1.3.1) lib/action_dispatch/middleware/callbacks.rb:30:in 'ActionDispatch::Callbacks#call'
actionpack (8.1.3.1) lib/action_dispatch/middleware/executor.rb:20:in 'ActionDispatch::Executor#call'
actionpack (8.1.3.1) lib/action_dispatch/middleware/actionable_exceptions.rb:18:in 'ActionDispatch::ActionableExceptions#call'
actionpack (8.1.3.1) lib/action_dispatch/middleware/debug_exceptions.rb:31:in 'ActionDispatch::DebugExceptions#call'
actionpack (8.1.3.1) lib/action_dispatch/middleware/show_exceptions.rb:32:in 'ActionDispatch::ShowExceptions#call'
railties (8.1.3.1) lib/rails/rack/logger.rb:41:in 'Rails::Rack::Logger#call_app'
railties (8.1.3.1) lib/rails/rack/logger.rb:29:in 'Rails::Rack::Logger#call'
propshaft (1.3.2) lib/propshaft/quiet_assets.rb:11:in 'Propshaft::QuietAssets#call'
actionpack (8.1.3.1) lib/action_dispatch/middleware/remote_ip.rb:98:in 'ActionDispatch::RemoteIp#call'
actionpack (8.1.3.1) lib/action_dispatch/middleware/request_id.rb:34:in 'ActionDispatch::RequestId#call'
rack (3.2.6) lib/rack/method_override.rb:28:in 'Rack::MethodOverride#call'
rack (3.2.6) lib/rack/runtime.rb:24:in 'Rack::Runtime#call'
activesupport (8.1.3.1) lib/active_support/cache/strategy/local_cache_middleware.rb:30:in 'ActiveSupport::Cache::Strategy::LocalCache::Middleware#call'
actionpack (8.1.3.1) lib/action_dispatch/middleware/server_timing.rb:61:in 'block in ActionDispatch::ServerTiming#call'
actionpack (8.1.3.1) lib/action_dispatch/middleware/server_timing.rb:26:in 'ActionDispatch::ServerTiming::Subscriber#collect_events'
actionpack (8.1.3.1) lib/action_dispatch/middleware/server_timing.rb:60:in 'ActionDispatch::ServerTiming#call'
actionpack (8.1.3.1) lib/action_dispatch/middleware/executor.rb:20:in 'ActionDispatch::Executor#call'
propshaft (1.3.2) lib/propshaft/server.rb:37:in 'Propshaft::Server#call'
actionpack (8.1.3.1) lib/action_dispatch/middleware/static.rb:27:in 'ActionDispatch::Static#call'
rack (3.2.6) lib/rack/sendfile.rb:131:in 'Rack::Sendfile#call'
actionpack (8.1.3.1) lib/action_dispatch/middleware/host_authorization.rb:143:in 'ActionDispatch::HostAuthorization#call'
railties (8.1.3.1) lib/rails/engine.rb:534:in 'Rails::Engine#call'
puma (8.0.2) lib/puma/configuration.rb:305:in 'Puma::Configuration::ConfigMiddleware#call'
puma (8.0.2) lib/puma/response.rb:79:in 'block in Puma::Response#handle_request'
puma (8.0.2) lib/puma/thread_pool.rb:434:in 'Puma::ThreadPool#with_force_shutdown'
puma (8.0.2) lib/puma/response.rb:78:in 'Puma::Response#handle_request'
puma (8.0.2) lib/puma/server.rb:508:in 'Puma::Server#process_client'
puma (8.0.2) lib/puma/server.rb:263:in 'block in Puma::Server#run'
puma (8.0.2) lib/puma/thread_pool.rb:246:in 'block in Puma::ThreadPool#spawn_thread'
  [1m[35mSQL (0.1ms)[0m  [1m[35mSET search_path TO public /*application='RailsProject1'*/[0m
  [1m[35m (286.5ms)[0m  [1m[35mCREATE DATABASE "status_pulse_test" ENCODING = 'unicode' /*application='RailsProject1'*/[0m
  [1m[35m (0.2ms)[0m  [1m[35mDROP TABLE IF EXISTS "check_logs" CASCADE /*application='RailsProject1'*/[0m
  [1m[35m (66.4ms)[0m  [1m[35mCREATE TABLE "check_logs" ("id" bigserial primary key, "created_at" timestamp(6) NOT NULL, "error_message" character varying, "response_time_ms" integer, "service_id" integer NOT NULL, "status_code" integer, "success" boolean, "updated_at" timestamp(6) NOT NULL) /*application='RailsProject1'*/[0m
  [1m[35m (40.6ms)[0m  [1m[35mCREATE INDEX "index_check_logs_on_service_id" ON "check_logs" ("service_id") /*application='RailsProject1'*/[0m
  [1m[35m (0.3ms)[0m  [1m[35mDROP TABLE IF EXISTS "incident_services" CASCADE /*application='RailsProject1'*/[0m
  [1m[35m (43.1ms)[0m  [1m[35mCREATE TABLE "incident_services" ("id" bigserial primary key, "created_at" timestamp(6) NOT NULL, "incident_id" integer NOT NULL, "service_id" integer NOT NULL, "updated_at" timestamp(6) NOT NULL) /*application='RailsProject1'*/[0m
  [1m[35m (41.0ms)[0m  [1m[35mCREATE INDEX "index_incident_services_on_incident_id" ON "incident_services" ("incident_id") /*application='RailsProject1'*/[0m
  [1m[35m (42.3ms)[0m  [1m[35mCREATE INDEX "index_incident_services_on_service_id" ON "incident_services" ("service_id") /*application='RailsProject1'*/[0m
  [1m[35m (0.2ms)[0m  [1m[35mDROP TABLE IF EXISTS "incident_updates" CASCADE /*application='RailsProject1'*/[0m
  [1m[35m (64.1ms)[0m  [1m[35mCREATE TABLE "incident_updates" ("id" bigserial primary key, "body" text, "created_at" timestamp(6) NOT NULL, "incident_id" integer NOT NULL, "status" character varying, "updated_at" timestamp(6) NOT NULL) /*application='RailsProject1'*/[0m
  [1m[35m (40.9ms)[0m  [1m[35mCREATE INDEX "index_incident_updates_on_incident_id" ON "incident_updates" ("incident_id") /*application='RailsProject1'*/[0m
  [1m[35m (0.2ms)[0m  [1m[35mDROP TABLE IF EXISTS "incidents" CASCADE /*application='RailsProject1'*/[0m
  [1m[35m (64.1ms)[0m  [1m[35mCREATE TABLE "incidents" ("id" bigserial primary key, "created_at" timestamp(6) NOT NULL, "description" text, "resolved_at" timestamp(6), "severity" character varying, "status" character varying, "title" character varying, "updated_at" timestamp(6) NOT NULL) /*application='RailsProject1'*/[0m
  [1m[35m (0.2ms)[0m  [1m[35mDROP TABLE IF EXISTS "maintenance_windows" CASCADE /*application='RailsProject1'*/[0m
  [1m[35m (64.7ms)[0m  [1m[35mCREATE TABLE "maintenance_windows" ("id" bigserial primary key, "created_at" timestamp(6) NOT NULL, "description" text, "ends_at" timestamp(6), "starts_at" timestamp(6), "status" character varying, "title" character varying, "updated_at" timestamp(6) NOT NULL) /*application='RailsProject1'*/[0m
  [1m[35m (0.2ms)[0m  [1m[35mDROP TABLE IF EXISTS "services" CASCADE /*application='RailsProject1'*/[0m
  [1m[35m (99.7ms)[0m  [1m[35mCREATE TABLE "services" ("id" bigserial primary key, "check_interval_seconds" integer DEFAULT 60 NOT NULL, "created_at" timestamp(6) NOT NULL, "description" text, "expected_body_match" character varying, "expected_status_code" integer DEFAULT 200 NOT NULL, "headers" text, "http_method" character varying DEFAULT 'GET' NOT NULL, "last_checked_at" timestamp(6), "last_response_time_ms" integer, "last_status_code" integer, "name" character varying NOT NULL, "position" integer DEFAULT 0, "request_body" text, "status" character varying DEFAULT 'operational' NOT NULL, "timeout_seconds" integer DEFAULT 10 NOT NULL, "updated_at" timestamp(6) NOT NULL, "url" character varying NOT NULL) /*application='RailsProject1'*/[0m
  [1m[35m (22.6ms)[0m  [1m[35mALTER TABLE "check_logs" ADD CONSTRAINT "fk_rails_eef0e6ac67"
FOREIGN KEY ("service_id")
  REFERENCES "services" ("id")
 /*application='RailsProject1'*/[0m
  [1m[35m (22.8ms)[0m  [1m[35mALTER TABLE "incident_services" ADD CONSTRAINT "fk_rails_a8228605eb"
FOREIGN KEY ("incident_id")
  REFERENCES "incidents" ("id")
 /*application='RailsProject1'*/[0m
  [1m[35m (22.1ms)[0m  [1m[35mALTER TABLE "incident_services" ADD CONSTRAINT "fk_rails_f005f930dd"
FOREIGN KEY ("service_id")
  REFERENCES "services" ("id")
 /*application='RailsProject1'*/[0m
  [1m[35m (21.8ms)[0m  [1m[35mALTER TABLE "incident_updates" ADD CONSTRAINT "fk_rails_40ece1a4e9"
FOREIGN KEY ("incident_id")
  REFERENCES "incidents" ("id")
 /*application='RailsProject1'*/[0m
  [1m[35m (257.6ms)[0m  [1m[35mCREATE TABLE "schema_migrations" ("version" character varying NOT NULL PRIMARY KEY) /*application='RailsProject1'*/[0m
  [1m[36mActiveRecord::SchemaMigration Load (0.8ms)[0m  [1m[34mSELECT "schema_migrations"."version" FROM "schema_migrations" ORDER BY "schema_migrations"."version" ASC /*application='RailsProject1'*/[0m
  [1m[35m (61.5ms)[0m  [1m[32mINSERT INTO "schema_migrations" (version) VALUES (20260808021545) /*application='RailsProject1'*/[0m
  [1m[35m (55.0ms)[0m  [1m[32mINSERT INTO "schema_migrations" (version) VALUES
(20260808021539),
(20260808021538),
(20260808021535),
(20260808021530),
(20260808021525); /*application='RailsProject1'*/[0m
  [1m[35m (219.7ms)[0m  [1m[35mCREATE TABLE "ar_internal_metadata" ("key" character varying NOT NULL PRIMARY KEY, "value" character varying, "created_at" timestamp(6) NOT NULL, "updated_at" timestamp(6) NOT NULL) /*application='RailsProject1'*/[0m
  [1m[36mActiveRecord::InternalMetadata Load (1.2ms)[0m  [1m[34mSELECT * FROM "ar_internal_metadata" WHERE "ar_internal_metadata"."key" = 'environment' ORDER BY "ar_internal_metadata"."key" ASC LIMIT 1 /*application='RailsProject1'*/[0m
  [1m[36mActiveRecord::InternalMetadata Create (52.9ms)[0m  [1m[32mINSERT INTO "ar_internal_metadata" ("key", "value", "created_at", "updated_at") VALUES ('environment', 'development', '2026-08-08 13:38:23.000658', '2026-08-08 13:38:23.000660') RETURNING "key" /*application='RailsProject1'*/[0m
  [1m[36mActiveRecord::InternalMetadata Load (0.3ms)[0m  [1m[34mSELECT * FROM "ar_internal_metadata" WHERE "ar_internal_metadata"."key" = 'environment' ORDER BY "ar_internal_metadata"."key" ASC LIMIT 1 /*application='RailsProject1'*/[0m
  [1m[36mActiveRecord::InternalMetadata Update (69.6ms)[0m  [1m[33mUPDATE "ar_internal_metadata" SET "value" = 'test', "updated_at" = '2026-08-08 13:38:23.056026' WHERE "ar_internal_metadata"."key" = 'environment' /*application='RailsProject1'*/[0m
  [1m[36mActiveRecord::InternalMetadata Load (0.3ms)[0m  [1m[34mSELECT * FROM "ar_internal_metadata" WHERE "ar_internal_metadata"."key" = 'schema_sha1' ORDER BY "ar_internal_metadata"."key" ASC LIMIT 1 /*application='RailsProject1'*/[0m
  [1m[36mActiveRecord::InternalMetadata Create (54.1ms)[0m  [1m[32mINSERT INTO "ar_internal_metadata" ("key", "value", "created_at", "updated_at") VALUES ('schema_sha1', '266f0c080a5bd26aaeeceff7e82aa90a100e92b9', '2026-08-08 13:38:23.127607', '2026-08-08 13:38:23.127609') RETURNING "key" /*application='RailsProject1'*/[0m
  [1m[36mActiveRecord::SchemaMigration Load (1.1ms)[0m  [1m[34mSELECT "schema_migrations"."version" FROM "schema_migrations" ORDER BY "schema_migrations"."version" ASC /*application='RailsProject1'*/[0m
  [1m[35m (0.2ms)[0m  [1m[34mSELECT pg_try_advisory_lock(7127032176623869020) /*application='RailsProject1'*/[0m
  [1m[36mActiveRecord::SchemaMigration Load (0.2ms)[0m  [1m[34mSELECT "schema_migrations"."version" FROM "schema_migrations" ORDER BY "schema_migrations"."version" ASC /*application='RailsProject1'*/[0m
  [1m[36mActiveRecord::InternalMetadata Load (1.1ms)[0m  [1m[34mSELECT * FROM "ar_internal_metadata" WHERE "ar_internal_metadata"."key" = 'environment' ORDER BY "ar_internal_metadata"."key" ASC LIMIT 1 /*application='RailsProject1'*/[0m
  [1m[36mActiveRecord::InternalMetadata Create (44.5ms)[0m  [1m[32mINSERT INTO "ar_internal_metadata" ("key", "value", "created_at", "updated_at") VALUES ('environment', 'development', '2026-08-08 13:38:23.213026', '2026-08-08 13:38:23.213027') RETURNING "key" /*application='RailsProject1'*/[0m
Migrating to CreateServices (20260808021525)
  [1m[36mTRANSACTION (0.2ms)[0m  [1m[35mBEGIN /*application='RailsProject1'*/[0m
  [1m[35m (125.3ms)[0m  [1m[35mCREATE TABLE "services" ("id" bigserial primary key, "name" character varying NOT NULL, "description" text, "url" character varying NOT NULL, "http_method" character varying DEFAULT 'GET' NOT NULL, "headers" text, "request_body" text, "expected_body_match" character varying, "expected_status_code" integer DEFAULT 200 NOT NULL, "timeout_seconds" integer DEFAULT 10 NOT NULL, "check_interval_seconds" integer DEFAULT 60 NOT NULL, "status" character varying DEFAULT 'operational' NOT NULL, "last_checked_at" timestamp(6), "last_response_time_ms" integer, "last_status_code" integer, "position" integer DEFAULT 0, "created_at" timestamp(6) NOT NULL, "updated_at" timestamp(6) NOT NULL) /*application='RailsProject1'*/[0m
  [1m[36mActiveRecord::SchemaMigration Create (0.5ms)[0m  [1m[32mINSERT INTO "schema_migrations" ("version") VALUES ('20260808021525') RETURNING "version" /*application='RailsProject1'*/[0m
  [1m[36mTRANSACTION (53.4ms)[0m  [1m[35mCOMMIT /*application='RailsProject1'*/[0m
  [1m[35m (0.4ms)[0m  [1m[34mSELECT pg_advisory_unlock(7127032176623869020) /*application='RailsProject1'*/[0m
  [1m[35m (0.1ms)[0m  [1m[34mSELECT pg_try_advisory_lock(7127032176623869020) /*application='RailsProject1'*/[0m
  [1m[36mActiveRecord::SchemaMigration Load (0.2ms)[0m  [1m[34mSELECT "schema_migrations"."version" FROM "schema_migrations" ORDER BY "schema_migrations"."version" ASC /*application='RailsProject1'*/[0m
  [1m[36mActiveRecord::InternalMetadata Load (0.2ms)[0m  [1m[34mSELECT * FROM "ar_internal_metadata" WHERE "ar_internal_metadata"."key" = 'environment' ORDER BY "ar_internal_metadata"."key" ASC LIMIT 1 /*application='RailsProject1'*/[0m
Migrating to CreateCheckLogs (20260808021530)
  [1m[36mTRANSACTION (0.1ms)[0m  [1m[35mBEGIN /*application='RailsProject1'*/[0m
  [1m[35m (137.8ms)[0m  [1m[35mCREATE TABLE "check_logs" ("id" bigserial primary key, "service_id" bigint NOT NULL, "status_code" integer, "response_time_ms" integer, "success" boolean, "error_message" character varying, "created_at" timestamp(6) NOT NULL, "updated_at" timestamp(6) NOT NULL, CONSTRAINT "fk_rails_eef0e6ac67"
FOREIGN KEY ("service_id")
  REFERENCES "services" ("id")
) /*application='RailsProject1'*/[0m
  [1m[35m (85.5ms)[0m  [1m[35mCREATE INDEX "index_check_logs_on_service_id" ON "check_logs" ("service_id") /*application='RailsProject1'*/[0m
  [1m[36mActiveRecord::SchemaMigration Create (0.2ms)[0m  [1m[32mINSERT INTO "schema_migrations" ("version") VALUES ('20260808021530') RETURNING "version" /*application='RailsProject1'*/[0m
  [1m[36mTRANSACTION (113.1ms)[0m  [1m[35mCOMMIT /*application='RailsProject1'*/[0m
  [1m[35m (0.2ms)[0m  [1m[34mSELECT pg_advisory_unlock(7127032176623869020) /*application='RailsProject1'*/[0m
  [1m[35m (0.1ms)[0m  [1m[34mSELECT pg_try_advisory_lock(7127032176623869020) /*application='RailsProject1'*/[0m
  [1m[36mActiveRecord::SchemaMigration Load (0.2ms)[0m  [1m[34mSELECT "schema_migrations"."version" FROM "schema_migrations" ORDER BY "schema_migrations"."version" ASC /*application='RailsProject1'*/[0m
  [1m[36mActiveRecord::InternalMetadata Load (0.2ms)[0m  [1m[34mSELECT * FROM "ar_internal_metadata" WHERE "ar_internal_metadata"."key" = 'environment' ORDER BY "ar_internal_metadata"."key" ASC LIMIT 1 /*application='RailsProject1'*/[0m
Migrating to CreateIncidents (20260808021535)
  [1m[36mTRANSACTION (0.1ms)[0m  [1m[35mBEGIN /*application='RailsProject1'*/[0m
  [1m[35m (209.8ms)[0m  [1m[35mCREATE TABLE "incidents" ("id" bigserial primary key, "title" character varying, "description" text, "status" character varying, "severity" character varying, "resolved_at" timestamp(6), "created_at" timestamp(6) NOT NULL, "updated_at" timestamp(6) NOT NULL) /*application='RailsProject1'*/[0m
  [1m[36mActiveRecord::SchemaMigration Create (0.2ms)[0m  [1m[32mINSERT INTO "schema_migrations" ("version") VALUES ('20260808021535') RETURNING "version" /*application='RailsProject1'*/[0m
  [1m[36mTRANSACTION (69.4ms)[0m  [1m[35mCOMMIT /*application='RailsProject1'*/[0m
  [1m[35m (0.2ms)[0m  [1m[34mSELECT pg_advisory_unlock(7127032176623869020) /*application='RailsProject1'*/[0m
  [1m[35m (0.1ms)[0m  [1m[34mSELECT pg_try_advisory_lock(7127032176623869020) /*application='RailsProject1'*/[0m
  [1m[36mActiveRecord::SchemaMigration Load (0.2ms)[0m  [1m[34mSELECT "schema_migrations"."version" FROM "schema_migrations" ORDER BY "schema_migrations"."version" ASC /*application='RailsProject1'*/[0m
  [1m[36mActiveRecord::InternalMetadata Load (0.2ms)[0m  [1m[34mSELECT * FROM "ar_internal_metadata" WHERE "ar_internal_metadata"."key" = 'environment' ORDER BY "ar_internal_metadata"."key" ASC LIMIT 1 /*application='RailsProject1'*/[0m
Migrating to CreateIncidentServices (20260808021538)
  [1m[36mTRANSACTION (0.1ms)[0m  [1m[35mBEGIN /*application='RailsProject1'*/[0m
  [1m[35m (67.3ms)[0m  [1m[35mCREATE TABLE "incident_services" ("id" bigserial primary key, "incident_id" bigint NOT NULL, "service_id" bigint NOT NULL, "created_at" timestamp(6) NOT NULL, "updated_at" timestamp(6) NOT NULL, CONSTRAINT "fk_rails_a8228605eb"
FOREIGN KEY ("incident_id")
  REFERENCES "incidents" ("id")
, CONSTRAINT "fk_rails_f005f930dd"
FOREIGN KEY ("service_id")
  REFERENCES "services" ("id")
) /*application='RailsProject1'*/[0m
  [1m[35m (85.3ms)[0m  [1m[35mCREATE INDEX "index_incident_services_on_incident_id" ON "incident_services" ("incident_id") /*application='RailsProject1'*/[0m
  [1m[35m (118.7ms)[0m  [1m[35mCREATE INDEX "index_incident_services_on_service_id" ON "incident_services" ("service_id") /*application='RailsProject1'*/[0m
  [1m[36mActiveRecord::SchemaMigration Create (0.3ms)[0m  [1m[32mINSERT INTO "schema_migrations" ("version") VALUES ('20260808021538') RETURNING "version" /*application='RailsProject1'*/[0m
  [1m[36mTRANSACTION (69.8ms)[0m  [1m[35mCOMMIT /*application='RailsProject1'*/[0m
  [1m[35m (0.2ms)[0m  [1m[34mSELECT pg_advisory_unlock(7127032176623869020) /*application='RailsProject1'*/[0m
  [1m[35m (0.1ms)[0m  [1m[34mSELECT pg_try_advisory_lock(7127032176623869020) /*application='RailsProject1'*/[0m
  [1m[36mActiveRecord::SchemaMigration Load (0.2ms)[0m  [1m[34mSELECT "schema_migrations"."version" FROM "schema_migrations" ORDER BY "schema_migrations"."version" ASC /*application='RailsProject1'*/[0m
  [1m[36mActiveRecord::InternalMetadata Load (0.2ms)[0m  [1m[34mSELECT * FROM "ar_internal_metadata" WHERE "ar_internal_metadata"."key" = 'environment' ORDER BY "ar_internal_metadata"."key" ASC LIMIT 1 /*application='RailsProject1'*/[0m
Migrating to CreateIncidentUpdates (20260808021539)
  [1m[36mTRANSACTION (0.2ms)[0m  [1m[35mBEGIN /*application='RailsProject1'*/[0m
  [1m[35m (186.1ms)[0m  [1m[35mCREATE TABLE "incident_updates" ("id" bigserial primary key, "incident_id" bigint NOT NULL, "status" character varying, "body" text, "created_at" timestamp(6) NOT NULL, "updated_at" timestamp(6) NOT NULL, CONSTRAINT "fk_rails_40ece1a4e9"
FOREIGN KEY ("incident_id")
  REFERENCES "incidents" ("id")
) /*application='RailsProject1'*/[0m
  [1m[35m (70.2ms)[0m  [1m[35mCREATE INDEX "index_incident_updates_on_incident_id" ON "incident_updates" ("incident_id") /*application='RailsProject1'*/[0m
  [1m[36mActiveRecord::SchemaMigration Create (0.2ms)[0m  [1m[32mINSERT INTO "schema_migrations" ("version") VALUES ('20260808021539') RETURNING "version" /*application='RailsProject1'*/[0m
  [1m[36mTRANSACTION (69.6ms)[0m  [1m[35mCOMMIT /*application='RailsProject1'*/[0m
  [1m[35m (0.2ms)[0m  [1m[34mSELECT pg_advisory_unlock(7127032176623869020) /*application='RailsProject1'*/[0m
  [1m[35m (0.1ms)[0m  [1m[34mSELECT pg_try_advisory_lock(7127032176623869020) /*application='RailsProject1'*/[0m
  [1m[36mActiveRecord::SchemaMigration Load (0.2ms)[0m  [1m[34mSELECT "schema_migrations"."version" FROM "schema_migrations" ORDER BY "schema_migrations"."version" ASC /*application='RailsProject1'*/[0m
  [1m[36mActiveRecord::InternalMetadata Load (0.2ms)[0m  [1m[34mSELECT * FROM "ar_internal_metadata" WHERE "ar_internal_metadata"."key" = 'environment' ORDER BY "ar_internal_metadata"."key" ASC LIMIT 1 /*application='RailsProject1'*/[0m
Migrating to CreateMaintenanceWindows (20260808021545)
  [1m[36mTRANSACTION (0.2ms)[0m  [1m[35mBEGIN /*application='RailsProject1'*/[0m
  [1m[35m (137.1ms)[0m  [1m[35mCREATE TABLE "maintenance_windows" ("id" bigserial primary key, "title" character varying, "description" text, "starts_at" timestamp(6), "ends_at" timestamp(6), "status" character varying, "created_at" timestamp(6) NOT NULL, "updated_at" timestamp(6) NOT NULL) /*application='RailsProject1'*/[0m
  [1m[36mActiveRecord::SchemaMigration Create (0.2ms)[0m  [1m[32mINSERT INTO "schema_migrations" ("version") VALUES ('20260808021545') RETURNING "version" /*application='RailsProject1'*/[0m
  [1m[36mTRANSACTION (53.7ms)[0m  [1m[35mCOMMIT /*application='RailsProject1'*/[0m
  [1m[35m (0.2ms)[0m  [1m[34mSELECT pg_advisory_unlock(7127032176623869020) /*application='RailsProject1'*/[0m
  [1m[36mActiveRecord::SchemaMigration Load (1.2ms)[0m  [1m[34mSELECT "schema_migrations"."version" FROM "schema_migrations" ORDER BY "schema_migrations"."version" ASC /*application='RailsProject1'*/[0m
  [1m[36mActiveRecord::SchemaMigration Load (1.1ms)[0m  [1m[34mSELECT "schema_migrations"."version" FROM "schema_migrations" ORDER BY "schema_migrations"."version" ASC /*application='RailsProject1'*/[0m
  [1m[35mSQL (0.1ms)[0m  [1m[35mSET search_path TO public /*application='RailsProject1'*/[0m
  [1m[35mSQL (0.1ms)[0m  [1m[35mSET search_path TO "$user", public /*application='RailsProject1'*/[0m
  [1m[35mSQL (0.2ms)[0m  [1m[35mSET search_path TO public /*application='RailsProject1'*/[0m
  [1m[35mSQL (0.1ms)[0m  [1m[35mSET search_path TO "$user", public /*application='RailsProject1'*/[0m
  [1m[36mService Load (0.9ms)[0m  [1m[34mSELECT "services".* FROM "services" WHERE "services"."name" = 'Core API Gateway' LIMIT 1 /*application='RailsProject1'*/[0m
  [1m[36mTRANSACTION (0.1ms)[0m  [1m[35mBEGIN /*application='RailsProject1'*/[0m
  [1m[36mService Create (0.5ms)[0m  [1m[32mINSERT INTO "services" ("name", "description", "url", "http_method", "headers", "request_body", "expected_body_match", "expected_status_code", "timeout_seconds", "check_interval_seconds", "status", "last_checked_at", "last_response_time_ms", "last_status_code", "position", "created_at", "updated_at") VALUES ('Core API Gateway', 'Main HTTP API routing service & auth gateway', 'https://httpbin.org/get', 'GET', '{
  "User-Agent": "StatusPulse-Agent/2.0",
  "X-Ping-Source": "US-East"
}', NULL, NULL, 200, 10, 60, 'operational', NULL, NULL, NULL, 1, '2026-08-08 13:38:25.174435', '2026-08-08 13:38:25.174435') RETURNING "id" /*application='RailsProject1'*/[0m
  [1m[36mTRANSACTION (56.8ms)[0m  [1m[35mCOMMIT /*application='RailsProject1'*/[0m
  [1m[36mCheckLog Exists? (0.8ms)[0m  [1m[34mSELECT 1 AS one FROM "check_logs" WHERE "check_logs"."service_id" = 1 LIMIT 1 /*application='RailsProject1'*/[0m
  [1m[36mTRANSACTION (0.2ms)[0m  [1m[35mBEGIN /*application='RailsProject1'*/[0m
  [1m[36mCheckLog Create (2.5ms)[0m  [1m[32mINSERT INTO "check_logs" ("service_id", "status_code", "response_time_ms", "success", "error_message", "created_at", "updated_at") VALUES (1, 200, 198, TRUE, NULL, '2026-08-08 13:08:25.249904', '2026-08-08 13:38:25.269494') RETURNING "id" /*application='RailsProject1'*/[0m
  [1m[36mTRANSACTION (71.1ms)[0m  [1m[35mCOMMIT /*application='RailsProject1'*/[0m
  [1m[36mTRANSACTION (0.2ms)[0m  [1m[35mBEGIN /*application='RailsProject1'*/[0m
  [1m[36mCheckLog Create (1.5ms)[0m  [1m[32mINSERT INTO "check_logs" ("service_id", "status_code", "response_time_ms", "success", "error_message", "created_at", "updated_at") VALUES (1, 200, 133, TRUE, NULL, '2026-08-08 13:09:25.346463', '2026-08-08 13:38:25.347000') RETURNING "id" /*application='RailsProject1'*/[0m
  [1m[36mTRANSACTION (68.0ms)[0m  [1m[35mCOMMIT /*application='RailsProject1'*/[0m
  [1m[36mTRANSACTION (0.2ms)[0m  [1m[35mBEGIN /*application='RailsProject1'*/[0m
  [1m[36mCheckLog Create (2.1ms)[0m  [1m[32mINSERT INTO "check_logs" ("service_id", "status_code", "response_time_ms", "success", "error_message", "created_at", "updated_at") VALUES (1, 200, 77, TRUE, NULL, '2026-08-08 13:10:25.418545', '2026-08-08 13:38:25.419028') RETURNING "id" /*application='RailsProject1'*/[0m
  [1m[36mTRANSACTION (67.2ms)[0m  [1m[35mCOMMIT /*application='RailsProject1'*/[0m
  [1m[36mTRANSACTION (0.1ms)[0m  [1m[35mBEGIN /*application='RailsProject1'*/[0m
  [1m[36mCheckLog Create (1.4ms)[0m  [1m[32mINSERT INTO "check_logs" ("service_id", "status_code", "response_time_ms", "success", "error_message", "created_at", "updated_at") VALUES (1, 200, 118, TRUE, NULL, '2026-08-08 13:11:25.490326', '2026-08-08 13:38:25.490805') RETURNING "id" /*application='RailsProject1'*/[0m
  [1m[36mTRANSACTION (52.1ms)[0m  [1m[35mCOMMIT /*application='RailsProject1'*/[0m
  [1m[36mTRANSACTION (0.2ms)[0m  [1m[35mBEGIN /*application='RailsProject1'*/[0m
  [1m[36mCheckLog Create (2.6ms)[0m  [1m[32mINSERT INTO "check_logs" ("service_id", "status_code", "response_time_ms", "success", "error_message", "created_at", "updated_at") VALUES (1, 200, 183, TRUE, NULL, '2026-08-08 13:12:25.546356', '2026-08-08 13:38:25.546838') RETURNING "id" /*application='RailsProject1'*/[0m
  [1m[36mTRANSACTION (66.8ms)[0m  [1m[35mCOMMIT /*application='RailsProject1'*/[0m
  [1m[36mTRANSACTION (0.2ms)[0m  [1m[35mBEGIN /*application='RailsProject1'*/[0m
  [1m[36mCheckLog Create (1.5ms)[0m  [1m[32mINSERT INTO "check_logs" ("service_id", "status_code", "response_time_ms", "success", "error_message", "created_at", "updated_at") VALUES (1, 200, 96, TRUE, NULL, '2026-08-08 13:13:25.618367', '2026-08-08 13:38:25.618850') RETURNING "id" /*application='RailsProject1'*/[0m
  [1m[36mTRANSACTION (52.2ms)[0m  [1m[35mCOMMIT /*application='RailsProject1'*/[0m
  [1m[36mTRANSACTION (0.2ms)[0m  [1m[35mBEGIN /*application='RailsProject1'*/[0m
  [1m[36mCheckLog Create (1.4ms)[0m  [1m[32mINSERT INTO "check_logs" ("service_id", "status_code", "response_time_ms", "success", "error_message", "created_at", "updated_at") VALUES (1, 200, 139, TRUE, NULL, '2026-08-08 13:14:25.674448', '2026-08-08 13:38:25.675478') RETURNING "id" /*application='RailsProject1'*/[0m
  [1m[36mTRANSACTION (67.4ms)[0m  [1m[35mCOMMIT /*application='RailsProject1'*/[0m
  [1m[36mTRANSACTION (0.1ms)[0m  [1m[35mBEGIN /*application='RailsProject1'*/[0m
  [1m[36mCheckLog Create (1.4ms)[0m  [1m[32mINSERT INTO "check_logs" ("service_id", "status_code", "response_time_ms", "success", "error_message", "created_at", "updated_at") VALUES (1, 200, 108, TRUE, NULL, '2026-08-08 13:15:25.746233', '2026-08-08 13:38:25.746770') RETURNING "id" /*application='RailsProject1'*/[0m
  [1m[36mTRANSACTION (84.4ms)[0m  [1m[35mCOMMIT /*application='RailsProject1'*/[0m
  [1m[36mTRANSACTION (0.2ms)[0m  [1m[35mBEGIN /*application='RailsProject1'*/[0m
  [1m[36mCheckLog Create (5.7ms)[0m  [1m[32mINSERT INTO "check_logs" ("service_id", "status_code", "response_time_ms", "success", "error_message", "created_at", "updated_at") VALUES (1, 200, 137, TRUE, NULL, '2026-08-08 13:16:25.836218', '2026-08-08 13:38:25.837579') RETURNING "id" /*application='RailsProject1'*/[0m
  [1m[36mTRANSACTION (59.5ms)[0m  [1m[35mCOMMIT /*application='RailsProject1'*/[0m
  [1m[36mTRANSACTION (0.2ms)[0m  [1m[35mBEGIN /*application='RailsProject1'*/[0m
  [1m[36mCheckLog Create (2.8ms)[0m  [1m[32mINSERT INTO "check_logs" ("service_id", "status_code", "response_time_ms", "success", "error_message", "created_at", "updated_at") VALUES (1, 200, 216, TRUE, NULL, '2026-08-08 13:17:25.906962', '2026-08-08 13:38:25.907699') RETURNING "id" /*application='RailsProject1'*/[0m
  [1m[36mTRANSACTION (72.4ms)[0m  [1m[35mCOMMIT /*application='RailsProject1'*/[0m
  [1m[36mTRANSACTION (0.2ms)[0m  [1m[35mBEGIN /*application='RailsProject1'*/[0m
  [1m[36mCheckLog Create (2.1ms)[0m  [1m[32mINSERT INTO "check_logs" ("service_id", "status_code", "response_time_ms", "success", "error_message", "created_at", "updated_at") VALUES (1, 200, 54, TRUE, NULL, '2026-08-08 13:18:25.987385', '2026-08-08 13:38:25.987940') RETURNING "id" /*application='RailsProject1'*/[0m
  [1m[36mTRANSACTION (66.8ms)[0m  [1m[35mCOMMIT /*application='RailsProject1'*/[0m
  [1m[36mTRANSACTION (0.2ms)[0m  [1m[35mBEGIN /*application='RailsProject1'*/[0m
  [1m[36mCheckLog Create (1.4ms)[0m  [1m[32mINSERT INTO "check_logs" ("service_id", "status_code", "response_time_ms", "success", "error_message", "created_at", "updated_at") VALUES (1, 200, 122, TRUE, NULL, '2026-08-08 13:19:26.059271', '2026-08-08 13:38:26.059760') RETURNING "id" /*application='RailsProject1'*/[0m
  [1m[36mTRANSACTION (68.0ms)[0m  [1m[35mCOMMIT /*application='RailsProject1'*/[0m
  [1m[36mTRANSACTION (0.2ms)[0m  [1m[35mBEGIN /*application='RailsProject1'*/[0m
  [1m[36mCheckLog Create (1.5ms)[0m  [1m[32mINSERT INTO "check_logs" ("service_id", "status_code", "response_time_ms", "success", "error_message", "created_at", "updated_at") VALUES (1, 200, 66, TRUE, NULL, '2026-08-08 13:20:26.131967', '2026-08-08 13:38:26.132463') RETURNING "id" /*application='RailsProject1'*/[0m
  [1m[36mTRANSACTION (67.6ms)[0m  [1m[35mCOMMIT /*application='RailsProject1'*/[0m
  [1m[36mTRANSACTION (0.2ms)[0m  [1m[35mBEGIN /*application='RailsProject1'*/[0m
  [1m[36mCheckLog Create (1.5ms)[0m  [1m[32mINSERT INTO "check_logs" ("service_id", "status_code", "response_time_ms", "success", "error_message", "created_at", "updated_at") VALUES (1, 200, 128, TRUE, NULL, '2026-08-08 13:21:26.203586', '2026-08-08 13:38:26.204062') RETURNING "id" /*application='RailsProject1'*/[0m
  [1m[36mTRANSACTION (67.9ms)[0m  [1m[35mCOMMIT /*application='RailsProject1'*/[0m
  [1m[36mTRANSACTION (0.2ms)[0m  [1m[35mBEGIN /*application='RailsProject1'*/[0m
  [1m[36mCheckLog Create (1.4ms)[0m  [1m[32mINSERT INTO "check_logs" ("service_id", "status_code", "response_time_ms", "success", "error_message", "created_at", "updated_at") VALUES (1, 200, 102, TRUE, NULL, '2026-08-08 13:22:26.275489', '2026-08-08 13:38:26.275980') RETURNING "id" /*application='RailsProject1'*/[0m
  [1m[36mTRANSACTION (67.2ms)[0m  [1m[35mCOMMIT /*application='RailsProject1'*/[0m
  [1m[36mTRANSACTION (0.3ms)[0m  [1m[35mBEGIN /*application='RailsProject1'*/[0m
  [1m[36mCheckLog Create (4.7ms)[0m  [1m[32mINSERT INTO "check_logs" ("service_id", "status_code", "response_time_ms", "success", "error_message", "created_at", "updated_at") VALUES (1, 200, 56, TRUE, NULL, '2026-08-08 13:23:26.352209', '2026-08-08 13:38:26.352925') RETURNING "id" /*application='RailsProject1'*/[0m
  [1m[36mTRANSACTION (58.4ms)[0m  [1m[35mCOMMIT /*application='RailsProject1'*/[0m
  [1m[36mTRANSACTION (0.2ms)[0m  [1m[35mBEGIN /*application='RailsProject1'*/[0m
  [1m[36mCheckLog Create (2.4ms)[0m  [1m[32mINSERT INTO "check_logs" ("service_id", "status_code", "response_time_ms", "success", "error_message", "created_at", "updated_at") VALUES (1, 200, 74, TRUE, NULL, '2026-08-08 13:24:26.420557', '2026-08-08 13:38:26.421049') RETURNING "id" /*application='RailsProject1'*/[0m
  [1m[36mTRANSACTION (64.9ms)[0m  [1m[35mCOMMIT /*application='RailsProject1'*/[0m
  [1m[36mTRANSACTION (0.2ms)[0m  [1m[35mBEGIN /*application='RailsProject1'*/[0m
  [1m[36mCheckLog Create (2.8ms)[0m  [1m[32mINSERT INTO "check_logs" ("service_id", "status_code", "response_time_ms", "success", "error_message", "created_at", "updated_at") VALUES (1, 200, 74, TRUE, NULL, '2026-08-08 13:25:26.491552', '2026-08-08 13:38:26.492039') RETURNING "id" /*application='RailsProject1'*/[0m
  [1m[36mTRANSACTION (64.9ms)[0m  [1m[35mCOMMIT /*application='RailsProject1'*/[0m
  [1m[36mTRANSACTION (0.2ms)[0m  [1m[35mBEGIN /*application='RailsProject1'*/[0m
  [1m[36mCheckLog Create (3.0ms)[0m  [1m[32mINSERT INTO "check_logs" ("service_id", "status_code", "response_time_ms", "success", "error_message", "created_at", "updated_at") VALUES (1, 200, 45, TRUE, NULL, '2026-08-08 13:26:26.564471', '2026-08-08 13:38:26.565001') RETURNING "id" /*application='RailsProject1'*/[0m
  [1m[36mTRANSACTION (63.8ms)[0m  [1m[35mCOMMIT /*application='RailsProject1'*/[0m
  [1m[36mTRANSACTION (0.2ms)[0m  [1m[35mBEGIN /*application='RailsProject1'*/[0m
  [1m[36mCheckLog Create (3.6ms)[0m  [1m[32mINSERT INTO "check_logs" ("service_id", "status_code", "response_time_ms", "success", "error_message", "created_at", "updated_at") VALUES (1, 200, 179, TRUE, NULL, '2026-08-08 13:27:26.637166', '2026-08-08 13:38:26.637794') RETURNING "id" /*application='RailsProject1'*/[0m
  [1m[36mTRANSACTION (63.0ms)[0m  [1m[35mCOMMIT /*application='RailsProject1'*/[0m
  [1m[36mTRANSACTION (0.2ms)[0m  [1m[35mBEGIN /*application='RailsProject1'*/[0m
  [1m[36mCheckLog Create (2.9ms)[0m  [1m[32mINSERT INTO "check_logs" ("service_id", "status_code", "response_time_ms", "success", "error_message", "created_at", "updated_at") VALUES (1, 200, 91, TRUE, NULL, '2026-08-08 13:28:26.708361', '2026-08-08 13:38:26.709067') RETURNING "id" /*application='RailsProject1'*/[0m
  [1m[36mTRANSACTION (63.9ms)[0m  [1m[35mCOMMIT /*application='RailsProject1'*/[0m
  [1m[36mTRANSACTION (0.2ms)[0m  [1m[35mBEGIN /*application='RailsProject1'*/[0m
  [1m[36mCheckLog Create (3.0ms)[0m  [1m[32mINSERT INTO "check_logs" ("service_id", "status_code", "response_time_ms", "success", "error_message", "created_at", "updated_at") VALUES (1, 200, 196, TRUE, NULL, '2026-08-08 13:29:26.780809', '2026-08-08 13:38:26.781757') RETURNING "id" /*application='RailsProject1'*/[0m
  [1m[36mTRANSACTION (62.6ms)[0m  [1m[35mCOMMIT /*application='RailsProject1'*/[0m
  [1m[36mTRANSACTION (0.1ms)[0m  [1m[35mBEGIN /*application='RailsProject1'*/[0m
  [1m[36mCheckLog Create (1.7ms)[0m  [1m[32mINSERT INTO "check_logs" ("service_id", "status_code", "response_time_ms", "success", "error_message", "created_at", "updated_at") VALUES (1, 200, 49, TRUE, NULL, '2026-08-08 13:30:26.852234', '2026-08-08 13:38:26.852858') RETURNING "id" /*application='RailsProject1'*/[0m
  [1m[36mTRANSACTION (66.0ms)[0m  [1m[35mCOMMIT /*application='RailsProject1'*/[0m
  [1m[36mTRANSACTION (0.2ms)[0m  [1m[35mBEGIN /*application='RailsProject1'*/[0m
  [1m[36mCheckLog Create (8.0ms)[0m  [1m[32mINSERT INTO "check_logs" ("service_id", "status_code", "response_time_ms", "success", "error_message", "created_at", "updated_at") VALUES (1, 200, 94, TRUE, NULL, '2026-08-08 13:31:26.923853', '2026-08-08 13:38:26.925265') RETURNING "id" /*application='RailsProject1'*/[0m
  [1m[36mTRANSACTION (44.1ms)[0m  [1m[35mCOMMIT /*application='RailsProject1'*/[0m
  [1m[36mTRANSACTION (0.2ms)[0m  [1m[35mBEGIN /*application='RailsProject1'*/[0m
  [1m[36mCheckLog Create (1.6ms)[0m  [1m[32mINSERT INTO "check_logs" ("service_id", "status_code", "response_time_ms", "success", "error_message", "created_at", "updated_at") VALUES (1, 200, 161, TRUE, NULL, '2026-08-08 13:32:26.979875', '2026-08-08 13:38:26.980558') RETURNING "id" /*application='RailsProject1'*/[0m
  [1m[36mTRANSACTION (68.1ms)[0m  [1m[35mCOMMIT /*application='RailsProject1'*/[0m
  [1m[36mTRANSACTION (0.2ms)[0m  [1m[35mBEGIN /*application='RailsProject1'*/[0m
  [1m[36mCheckLog Create (2.3ms)[0m  [1m[32mINSERT INTO "check_logs" ("service_id", "status_code", "response_time_ms", "success", "error_message", "created_at", "updated_at") VALUES (1, 200, 182, TRUE, NULL, '2026-08-08 13:33:27.052389', '2026-08-08 13:38:27.052880') RETURNING "id" /*application='RailsProject1'*/[0m
  [1m[36mTRANSACTION (67.4ms)[0m  [1m[35mCOMMIT /*application='RailsProject1'*/[0m
  [1m[36mTRANSACTION (0.1ms)[0m  [1m[35mBEGIN /*application='RailsProject1'*/[0m
  [1m[36mCheckLog Create (1.4ms)[0m  [1m[32mINSERT INTO "check_logs" ("service_id", "status_code", "response_time_ms", "success", "error_message", "created_at", "updated_at") VALUES (1, 200, 188, TRUE, NULL, '2026-08-08 13:34:27.124596', '2026-08-08 13:38:27.125088') RETURNING "id" /*application='RailsProject1'*/[0m
  [1m[36mTRANSACTION (51.4ms)[0m  [1m[35mCOMMIT /*application='RailsProject1'*/[0m
  [1m[36mTRANSACTION (0.2ms)[0m  [1m[35mBEGIN /*application='RailsProject1'*/[0m
  [1m[36mCheckLog Create (2.1ms)[0m  [1m[32mINSERT INTO "check_logs" ("service_id", "status_code", "response_time_ms", "success", "error_message", "created_at", "updated_at") VALUES (1, 504, 171, FALSE, 'Connection timeout / HTTP 502 Bad Gateway', '2026-08-08 13:35:27.180535', '2026-08-08 13:38:27.181055') RETURNING "id" /*application='RailsProject1'*/[0m
  [1m[36mTRANSACTION (67.2ms)[0m  [1m[35mCOMMIT /*application='RailsProject1'*/[0m
  [1m[36mTRANSACTION (0.1ms)[0m  [1m[35mBEGIN /*application='RailsProject1'*/[0m
  [1m[36mCheckLog Create (1.4ms)[0m  [1m[32mINSERT INTO "check_logs" ("service_id", "status_code", "response_time_ms", "success", "error_message", "created_at", "updated_at") VALUES (1, 200, 60, TRUE, NULL, '2026-08-08 13:36:27.252416', '2026-08-08 13:38:27.252915') RETURNING "id" /*application='RailsProject1'*/[0m
  [1m[36mTRANSACTION (68.2ms)[0m  [1m[35mCOMMIT /*application='RailsProject1'*/[0m
  [1m[36mTRANSACTION (0.2ms)[0m  [1m[35mBEGIN /*application='RailsProject1'*/[0m
  [1m[36mCheckLog Create (1.8ms)[0m  [1m[32mINSERT INTO "check_logs" ("service_id", "status_code", "response_time_ms", "success", "error_message", "created_at", "updated_at") VALUES (1, 200, 161, TRUE, NULL, '2026-08-08 13:37:27.324463', '2026-08-08 13:38:27.324987') RETURNING "id" /*application='RailsProject1'*/[0m
  [1m[36mTRANSACTION (67.6ms)[0m  [1m[35mCOMMIT /*application='RailsProject1'*/[0m
  [1m[36mCheckLog Load (1.0ms)[0m  [1m[34mSELECT "check_logs".* FROM "check_logs" WHERE "check_logs"."service_id" = 1 ORDER BY "check_logs"."created_at" DESC LIMIT 1 /*application='RailsProject1'*/[0m
  [1m[36mService Update (68.1ms)[0m  [1m[33mUPDATE "services" SET "last_checked_at" = '2026-08-08 13:37:27.324463', "last_response_time_ms" = 161, "last_status_code" = 200 WHERE "services"."id" = 1 /*application='RailsProject1'*/[0m
  [1m[36mService Load (0.3ms)[0m  [1m[34mSELECT "services".* FROM "services" WHERE "services"."name" = 'Authentication & Identity Provider' LIMIT 1 /*application='RailsProject1'*/[0m
  [1m[36mTRANSACTION (0.1ms)[0m  [1m[35mBEGIN /*application='RailsProject1'*/[0m
  [1m[36mService Create (1.7ms)[0m  [1m[32mINSERT INTO "services" ("name", "description", "url", "http_method", "headers", "request_body", "expected_body_match", "expected_status_code", "timeout_seconds", "check_interval_seconds", "status", "last_checked_at", "last_response_time_ms", "last_status_code", "position", "created_at", "updated_at") VALUES ('Authentication & Identity Provider', 'OAuth2 & JWT Token issuance endpoint', 'https://httpbin.org/post', 'POST', '{
  "Content-Type": "application/json",
  "X-Client-ID": "statuspulse-monitor"
}', '{
  "grant_type": "client_credentials",
  "scope": "read:status"
}', NULL, 200, 10, 30, 'operational', NULL, NULL, NULL, 2, '2026-08-08 13:38:27.469923', '2026-08-08 13:38:27.469923') RETURNING "id" /*application='RailsProject1'*/[0m
  [1m[36mTRANSACTION (66.7ms)[0m  [1m[35mCOMMIT /*application='RailsProject1'*/[0m
  [1m[36mCheckLog Exists? (0.3ms)[0m  [1m[34mSELECT 1 AS one FROM "check_logs" WHERE "check_logs"."service_id" = 2 LIMIT 1 /*application='RailsProject1'*/[0m
  [1m[36mTRANSACTION (0.2ms)[0m  [1m[35mBEGIN /*application='RailsProject1'*/[0m
  [1m[36mCheckLog Create (1.6ms)[0m  [1m[32mINSERT INTO "check_logs" ("service_id", "status_code", "response_time_ms", "success", "error_message", "created_at", "updated_at") VALUES (2, 200, 47, TRUE, NULL, '2026-08-08 13:08:27.541814', '2026-08-08 13:38:27.542302') RETURNING "id" /*application='RailsProject1'*/[0m
  [1m[36mTRANSACTION (64.4ms)[0m  [1m[35mCOMMIT /*application='RailsProject1'*/[0m
  [1m[36mTRANSACTION (0.2ms)[0m  [1m[35mBEGIN /*application='RailsProject1'*/[0m
  [1m[36mCheckLog Create (1.7ms)[0m  [1m[32mINSERT INTO "check_logs" ("service_id", "status_code", "response_time_ms", "success", "error_message", "created_at", "updated_at") VALUES (2, 200, 160, TRUE, NULL, '2026-08-08 13:09:27.612396', '2026-08-08 13:38:27.612924') RETURNING "id" /*application='RailsProject1'*/[0m
  [1m[36mTRANSACTION (67.7ms)[0m  [1m[35mCOMMIT /*application='RailsProject1'*/[0m
  [1m[36mTRANSACTION (0.2ms)[0m  [1m[35mBEGIN /*application='RailsProject1'*/[0m
  [1m[36mCheckLog Create (2.3ms)[0m  [1m[32mINSERT INTO "check_logs" ("service_id", "status_code", "response_time_ms", "success", "error_message", "created_at", "updated_at") VALUES (2, 200, 100, TRUE, NULL, '2026-08-08 13:10:27.685152', '2026-08-08 13:38:27.685962') RETURNING "id" /*application='RailsProject1'*/[0m
  [1m[36mTRANSACTION (48.1ms)[0m  [1m[35mCOMMIT /*application='RailsProject1'*/[0m
  [1m[36mTRANSACTION (0.2ms)[0m  [1m[35mBEGIN /*application='RailsProject1'*/[0m
  [1m[36mCheckLog Create (1.9ms)[0m  [1m[32mINSERT INTO "check_logs" ("service_id", "status_code", "response_time_ms", "success", "error_message", "created_at", "updated_at") VALUES (2, 200, 51, TRUE, NULL, '2026-08-08 13:11:27.740680', '2026-08-08 13:38:27.741491') RETURNING "id" /*application='RailsProject1'*/[0m
  [1m[36mTRANSACTION (50.5ms)[0m  [1m[35mCOMMIT /*application='RailsProject1'*/[0m
  [1m[36mTRANSACTION (0.2ms)[0m  [1m[35mBEGIN /*application='RailsProject1'*/[0m
  [1m[36mCheckLog Create (3.2ms)[0m  [1m[32mINSERT INTO "check_logs" ("service_id", "status_code", "response_time_ms", "success", "error_message", "created_at", "updated_at") VALUES (2, 200, 205, TRUE, NULL, '2026-08-08 13:12:27.800951', '2026-08-08 13:38:27.802050') RETURNING "id" /*application='RailsProject1'*/[0m
  [1m[36mTRANSACTION (44.3ms)[0m  [1m[35mCOMMIT /*application='RailsProject1'*/[0m
  [1m[36mTRANSACTION (0.1ms)[0m  [1m[35mBEGIN /*application='RailsProject1'*/[0m
  [1m[36mCheckLog Create (1.5ms)[0m  [1m[32mINSERT INTO "check_logs" ("service_id", "status_code", "response_time_ms", "success", "error_message", "created_at", "updated_at") VALUES (2, 200, 109, TRUE, NULL, '2026-08-08 13:13:27.852268', '2026-08-08 13:38:27.852804') RETURNING "id" /*application='RailsProject1'*/[0m
  [1m[36mTRANSACTION (84.2ms)[0m  [1m[35mCOMMIT /*application='RailsProject1'*/[0m
  [1m[36mTRANSACTION (0.2ms)[0m  [1m[35mBEGIN /*application='RailsProject1'*/[0m
  [1m[36mCheckLog Create (1.9ms)[0m  [1m[32mINSERT INTO "check_logs" ("service_id", "status_code", "response_time_ms", "success", "error_message", "created_at", "updated_at") VALUES (2, 200, 79, TRUE, NULL, '2026-08-08 13:14:27.940611', '2026-08-08 13:38:27.941229') RETURNING "id" /*application='RailsProject1'*/[0m
  [1m[36mTRANSACTION (66.8ms)[0m  [1m[35mCOMMIT /*application='RailsProject1'*/[0m
  [1m[36mTRANSACTION (0.2ms)[0m  [1m[35mBEGIN /*application='RailsProject1'*/[0m
  [1m[36mCheckLog Create (1.8ms)[0m  [1m[32mINSERT INTO "check_logs" ("service_id", "status_code", "response_time_ms", "success", "error_message", "created_at", "updated_at") VALUES (2, 200, 170, TRUE, NULL, '2026-08-08 13:15:28.012667', '2026-08-08 13:38:28.013261') RETURNING "id" /*application='RailsProject1'*/[0m
  [1m[36mTRANSACTION (51.0ms)[0m  [1m[35mCOMMIT /*application='RailsProject1'*/[0m
  [1m[36mTRANSACTION (0.2ms)[0m  [1m[35mBEGIN /*application='RailsProject1'*/[0m
  [1m[36mCheckLog Create (1.6ms)[0m  [1m[32mINSERT INTO "check_logs" ("service_id", "status_code", "response_time_ms", "success", "error_message", "created_at", "updated_at") VALUES (2, 200, 68, TRUE, NULL, '2026-08-08 13:16:28.068353', '2026-08-08 13:38:28.068877') RETURNING "id" /*application='RailsProject1'*/[0m
  [1m[36mTRANSACTION (67.6ms)[0m  [1m[35mCOMMIT /*application='RailsProject1'*/[0m
  [1m[36mTRANSACTION (0.2ms)[0m  [1m[35mBEGIN /*application='RailsProject1'*/[0m
  [1m[36mCheckLog Create (1.5ms)[0m  [1m[32mINSERT INTO "check_logs" ("service_id", "status_code", "response_time_ms", "success", "error_message", "created_at", "updated_at") VALUES (2, 200, 120, TRUE, NULL, '2026-08-08 13:17:28.140170', '2026-08-08 13:38:28.140669') RETURNING "id" /*application='RailsProject1'*/[0m
  [1m[36mTRANSACTION (68.4ms)[0m  [1m[35mCOMMIT /*application='RailsProject1'*/[0m
  [1m[36mTRANSACTION (0.2ms)[0m  [1m[35mBEGIN /*application='RailsProject1'*/[0m
  [1m[36mCheckLog Create (1.7ms)[0m  [1m[32mINSERT INTO "check_logs" ("service_id", "status_code", "response_time_ms", "success", "error_message", "created_at", "updated_at") VALUES (2, 200, 126, TRUE, NULL, '2026-08-08 13:18:28.212522', '2026-08-08 13:38:28.213022') RETURNING "id" /*application='RailsProject1'*/[0m
  [1m[36mTRANSACTION (53.4ms)[0m  [1m[35mCOMMIT /*application='RailsProject1'*/[0m
  [1m[36mTRANSACTION (0.2ms)[0m  [1m[35mBEGIN /*application='RailsProject1'*/[0m
  [1m[36mCheckLog Create (1.4ms)[0m  [1m[32mINSERT INTO "check_logs" ("service_id", "status_code", "response_time_ms", "success", "error_message", "created_at", "updated_at") VALUES (2, 200, 160, TRUE, NULL, '2026-08-08 13:19:28.270353', '2026-08-08 13:38:28.270853') RETURNING "id" /*application='RailsProject1'*/[0m
  [1m[36mTRANSACTION (52.2ms)[0m  [1m[35mCOMMIT /*application='RailsProject1'*/[0m
  [1m[36mTRANSACTION (0.2ms)[0m  [1m[35mBEGIN /*application='RailsProject1'*/[0m
  [1m[36mCheckLog Create (9.9ms)[0m  [1m[32mINSERT INTO "check_logs" ("service_id", "status_code", "response_time_ms", "success", "error_message", "created_at", "updated_at") VALUES (2, 200, 129, TRUE, NULL, '2026-08-08 13:20:28.326553', '2026-08-08 13:38:28.327073') RETURNING "id" /*application='RailsProject1'*/[0m
  [1m[36mTRANSACTION (59.2ms)[0m  [1m[35mCOMMIT /*application='RailsProject1'*/[0m
  [1m[36mTRANSACTION (0.2ms)[0m  [1m[35mBEGIN /*application='RailsProject1'*/[0m
  [1m[36mCheckLog Create (1.6ms)[0m  [1m[32mINSERT INTO "check_logs" ("service_id", "status_code", "response_time_ms", "success", "error_message", "created_at", "updated_at") VALUES (2, 200, 169, TRUE, NULL, '2026-08-08 13:21:28.398570', '2026-08-08 13:38:28.399177') RETURNING "id" /*application='RailsProject1'*/[0m
  [1m[36mTRANSACTION (67.5ms)[0m  [1m[35mCOMMIT /*application='RailsProject1'*/[0m
  [1m[36mTRANSACTION (0.2ms)[0m  [1m[35mBEGIN /*application='RailsProject1'*/[0m
  [1m[36mCheckLog Create (2.0ms)[0m  [1m[32mINSERT INTO "check_logs" ("service_id", "status_code", "response_time_ms", "success", "error_message", "created_at", "updated_at") VALUES (2, 200, 133, TRUE, NULL, '2026-08-08 13:22:28.470505', '2026-08-08 13:38:28.470990') RETURNING "id" /*application='RailsProject1'*/[0m
  [1m[36mTRANSACTION (67.2ms)[0m  [1m[35mCOMMIT /*application='RailsProject1'*/[0m
  [1m[36mTRANSACTION (0.2ms)[0m  [1m[35mBEGIN /*application='RailsProject1'*/[0m
  [1m[36mCheckLog Create (1.4ms)[0m  [1m[32mINSERT INTO "check_logs" ("service_id", "status_code", "response_time_ms", "success", "error_message", "created_at", "updated_at") VALUES (2, 200, 207, TRUE, NULL, '2026-08-08 13:23:28.542138', '2026-08-08 13:38:28.542635') RETURNING "id" /*application='RailsProject1'*/[0m
  [1m[36mTRANSACTION (68.7ms)[0m  [1m[35mCOMMIT /*application='RailsProject1'*/[0m
  [1m[36mTRANSACTION (0.2ms)[0m  [1m[35mBEGIN /*application='RailsProject1'*/[0m
  [1m[36mCheckLog Create (2.3ms)[0m  [1m[32mINSERT INTO "check_logs" ("service_id", "status_code", "response_time_ms", "success", "error_message", "created_at", "updated_at") VALUES (2, 200, 94, TRUE, NULL, '2026-08-08 13:24:28.614864', '2026-08-08 13:38:28.615406') RETURNING "id" /*application='RailsProject1'*/[0m
  [1m[36mTRANSACTION (66.3ms)[0m  [1m[35mCOMMIT /*application='RailsProject1'*/[0m
  [1m[36mTRANSACTION (0.1ms)[0m  [1m[35mBEGIN /*application='RailsProject1'*/[0m
  [1m[36mCheckLog Create (1.5ms)[0m  [1m[32mINSERT INTO "check_logs" ("service_id", "status_code", "response_time_ms", "success", "error_message", "created_at", "updated_at") VALUES (2, 200, 126, TRUE, NULL, '2026-08-08 13:25:28.686076', '2026-08-08 13:38:28.686616') RETURNING "id" /*application='RailsProject1'*/[0m
  [1m[36mTRANSACTION (68.0ms)[0m  [1m[35mCOMMIT /*application='RailsProject1'*/[0m
  [1m[36mTRANSACTION (0.2ms)[0m  [1m[35mBEGIN /*application='RailsProject1'*/[0m
  [1m[36mCheckLog Create (1.8ms)[0m  [1m[32mINSERT INTO "check_logs" ("service_id", "status_code", "response_time_ms", "success", "error_message", "created_at", "updated_at") VALUES (2, 200, 169, TRUE, NULL, '2026-08-08 13:26:28.758573', '2026-08-08 13:38:28.759055') RETURNING "id" /*application='RailsProject1'*/[0m
  [1m[36mTRANSACTION (67.7ms)[0m  [1m[35mCOMMIT /*application='RailsProject1'*/[0m
  [1m[36mTRANSACTION (0.2ms)[0m  [1m[35mBEGIN /*application='RailsProject1'*/[0m
  [1m[36mCheckLog Create (2.1ms)[0m  [1m[32mINSERT INTO "check_logs" ("service_id", "status_code", "response_time_ms", "success", "error_message", "created_at", "updated_at") VALUES (2, 200, 65, TRUE, NULL, '2026-08-08 13:27:28.830884', '2026-08-08 13:38:28.831518') RETURNING "id" /*application='RailsProject1'*/[0m
  [1m[36mTRANSACTION (66.4ms)[0m  [1m[35mCOMMIT /*application='RailsProject1'*/[0m
  [1m[36mTRANSACTION (0.2ms)[0m  [1m[35mBEGIN /*application='RailsProject1'*/[0m
  [1m[36mCheckLog Create (1.9ms)[0m  [1m[32mINSERT INTO "check_logs" ("service_id", "status_code", "response_time_ms", "success", "error_message", "created_at", "updated_at") VALUES (2, 200, 89, TRUE, NULL, '2026-08-08 13:28:28.902829', '2026-08-08 13:38:28.903328') RETURNING "id" /*application='RailsProject1'*/[0m
  [1m[36mTRANSACTION (67.2ms)[0m  [1m[35mCOMMIT /*application='RailsProject1'*/[0m
  [1m[36mTRANSACTION (0.1ms)[0m  [1m[35mBEGIN /*application='RailsProject1'*/[0m
  [1m[36mCheckLog Create (1.4ms)[0m  [1m[32mINSERT INTO "check_logs" ("service_id", "status_code", "response_time_ms", "success", "error_message", "created_at", "updated_at") VALUES (2, 200, 159, TRUE, NULL, '2026-08-08 13:29:28.974373', '2026-08-08 13:38:28.974859') RETURNING "id" /*application='RailsProject1'*/[0m
  [1m[36mTRANSACTION (68.4ms)[0m  [1m[35mCOMMIT /*application='RailsProject1'*/[0m
  [1m[36mTRANSACTION (0.1ms)[0m  [1m[35mBEGIN /*application='RailsProject1'*/[0m
  [1m[36mCheckLog Create (1.8ms)[0m  [1m[32mINSERT INTO "check_logs" ("service_id", "status_code", "response_time_ms", "success", "error_message", "created_at", "updated_at") VALUES (2, 200, 195, TRUE, NULL, '2026-08-08 13:30:29.047382', '2026-08-08 13:38:29.048081') RETURNING "id" /*application='RailsProject1'*/[0m
  [1m[36mTRANSACTION (68.6ms)[0m  [1m[35mCOMMIT /*application='RailsProject1'*/[0m
  [1m[36mTRANSACTION (0.1ms)[0m  [1m[35mBEGIN /*application='RailsProject1'*/[0m
  [1m[36mCheckLog Create (1.3ms)[0m  [1m[32mINSERT INTO "check_logs" ("service_id", "status_code", "response_time_ms", "success", "error_message", "created_at", "updated_at") VALUES (2, 502, 56, FALSE, 'Connection timeout / HTTP 502 Bad Gateway', '2026-08-08 13:31:29.120833', '2026-08-08 13:38:29.121319') RETURNING "id" /*application='RailsProject1'*/[0m
  [1m[36mTRANSACTION (67.7ms)[0m  [1m[35mCOMMIT /*application='RailsProject1'*/[0m
  [1m[36mTRANSACTION (0.1ms)[0m  [1m[35mBEGIN /*application='RailsProject1'*/[0m
  [1m[36mCheckLog Create (1.3ms)[0m  [1m[32mINSERT INTO "check_logs" ("service_id", "status_code", "response_time_ms", "success", "error_message", "created_at", "updated_at") VALUES (2, 200, 158, TRUE, NULL, '2026-08-08 13:32:29.192723', '2026-08-08 13:38:29.193202') RETURNING "id" /*application='RailsProject1'*/[0m
  [1m[36mTRANSACTION (68.0ms)[0m  [1m[35mCOMMIT /*application='RailsProject1'*/[0m
  [1m[36mTRANSACTION (0.2ms)[0m  [1m[35mBEGIN /*application='RailsProject1'*/[0m
  [1m[36mCheckLog Create (1.7ms)[0m  [1m[32mINSERT INTO "check_logs" ("service_id", "status_code", "response_time_ms", "success", "error_message", "created_at", "updated_at") VALUES (2, 200, 53, TRUE, NULL, '2026-08-08 13:33:29.264777', '2026-08-08 13:38:29.265416') RETURNING "id" /*application='RailsProject1'*/[0m
  [1m[36mTRANSACTION (51.2ms)[0m  [1m[35mCOMMIT /*application='RailsProject1'*/[0m
  [1m[36mTRANSACTION (0.2ms)[0m  [1m[35mBEGIN /*application='RailsProject1'*/[0m
  [1m[36mCheckLog Create (1.4ms)[0m  [1m[32mINSERT INTO "check_logs" ("service_id", "status_code", "response_time_ms", "success", "error_message", "created_at", "updated_at") VALUES (2, 504, 65, FALSE, 'Connection timeout / HTTP 502 Bad Gateway', '2026-08-08 13:34:29.320692', '2026-08-08 13:38:29.321196') RETURNING "id" /*application='RailsProject1'*/[0m
  [1m[36mTRANSACTION (67.8ms)[0m  [1m[35mCOMMIT /*application='RailsProject1'*/[0m
  [1m[36mTRANSACTION (0.1ms)[0m  [1m[35mBEGIN /*application='RailsProject1'*/[0m
  [1m[36mCheckLog Create (2.6ms)[0m  [1m[32mINSERT INTO "check_logs" ("service_id", "status_code", "response_time_ms", "success", "error_message", "created_at", "updated_at") VALUES (2, 200, 68, TRUE, NULL, '2026-08-08 13:35:29.392445', '2026-08-08 13:38:29.392946') RETURNING "id" /*application='RailsProject1'*/[0m
  [1m[36mTRANSACTION (66.9ms)[0m  [1m[35mCOMMIT /*application='RailsProject1'*/[0m
  [1m[36mTRANSACTION (0.2ms)[0m  [1m[35mBEGIN /*application='RailsProject1'*/[0m
  [1m[36mCheckLog Create (2.3ms)[0m  [1m[32mINSERT INTO "check_logs" ("service_id", "status_code", "response_time_ms", "success", "error_message", "created_at", "updated_at") VALUES (2, 200, 151, TRUE, NULL, '2026-08-08 13:36:29.464845', '2026-08-08 13:38:29.465542') RETURNING "id" /*application='RailsProject1'*/[0m
  [1m[36mTRANSACTION (66.3ms)[0m  [1m[35mCOMMIT /*application='RailsProject1'*/[0m
  [1m[36mTRANSACTION (0.2ms)[0m  [1m[35mBEGIN /*application='RailsProject1'*/[0m
  [1m[36mCheckLog Create (1.3ms)[0m  [1m[32mINSERT INTO "check_logs" ("service_id", "status_code", "response_time_ms", "success", "error_message", "created_at", "updated_at") VALUES (2, 200, 191, TRUE, NULL, '2026-08-08 13:37:29.536405', '2026-08-08 13:38:29.536905') RETURNING "id" /*application='RailsProject1'*/[0m
  [1m[36mTRANSACTION (68.1ms)[0m  [1m[35mCOMMIT /*application='RailsProject1'*/[0m
  [1m[36mCheckLog Load (0.3ms)[0m  [1m[34mSELECT "check_logs".* FROM "check_logs" WHERE "check_logs"."service_id" = 2 ORDER BY "check_logs"."created_at" DESC LIMIT 1 /*application='RailsProject1'*/[0m
  [1m[36mService Update (69.4ms)[0m  [1m[33mUPDATE "services" SET "last_checked_at" = '2026-08-08 13:37:29.536405', "last_response_time_ms" = 191, "last_status_code" = 200 WHERE "services"."id" = 2 /*application='RailsProject1'*/[0m
  [1m[36mService Load (0.2ms)[0m  [1m[34mSELECT "services".* FROM "services" WHERE "services"."name" = 'Payment Processing Engine' LIMIT 1 /*application='RailsProject1'*/[0m
  [1m[36mTRANSACTION (0.2ms)[0m  [1m[35mBEGIN /*application='RailsProject1'*/[0m
  [1m[36mService Create (1.8ms)[0m  [1m[32mINSERT INTO "services" ("name", "description", "url", "http_method", "headers", "request_body", "expected_body_match", "expected_status_code", "timeout_seconds", "check_interval_seconds", "status", "last_checked_at", "last_response_time_ms", "last_status_code", "position", "created_at", "updated_at") VALUES ('Payment Processing Engine', 'Stripe & Webhook ingestion engine', 'https://httpbin.org/status/200', 'GET', NULL, NULL, NULL, 200, 10, 60, 'operational', NULL, NULL, NULL, 3, '2026-08-08 13:38:29.682677', '2026-08-08 13:38:29.682677') RETURNING "id" /*application='RailsProject1'*/[0m
  [1m[36mTRANSACTION (65.4ms)[0m  [1m[35mCOMMIT /*application='RailsProject1'*/[0m
  [1m[36mCheckLog Exists? (0.5ms)[0m  [1m[34mSELECT 1 AS one FROM "check_logs" WHERE "check_logs"."service_id" = 3 LIMIT 1 /*application='RailsProject1'*/[0m
  [1m[36mTRANSACTION (0.2ms)[0m  [1m[35mBEGIN /*application='RailsProject1'*/[0m
  [1m[36mCheckLog Create (2.2ms)[0m  [1m[32mINSERT INTO "check_logs" ("service_id", "status_code", "response_time_ms", "success", "error_message", "created_at", "updated_at") VALUES (3, 200, 155, TRUE, NULL, '2026-08-08 13:08:29.755245', '2026-08-08 13:38:29.756239') RETURNING "id" /*application='RailsProject1'*/[0m
  [1m[36mTRANSACTION (63.5ms)[0m  [1m[35mCOMMIT /*application='RailsProject1'*/[0m
  [1m[36mTRANSACTION (0.2ms)[0m  [1m[35mBEGIN /*application='RailsProject1'*/[0m
  [1m[36mCheckLog Create (1.4ms)[0m  [1m[32mINSERT INTO "check_logs" ("service_id", "status_code", "response_time_ms", "success", "error_message", "created_at", "updated_at") VALUES (3, 200, 156, TRUE, NULL, '2026-08-08 13:09:29.824648', '2026-08-08 13:38:29.825146') RETURNING "id" /*application='RailsProject1'*/[0m
  [1m[36mTRANSACTION (52.0ms)[0m  [1m[35mCOMMIT /*application='RailsProject1'*/[0m
  [1m[36mTRANSACTION (0.2ms)[0m  [1m[35mBEGIN /*application='RailsProject1'*/[0m
  [1m[36mCheckLog Create (2.4ms)[0m  [1m[32mINSERT INTO "check_logs" ("service_id", "status_code", "response_time_ms", "success", "error_message", "created_at", "updated_at") VALUES (3, 200, 54, TRUE, NULL, '2026-08-08 13:10:29.880541', '2026-08-08 13:38:29.881211') RETURNING "id" /*application='RailsProject1'*/[0m
  [1m[36mTRANSACTION (66.2ms)[0m  [1m[35mCOMMIT /*application='RailsProject1'*/[0m
  [1m[36mTRANSACTION (0.2ms)[0m  [1m[35mBEGIN /*application='RailsProject1'*/[0m
  [1m[36mCheckLog Create (1.5ms)[0m  [1m[32mINSERT INTO "check_logs" ("service_id", "status_code", "response_time_ms", "success", "error_message", "created_at", "updated_at") VALUES (3, 200, 205, TRUE, NULL, '2026-08-08 13:11:29.952487', '2026-08-08 13:38:29.952977') RETURNING "id" /*application='RailsProject1'*/[0m
  [1m[36mTRANSACTION (51.8ms)[0m  [1m[35mCOMMIT /*application='RailsProject1'*/[0m
  [1m[36mTRANSACTION (0.2ms)[0m  [1m[35mBEGIN /*application='RailsProject1'*/[0m
  [1m[36mCheckLog Create (1.9ms)[0m  [1m[32mINSERT INTO "check_logs" ("service_id", "status_code", "response_time_ms", "success", "error_message", "created_at", "updated_at") VALUES (3, 200, 191, TRUE, NULL, '2026-08-08 13:12:30.012461', '2026-08-08 13:38:30.012949') RETURNING "id" /*application='RailsProject1'*/[0m
  [1m[36mTRANSACTION (63.4ms)[0m  [1m[35mCOMMIT /*application='RailsProject1'*/[0m
  [1m[36mTRANSACTION (0.2ms)[0m  [1m[35mBEGIN /*application='RailsProject1'*/[0m
  [1m[36mCheckLog Create (2.0ms)[0m  [1m[32mINSERT INTO "check_logs" ("service_id", "status_code", "response_time_ms", "success", "error_message", "created_at", "updated_at") VALUES (3, 200, 148, TRUE, NULL, '2026-08-08 13:13:30.080344', '2026-08-08 13:38:30.080988') RETURNING "id" /*application='RailsProject1'*/[0m
  [1m[36mTRANSACTION (83.1ms)[0m  [1m[35mCOMMIT /*application='RailsProject1'*/[0m
  [1m[36mTRANSACTION (0.2ms)[0m  [1m[35mBEGIN /*application='RailsProject1'*/[0m
  [1m[36mCheckLog Create (1.4ms)[0m  [1m[32mINSERT INTO "check_logs" ("service_id", "status_code", "response_time_ms", "success", "error_message", "created_at", "updated_at") VALUES (3, 200, 98, TRUE, NULL, '2026-08-08 13:14:30.169004', '2026-08-08 13:38:30.169508') RETURNING "id" /*application='RailsProject1'*/[0m
  [1m[36mTRANSACTION (67.4ms)[0m  [1m[35mCOMMIT /*application='RailsProject1'*/[0m
  [1m[36mTRANSACTION (0.2ms)[0m  [1m[35mBEGIN /*application='RailsProject1'*/[0m
  [1m[36mCheckLog Create (1.5ms)[0m  [1m[32mINSERT INTO "check_logs" ("service_id", "status_code", "response_time_ms", "success", "error_message", "created_at", "updated_at") VALUES (3, 200, 60, TRUE, NULL, '2026-08-08 13:15:30.240264', '2026-08-08 13:38:30.240754') RETURNING "id" /*application='RailsProject1'*/[0m
  [1m[36mTRANSACTION (68.1ms)[0m  [1m[35mCOMMIT /*application='RailsProject1'*/[0m
  [1m[36mTRANSACTION (0.1ms)[0m  [1m[35mBEGIN /*application='RailsProject1'*/[0m
  [1m[36mCheckLog Create (2.2ms)[0m  [1m[32mINSERT INTO "check_logs" ("service_id", "status_code", "response_time_ms", "success", "error_message", "created_at", "updated_at") VALUES (3, 200, 96, TRUE, NULL, '2026-08-08 13:16:30.312815', '2026-08-08 13:38:30.313347') RETURNING "id" /*application='RailsProject1'*/[0m
  [1m[36mTRANSACTION (65.2ms)[0m  [1m[35mCOMMIT /*application='RailsProject1'*/[0m
  [1m[36mTRANSACTION (0.2ms)[0m  [1m[35mBEGIN /*application='RailsProject1'*/[0m
  [1m[36mCheckLog Create (1.4ms)[0m  [1m[32mINSERT INTO "check_logs" ("service_id", "status_code", "response_time_ms", "success", "error_message", "created_at", "updated_at") VALUES (3, 200, 217, TRUE, NULL, '2026-08-08 13:17:30.384661', '2026-08-08 13:38:30.385145') RETURNING "id" /*application='RailsProject1'*/[0m
  [1m[36mTRANSACTION (51.8ms)[0m  [1m[35mCOMMIT /*application='RailsProject1'*/[0m
  [1m[36mTRANSACTION (0.2ms)[0m  [1m[35mBEGIN /*application='RailsProject1'*/[0m
  [1m[36mCheckLog Create (1.4ms)[0m  [1m[32mINSERT INTO "check_logs" ("service_id", "status_code", "response_time_ms", "success", "error_message", "created_at", "updated_at") VALUES (3, 200, 139, TRUE, NULL, '2026-08-08 13:18:30.440807', '2026-08-08 13:38:30.441287') RETURNING "id" /*application='RailsProject1'*/[0m
  [1m[36mTRANSACTION (67.7ms)[0m  [1m[35mCOMMIT /*application='RailsProject1'*/[0m
  [1m[36mTRANSACTION (0.2ms)[0m  [1m[35mBEGIN /*application='RailsProject1'*/[0m
  [1m[36mCheckLog Create (2.7ms)[0m  [1m[32mINSERT INTO "check_logs" ("service_id", "status_code", "response_time_ms", "success", "error_message", "created_at", "updated_at") VALUES (3, 200, 171, TRUE, NULL, '2026-08-08 13:19:30.512418', '2026-08-08 13:38:30.512919') RETURNING "id" /*application='RailsProject1'*/[0m
  [1m[36mTRANSACTION (66.0ms)[0m  [1m[35mCOMMIT /*application='RailsProject1'*/[0m
  [1m[36mTRANSACTION (0.2ms)[0m  [1m[35mBEGIN /*application='RailsProject1'*/[0m
  [1m[36mCheckLog Create (1.5ms)[0m  [1m[32mINSERT INTO "check_logs" ("service_id", "status_code", "response_time_ms", "success", "error_message", "created_at", "updated_at") VALUES (3, 200, 76, TRUE, NULL, '2026-08-08 13:20:30.585224', '2026-08-08 13:38:30.585880') RETURNING "id" /*application='RailsProject1'*/[0m
  [1m[36mTRANSACTION (50.8ms)[0m  [1m[35mCOMMIT /*application='RailsProject1'*/[0m
  [1m[36mTRANSACTION (0.1ms)[0m  [1m[35mBEGIN /*application='RailsProject1'*/[0m
  [1m[36mCheckLog Create (1.4ms)[0m  [1m[32mINSERT INTO "check_logs" ("service_id", "status_code", "response_time_ms", "success", "error_message", "created_at", "updated_at") VALUES (3, 200, 57, TRUE, NULL, '2026-08-08 13:21:30.640277', '2026-08-08 13:38:30.640812') RETURNING "id" /*application='RailsProject1'*/[0m
  [1m[36mTRANSACTION (68.0ms)[0m  [1m[35mCOMMIT /*application='RailsProject1'*/[0m
  [1m[36mTRANSACTION (0.2ms)[0m  [1m[35mBEGIN /*application='RailsProject1'*/[0m
  [1m[36mCheckLog Create (1.6ms)[0m  [1m[32mINSERT INTO "check_logs" ("service_id", "status_code", "response_time_ms", "success", "error_message", "created_at", "updated_at") VALUES (3, 200, 212, TRUE, NULL, '2026-08-08 13:22:30.712554', '2026-08-08 13:38:30.713032') RETURNING "id" /*application='RailsProject1'*/[0m
  [1m[36mTRANSACTION (67.1ms)[0m  [1m[35mCOMMIT /*application='RailsProject1'*/[0m
  [1m[36mTRANSACTION (0.2ms)[0m  [1m[35mBEGIN /*application='RailsProject1'*/[0m
  [1m[36mCheckLog Create (1.5ms)[0m  [1m[32mINSERT INTO "check_logs" ("service_id", "status_code", "response_time_ms", "success", "error_message", "created_at", "updated_at") VALUES (3, 200, 110, TRUE, NULL, '2026-08-08 13:23:30.784758', '2026-08-08 13:38:30.785245') RETURNING "id" /*application='RailsProject1'*/[0m
  [1m[36mTRANSACTION (67.3ms)[0m  [1m[35mCOMMIT /*application='RailsProject1'*/[0m
  [1m[36mTRANSACTION (0.2ms)[0m  [1m[35mBEGIN /*application='RailsProject1'*/[0m
  [1m[36mCheckLog Create (1.6ms)[0m  [1m[32mINSERT INTO "check_logs" ("service_id", "status_code", "response_time_ms", "success", "error_message", "created_at", "updated_at") VALUES (3, 200, 208, TRUE, NULL, '2026-08-08 13:24:30.856476', '2026-08-08 13:38:30.856983') RETURNING "id" /*application='RailsProject1'*/[0m
  [1m[36mTRANSACTION (67.6ms)[0m  [1m[35mCOMMIT /*application='RailsProject1'*/[0m
  [1m[36mTRANSACTION (0.2ms)[0m  [1m[35mBEGIN /*application='RailsProject1'*/[0m
  [1m[36mCheckLog Create (1.5ms)[0m  [1m[32mINSERT INTO "check_logs" ("service_id", "status_code", "response_time_ms", "success", "error_message", "created_at", "updated_at") VALUES (3, 200, 203, TRUE, NULL, '2026-08-08 13:25:30.928633', '2026-08-08 13:38:30.929135') RETURNING "id" /*application='RailsProject1'*/[0m
  [1m[36mTRANSACTION (66.8ms)[0m  [1m[35mCOMMIT /*application='RailsProject1'*/[0m
  [1m[36mTRANSACTION (0.2ms)[0m  [1m[35mBEGIN /*application='RailsProject1'*/[0m
  [1m[36mCheckLog Create (1.5ms)[0m  [1m[32mINSERT INTO "check_logs" ("service_id", "status_code", "response_time_ms", "success", "error_message", "created_at", "updated_at") VALUES (3, 200, 128, TRUE, NULL, '2026-08-08 13:26:31.000468', '2026-08-08 13:38:31.001075') RETURNING "id" /*application='RailsProject1'*/[0m
  [1m[36mTRANSACTION (50.3ms)[0m  [1m[35mCOMMIT /*application='RailsProject1'*/[0m
  [1m[36mTRANSACTION (0.2ms)[0m  [1m[35mBEGIN /*application='RailsProject1'*/[0m
  [1m[36mCheckLog Create (1.6ms)[0m  [1m[32mINSERT INTO "check_logs" ("service_id", "status_code", "response_time_ms", "success", "error_message", "created_at", "updated_at") VALUES (3, 200, 71, TRUE, NULL, '2026-08-08 13:27:31.056575', '2026-08-08 13:38:31.057065') RETURNING "id" /*application='RailsProject1'*/[0m
  [1m[36mTRANSACTION (67.9ms)[0m  [1m[35mCOMMIT /*application='RailsProject1'*/[0m
  [1m[36mTRANSACTION (0.2ms)[0m  [1m[35mBEGIN /*application='RailsProject1'*/[0m
  [1m[36mCheckLog Create (1.5ms)[0m  [1m[32mINSERT INTO "check_logs" ("service_id", "status_code", "response_time_ms", "success", "error_message", "created_at", "updated_at") VALUES (3, 200, 71, TRUE, NULL, '2026-08-08 13:28:31.128592', '2026-08-08 13:38:31.129128') RETURNING "id" /*application='RailsProject1'*/[0m
  [1m[36mTRANSACTION (67.5ms)[0m  [1m[35mCOMMIT /*application='RailsProject1'*/[0m
  [1m[36mTRANSACTION (0.2ms)[0m  [1m[35mBEGIN /*application='RailsProject1'*/[0m
  [1m[36mCheckLog Create (1.4ms)[0m  [1m[32mINSERT INTO "check_logs" ("service_id", "status_code", "response_time_ms", "success", "error_message", "created_at", "updated_at") VALUES (3, 200, 138, TRUE, NULL, '2026-08-08 13:29:31.200613', '2026-08-08 13:38:31.201116') RETURNING "id" /*application='RailsProject1'*/[0m
  [1m[36mTRANSACTION (68.0ms)[0m  [1m[35mCOMMIT /*application='RailsProject1'*/[0m
  [1m[36mTRANSACTION (0.2ms)[0m  [1m[35mBEGIN /*application='RailsProject1'*/[0m
  [1m[36mCheckLog Create (1.6ms)[0m  [1m[32mINSERT INTO "check_logs" ("service_id", "status_code", "response_time_ms", "success", "error_message", "created_at", "updated_at") VALUES (3, 200, 178, TRUE, NULL, '2026-08-08 13:30:31.272521', '2026-08-08 13:38:31.273002') RETURNING "id" /*application='RailsProject1'*/[0m
  [1m[36mTRANSACTION (52.0ms)[0m  [1m[35mCOMMIT /*application='RailsProject1'*/[0m
  [1m[36mTRANSACTION (0.2ms)[0m  [1m[35mBEGIN /*application='RailsProject1'*/[0m
  [1m[36mCheckLog Create (1.5ms)[0m  [1m[32mINSERT INTO "check_logs" ("service_id", "status_code", "response_time_ms", "success", "error_message", "created_at", "updated_at") VALUES (3, 200, 168, TRUE, NULL, '2026-08-08 13:31:31.328767', '2026-08-08 13:38:31.329250') RETURNING "id" /*application='RailsProject1'*/[0m
  [1m[36mTRANSACTION (67.7ms)[0m  [1m[35mCOMMIT /*application='RailsProject1'*/[0m
  [1m[36mTRANSACTION (0.2ms)[0m  [1m[35mBEGIN /*application='RailsProject1'*/[0m
  [1m[36mCheckLog Create (1.7ms)[0m  [1m[32mINSERT INTO "check_logs" ("service_id", "status_code", "response_time_ms", "success", "error_message", "created_at", "updated_at") VALUES (3, 200, 203, TRUE, NULL, '2026-08-08 13:32:31.400687', '2026-08-08 13:38:31.401303') RETURNING "id" /*application='RailsProject1'*/[0m
  [1m[36mTRANSACTION (51.5ms)[0m  [1m[35mCOMMIT /*application='RailsProject1'*/[0m
  [1m[36mTRANSACTION (0.2ms)[0m  [1m[35mBEGIN /*application='RailsProject1'*/[0m
  [1m[36mCheckLog Create (1.6ms)[0m  [1m[32mINSERT INTO "check_logs" ("service_id", "status_code", "response_time_ms", "success", "error_message", "created_at", "updated_at") VALUES (3, 200, 184, TRUE, NULL, '2026-08-08 13:33:31.457434', '2026-08-08 13:38:31.458155') RETURNING "id" /*application='RailsProject1'*/[0m
  [1m[36mTRANSACTION (66.9ms)[0m  [1m[35mCOMMIT /*application='RailsProject1'*/[0m
  [1m[36mTRANSACTION (0.2ms)[0m  [1m[35mBEGIN /*application='RailsProject1'*/[0m
  [1m[36mCheckLog Create (1.4ms)[0m  [1m[32mINSERT INTO "check_logs" ("service_id", "status_code", "response_time_ms", "success", "error_message", "created_at", "updated_at") VALUES (3, 200, 160, TRUE, NULL, '2026-08-08 13:34:31.528773', '2026-08-08 13:38:31.529277') RETURNING "id" /*application='RailsProject1'*/[0m
  [1m[36mTRANSACTION (51.7ms)[0m  [1m[35mCOMMIT /*application='RailsProject1'*/[0m
  [1m[36mTRANSACTION (0.2ms)[0m  [1m[35mBEGIN /*application='RailsProject1'*/[0m
  [1m[36mCheckLog Create (3.2ms)[0m  [1m[32mINSERT INTO "check_logs" ("service_id", "status_code", "response_time_ms", "success", "error_message", "created_at", "updated_at") VALUES (3, 200, 134, TRUE, NULL, '2026-08-08 13:35:31.584661', '2026-08-08 13:38:31.585152') RETURNING "id" /*application='RailsProject1'*/[0m
  [1m[36mTRANSACTION (66.4ms)[0m  [1m[35mCOMMIT /*application='RailsProject1'*/[0m
  [1m[36mTRANSACTION (0.2ms)[0m  [1m[35mBEGIN /*application='RailsProject1'*/[0m
  [1m[36mCheckLog Create (2.6ms)[0m  [1m[32mINSERT INTO "check_logs" ("service_id", "status_code", "response_time_ms", "success", "error_message", "created_at", "updated_at") VALUES (3, 200, 149, TRUE, NULL, '2026-08-08 13:36:31.656675', '2026-08-08 13:38:31.657180') RETURNING "id" /*application='RailsProject1'*/[0m
  [1m[36mTRANSACTION (50.5ms)[0m  [1m[35mCOMMIT /*application='RailsProject1'*/[0m
  [1m[36mTRANSACTION (0.2ms)[0m  [1m[35mBEGIN /*application='RailsProject1'*/[0m
  [1m[36mCheckLog Create (3.2ms)[0m  [1m[32mINSERT INTO "check_logs" ("service_id", "status_code", "response_time_ms", "success", "error_message", "created_at", "updated_at") VALUES (3, 200, 112, TRUE, NULL, '2026-08-08 13:37:31.712854', '2026-08-08 13:38:31.713387') RETURNING "id" /*application='RailsProject1'*/[0m
  [1m[36mTRANSACTION (66.7ms)[0m  [1m[35mCOMMIT /*application='RailsProject1'*/[0m
  [1m[36mCheckLog Load (0.4ms)[0m  [1m[34mSELECT "check_logs".* FROM "check_logs" WHERE "check_logs"."service_id" = 3 ORDER BY "check_logs"."created_at" DESC LIMIT 1 /*application='RailsProject1'*/[0m
  [1m[36mService Update (69.1ms)[0m  [1m[33mUPDATE "services" SET "last_checked_at" = '2026-08-08 13:37:31.712854', "last_response_time_ms" = 112, "last_status_code" = 200 WHERE "services"."id" = 3 /*application='RailsProject1'*/[0m
  [1m[36mService Load (0.2ms)[0m  [1m[34mSELECT "services".* FROM "services" WHERE "services"."name" = 'CDN & Static Media Edge' LIMIT 1 /*application='RailsProject1'*/[0m
  [1m[36mTRANSACTION (0.1ms)[0m  [1m[35mBEGIN /*application='RailsProject1'*/[0m
  [1m[36mService Create (3.1ms)[0m  [1m[32mINSERT INTO "services" ("name", "description", "url", "http_method", "headers", "request_body", "expected_body_match", "expected_status_code", "timeout_seconds", "check_interval_seconds", "status", "last_checked_at", "last_response_time_ms", "last_status_code", "position", "created_at", "updated_at") VALUES ('CDN & Static Media Edge', 'Global Cloudflare assets & image optimization proxy', 'https://httpbin.org/headers', 'GET', 'Accept: application/json
Cache-Control: no-cache', NULL, 'headers', 200, 10, 120, 'operational', NULL, NULL, NULL, 4, '2026-08-08 13:38:31.859282', '2026-08-08 13:38:31.859282') RETURNING "id" /*application='RailsProject1'*/[0m
  [1m[36mTRANSACTION (63.9ms)[0m  [1m[35mCOMMIT /*application='RailsProject1'*/[0m
  [1m[36mCheckLog Exists? (0.3ms)[0m  [1m[34mSELECT 1 AS one FROM "check_logs" WHERE "check_logs"."service_id" = 4 LIMIT 1 /*application='RailsProject1'*/[0m
  [1m[36mTRANSACTION (0.2ms)[0m  [1m[35mBEGIN /*application='RailsProject1'*/[0m
  [1m[36mCheckLog Create (2.9ms)[0m  [1m[32mINSERT INTO "check_logs" ("service_id", "status_code", "response_time_ms", "success", "error_message", "created_at", "updated_at") VALUES (4, 200, 51, TRUE, NULL, '2026-08-08 13:08:31.931282', '2026-08-08 13:38:31.932197') RETURNING "id" /*application='RailsProject1'*/[0m
  [1m[36mTRANSACTION (64.8ms)[0m  [1m[35mCOMMIT /*application='RailsProject1'*/[0m
  [1m[36mTRANSACTION (0.2ms)[0m  [1m[35mBEGIN /*application='RailsProject1'*/[0m
  [1m[36mCheckLog Create (1.4ms)[0m  [1m[32mINSERT INTO "check_logs" ("service_id", "status_code", "response_time_ms", "success", "error_message", "created_at", "updated_at") VALUES (4, 200, 180, TRUE, NULL, '2026-08-08 13:09:32.003132', '2026-08-08 13:38:32.003649') RETURNING "id" /*application='RailsProject1'*/[0m
  [1m[36mTRANSACTION (51.6ms)[0m  [1m[35mCOMMIT /*application='RailsProject1'*/[0m
  [1m[36mTRANSACTION (0.2ms)[0m  [1m[35mBEGIN /*application='RailsProject1'*/[0m
  [1m[36mCheckLog Create (2.5ms)[0m  [1m[32mINSERT INTO "check_logs" ("service_id", "status_code", "response_time_ms", "success", "error_message", "created_at", "updated_at") VALUES (4, 200, 171, TRUE, NULL, '2026-08-08 13:10:32.058763', '2026-08-08 13:38:32.059567') RETURNING "id" /*application='RailsProject1'*/[0m
  [1m[36mTRANSACTION (70.6ms)[0m  [1m[35mCOMMIT /*application='RailsProject1'*/[0m
  [1m[36mTRANSACTION (0.2ms)[0m  [1m[35mBEGIN /*application='RailsProject1'*/[0m
  [1m[36mCheckLog Create (1.5ms)[0m  [1m[32mINSERT INTO "check_logs" ("service_id", "status_code", "response_time_ms", "success", "error_message", "created_at", "updated_at") VALUES (4, 200, 187, TRUE, NULL, '2026-08-08 13:11:32.136154', '2026-08-08 13:38:32.136701') RETURNING "id" /*application='RailsProject1'*/[0m
  [1m[36mTRANSACTION (67.3ms)[0m  [1m[35mCOMMIT /*application='RailsProject1'*/[0m
  [1m[36mTRANSACTION (0.2ms)[0m  [1m[35mBEGIN /*application='RailsProject1'*/[0m
  [1m[36mCheckLog Create (1.4ms)[0m  [1m[32mINSERT INTO "check_logs" ("service_id", "status_code", "response_time_ms", "success", "error_message", "created_at", "updated_at") VALUES (4, 200, 168, TRUE, NULL, '2026-08-08 13:12:32.207543', '2026-08-08 13:38:32.208040') RETURNING "id" /*application='RailsProject1'*/[0m
  [1m[36mTRANSACTION (67.6ms)[0m  [1m[35mCOMMIT /*application='RailsProject1'*/[0m
  [1m[36mTRANSACTION (0.2ms)[0m  [1m[35mBEGIN /*application='RailsProject1'*/[0m
  [1m[36mCheckLog Create (1.5ms)[0m  [1m[32mINSERT INTO "check_logs" ("service_id", "status_code", "response_time_ms", "success", "error_message", "created_at", "updated_at") VALUES (4, 200, 122, TRUE, NULL, '2026-08-08 13:13:32.279464', '2026-08-08 13:38:32.279984') RETURNING "id" /*application='RailsProject1'*/[0m
  [1m[36mTRANSACTION (67.6ms)[0m  [1m[35mCOMMIT /*application='RailsProject1'*/[0m
  [1m[36mTRANSACTION (0.2ms)[0m  [1m[35mBEGIN /*application='RailsProject1'*/[0m
  [1m[36mCheckLog Create (1.6ms)[0m  [1m[32mINSERT INTO "check_logs" ("service_id", "status_code", "response_time_ms", "success", "error_message", "created_at", "updated_at") VALUES (4, 200, 175, TRUE, NULL, '2026-08-08 13:14:32.351519', '2026-08-08 13:38:32.352133') RETURNING "id" /*application='RailsProject1'*/[0m
  [1m[36mTRANSACTION (67.2ms)[0m  [1m[35mCOMMIT /*application='RailsProject1'*/[0m
  [1m[36mTRANSACTION (0.1ms)[0m  [1m[35mBEGIN /*application='RailsProject1'*/[0m
  [1m[36mCheckLog Create (1.4ms)[0m  [1m[32mINSERT INTO "check_logs" ("service_id", "status_code", "response_time_ms", "success", "error_message", "created_at", "updated_at") VALUES (4, 200, 70, TRUE, NULL, '2026-08-08 13:15:32.423532', '2026-08-08 13:38:32.424005') RETURNING "id" /*application='RailsProject1'*/[0m
  [1m[36mTRANSACTION (68.1ms)[0m  [1m[35mCOMMIT /*application='RailsProject1'*/[0m
  [1m[36mTRANSACTION (0.2ms)[0m  [1m[35mBEGIN /*application='RailsProject1'*/[0m
  [1m[36mCheckLog Create (1.5ms)[0m  [1m[32mINSERT INTO "check_logs" ("service_id", "status_code", "response_time_ms", "success", "error_message", "created_at", "updated_at") VALUES (4, 200, 158, TRUE, NULL, '2026-08-08 13:16:32.495406', '2026-08-08 13:38:32.495917') RETURNING "id" /*application='RailsProject1'*/[0m
  [1m[36mTRANSACTION (67.1ms)[0m  [1m[35mCOMMIT /*application='RailsProject1'*/[0m
  [1m[36mTRANSACTION (0.2ms)[0m  [1m[35mBEGIN /*application='RailsProject1'*/[0m
  [1m[36mCheckLog Create (2.6ms)[0m  [1m[32mINSERT INTO "check_logs" ("service_id", "status_code", "response_time_ms", "success", "error_message", "created_at", "updated_at") VALUES (4, 200, 102, TRUE, NULL, '2026-08-08 13:17:32.567412', '2026-08-08 13:38:32.568106') RETURNING "id" /*application='RailsProject1'*/[0m
  [1m[36mTRANSACTION (66.3ms)[0m  [1m[35mCOMMIT /*application='RailsProject1'*/[0m
  [1m[36mTRANSACTION (0.1ms)[0m  [1m[35mBEGIN /*application='RailsProject1'*/[0m
  [1m[36mCheckLog Create (2.6ms)[0m  [1m[32mINSERT INTO "check_logs" ("service_id", "status_code", "response_time_ms", "success", "error_message", "created_at", "updated_at") VALUES (4, 200, 52, TRUE, NULL, '2026-08-08 13:18:32.639449', '2026-08-08 13:38:32.639952') RETURNING "id" /*application='RailsProject1'*/[0m
  [1m[36mTRANSACTION (66.9ms)[0m  [1m[35mCOMMIT /*application='RailsProject1'*/[0m
  [1m[36mTRANSACTION (0.2ms)[0m  [1m[35mBEGIN /*application='RailsProject1'*/[0m
  [1m[36mCheckLog Create (1.4ms)[0m  [1m[32mINSERT INTO "check_logs" ("service_id", "status_code", "response_time_ms", "success", "error_message", "created_at", "updated_at") VALUES (4, 200, 110, TRUE, NULL, '2026-08-08 13:19:32.711738', '2026-08-08 13:38:32.712216') RETURNING "id" /*application='RailsProject1'*/[0m
  [1m[36mTRANSACTION (51.7ms)[0m  [1m[35mCOMMIT /*application='RailsProject1'*/[0m
  [1m[36mTRANSACTION (0.2ms)[0m  [1m[35mBEGIN /*application='RailsProject1'*/[0m
  [1m[36mCheckLog Create (1.6ms)[0m  [1m[32mINSERT INTO "check_logs" ("service_id", "status_code", "response_time_ms", "success", "error_message", "created_at", "updated_at") VALUES (4, 200, 86, TRUE, NULL, '2026-08-08 13:20:32.767539', '2026-08-08 13:38:32.768226') RETURNING "id" /*application='RailsProject1'*/[0m
  [1m[36mTRANSACTION (66.9ms)[0m  [1m[35mCOMMIT /*application='RailsProject1'*/[0m
  [1m[36mTRANSACTION (0.1ms)[0m  [1m[35mBEGIN /*application='RailsProject1'*/[0m
  [1m[36mCheckLog Create (1.4ms)[0m  [1m[32mINSERT INTO "check_logs" ("service_id", "status_code", "response_time_ms", "success", "error_message", "created_at", "updated_at") VALUES (4, 200, 135, TRUE, NULL, '2026-08-08 13:21:32.839338', '2026-08-08 13:38:32.839813') RETURNING "id" /*application='RailsProject1'*/[0m
  [1m[36mTRANSACTION (52.3ms)[0m  [1m[35mCOMMIT /*application='RailsProject1'*/[0m
  [1m[36mTRANSACTION (0.2ms)[0m  [1m[35mBEGIN /*application='RailsProject1'*/[0m
  [1m[36mCheckLog Create (1.4ms)[0m  [1m[32mINSERT INTO "check_logs" ("service_id", "status_code", "response_time_ms", "success", "error_message", "created_at", "updated_at") VALUES (4, 200, 85, TRUE, NULL, '2026-08-08 13:22:32.895406', '2026-08-08 13:38:32.895893') RETURNING "id" /*application='RailsProject1'*/[0m
  [1m[36mTRANSACTION (68.1ms)[0m  [1m[35mCOMMIT /*application='RailsProject1'*/[0m
  [1m[36mTRANSACTION (0.3ms)[0m  [1m[35mBEGIN /*application='RailsProject1'*/[0m
  [1m[36mCheckLog Create (2.4ms)[0m  [1m[32mINSERT INTO "check_logs" ("service_id", "status_code", "response_time_ms", "success", "error_message", "created_at", "updated_at") VALUES (4, 0, 187, FALSE, 'Connection timeout / HTTP 502 Bad Gateway', '2026-08-08 13:23:32.967458', '2026-08-08 13:38:32.968055') RETURNING "id" /*application='RailsProject1'*/[0m
  [1m[36mTRANSACTION (50.5ms)[0m  [1m[35mCOMMIT /*application='RailsProject1'*/[0m
  [1m[36mTRANSACTION (0.1ms)[0m  [1m[35mBEGIN /*application='RailsProject1'*/[0m
  [1m[36mCheckLog Create (1.4ms)[0m  [1m[32mINSERT INTO "check_logs" ("service_id", "status_code", "response_time_ms", "success", "error_message", "created_at", "updated_at") VALUES (4, 200, 174, TRUE, NULL, '2026-08-08 13:24:33.023476', '2026-08-08 13:38:33.023956') RETURNING "id" /*application='RailsProject1'*/[0m
  [1m[36mTRANSACTION (68.2ms)[0m  [1m[35mCOMMIT /*application='RailsProject1'*/[0m
  [1m[36mTRANSACTION (0.2ms)[0m  [1m[35mBEGIN /*application='RailsProject1'*/[0m
  [1m[36mCheckLog Create (1.4ms)[0m  [1m[32mINSERT INTO "check_logs" ("service_id", "status_code", "response_time_ms", "success", "error_message", "created_at", "updated_at") VALUES (4, 200, 50, TRUE, NULL, '2026-08-08 13:25:33.095518', '2026-08-08 13:38:33.096016') RETURNING "id" /*application='RailsProject1'*/[0m
  [1m[36mTRANSACTION (52.9ms)[0m  [1m[35mCOMMIT /*application='RailsProject1'*/[0m
  [1m[36mTRANSACTION (0.2ms)[0m  [1m[35mBEGIN /*application='RailsProject1'*/[0m
  [1m[36mCheckLog Create (1.6ms)[0m  [1m[32mINSERT INTO "check_logs" ("service_id", "status_code", "response_time_ms", "success", "error_message", "created_at", "updated_at") VALUES (4, 200, 92, TRUE, NULL, '2026-08-08 13:26:33.152929', '2026-08-08 13:38:33.153476') RETURNING "id" /*application='RailsProject1'*/[0m
  [1m[36mTRANSACTION (65.1ms)[0m  [1m[35mCOMMIT /*application='RailsProject1'*/[0m
  [1m[36mTRANSACTION (0.2ms)[0m  [1m[35mBEGIN /*application='RailsProject1'*/[0m
  [1m[36mCheckLog Create (1.4ms)[0m  [1m[32mINSERT INTO "check_logs" ("service_id", "status_code", "response_time_ms", "success", "error_message", "created_at", "updated_at") VALUES (4, 200, 182, TRUE, NULL, '2026-08-08 13:27:33.223502', '2026-08-08 13:38:33.224112') RETURNING "id" /*application='RailsProject1'*/[0m
  [1m[36mTRANSACTION (67.8ms)[0m  [1m[35mCOMMIT /*application='RailsProject1'*/[0m
  [1m[36mTRANSACTION (0.2ms)[0m  [1m[35mBEGIN /*application='RailsProject1'*/[0m
  [1m[36mCheckLog Create (1.5ms)[0m  [1m[32mINSERT INTO "check_logs" ("service_id", "status_code", "response_time_ms", "success", "error_message", "created_at", "updated_at") VALUES (4, 200, 210, TRUE, NULL, '2026-08-08 13:28:33.295410', '2026-08-08 13:38:33.295905') RETURNING "id" /*application='RailsProject1'*/[0m
  [1m[36mTRANSACTION (67.2ms)[0m  [1m[35mCOMMIT /*application='RailsProject1'*/[0m
  [1m[36mTRANSACTION (0.2ms)[0m  [1m[35mBEGIN /*application='RailsProject1'*/[0m
  [1m[36mCheckLog Create (1.8ms)[0m  [1m[32mINSERT INTO "check_logs" ("service_id", "status_code", "response_time_ms", "success", "error_message", "created_at", "updated_at") VALUES (4, 200, 196, TRUE, NULL, '2026-08-08 13:29:33.367414', '2026-08-08 13:38:33.367906') RETURNING "id" /*application='RailsProject1'*/[0m
  [1m[36mTRANSACTION (67.5ms)[0m  [1m[35mCOMMIT /*application='RailsProject1'*/[0m
  [1m[36mTRANSACTION (0.2ms)[0m  [1m[35mBEGIN /*application='RailsProject1'*/[0m
  [1m[36mCheckLog Create (1.5ms)[0m  [1m[32mINSERT INTO "check_logs" ("service_id", "status_code", "response_time_ms", "success", "error_message", "created_at", "updated_at") VALUES (4, 500, 78, FALSE, 'Connection timeout / HTTP 502 Bad Gateway', '2026-08-08 13:30:33.439450', '2026-08-08 13:38:33.439927') RETURNING "id" /*application='RailsProject1'*/[0m
  [1m[36mTRANSACTION (67.5ms)[0m  [1m[35mCOMMIT /*application='RailsProject1'*/[0m
  [1m[36mTRANSACTION (0.2ms)[0m  [1m[35mBEGIN /*application='RailsProject1'*/[0m
  [1m[36mCheckLog Create (1.6ms)[0m  [1m[32mINSERT INTO "check_logs" ("service_id", "status_code", "response_time_ms", "success", "error_message", "created_at", "updated_at") VALUES (4, 200, 65, TRUE, NULL, '2026-08-08 13:31:33.511890', '2026-08-08 13:38:33.512566') RETURNING "id" /*application='RailsProject1'*/[0m
  [1m[36mTRANSACTION (66.9ms)[0m  [1m[35mCOMMIT /*application='RailsProject1'*/[0m
  [1m[36mTRANSACTION (0.2ms)[0m  [1m[35mBEGIN /*application='RailsProject1'*/[0m
  [1m[36mCheckLog Create (1.6ms)[0m  [1m[32mINSERT INTO "check_logs" ("service_id", "status_code", "response_time_ms", "success", "error_message", "created_at", "updated_at") VALUES (4, 200, 52, TRUE, NULL, '2026-08-08 13:32:33.583626', '2026-08-08 13:38:33.584138') RETURNING "id" /*application='RailsProject1'*/[0m
  [1m[36mTRANSACTION (67.2ms)[0m  [1m[35mCOMMIT /*application='RailsProject1'*/[0m
  [1m[36mTRANSACTION (0.2ms)[0m  [1m[35mBEGIN /*application='RailsProject1'*/[0m
  [1m[36mCheckLog Create (1.4ms)[0m  [1m[32mINSERT INTO "check_logs" ("service_id", "status_code", "response_time_ms", "success", "error_message", "created_at", "updated_at") VALUES (4, 504, 163, FALSE, 'Connection timeout / HTTP 502 Bad Gateway', '2026-08-08 13:33:33.655414', '2026-08-08 13:38:33.655887') RETURNING "id" /*application='RailsProject1'*/[0m
  [1m[36mTRANSACTION (68.1ms)[0m  [1m[35mCOMMIT /*application='RailsProject1'*/[0m
  [1m[36mTRANSACTION (0.2ms)[0m  [1m[35mBEGIN /*application='RailsProject1'*/[0m
  [1m[36mCheckLog Create (1.9ms)[0m  [1m[32mINSERT INTO "check_logs" ("service_id", "status_code", "response_time_ms", "success", "error_message", "created_at", "updated_at") VALUES (4, 200, 150, TRUE, NULL, '2026-08-08 13:34:33.728216', '2026-08-08 13:38:33.728754') RETURNING "id" /*application='RailsProject1'*/[0m
  [1m[36mTRANSACTION (66.9ms)[0m  [1m[35mCOMMIT /*application='RailsProject1'*/[0m
  [1m[36mTRANSACTION (0.2ms)[0m  [1m[35mBEGIN /*application='RailsProject1'*/[0m
  [1m[36mCheckLog Create (1.6ms)[0m  [1m[32mINSERT INTO "check_logs" ("service_id", "status_code", "response_time_ms", "success", "error_message", "created_at", "updated_at") VALUES (4, 200, 101, TRUE, NULL, '2026-08-08 13:35:33.799895', '2026-08-08 13:38:33.800513') RETURNING "id" /*application='RailsProject1'*/[0m
  [1m[36mTRANSACTION (67.2ms)[0m  [1m[35mCOMMIT /*application='RailsProject1'*/[0m
  [1m[36mTRANSACTION (0.1ms)[0m  [1m[35mBEGIN /*application='RailsProject1'*/[0m
  [1m[36mCheckLog Create (2.3ms)[0m  [1m[32mINSERT INTO "check_logs" ("service_id", "status_code", "response_time_ms", "success", "error_message", "created_at", "updated_at") VALUES (4, 200, 50, TRUE, NULL, '2026-08-08 13:36:33.871331', '2026-08-08 13:38:33.871821') RETURNING "id" /*application='RailsProject1'*/[0m
  [1m[36mTRANSACTION (67.1ms)[0m  [1m[35mCOMMIT /*application='RailsProject1'*/[0m
  [1m[36mTRANSACTION (0.2ms)[0m  [1m[35mBEGIN /*application='RailsProject1'*/[0m
  [1m[36mCheckLog Create (1.4ms)[0m  [1m[32mINSERT INTO "check_logs" ("service_id", "status_code", "response_time_ms", "success", "error_message", "created_at", "updated_at") VALUES (4, 200, 124, TRUE, NULL, '2026-08-08 13:37:33.943429', '2026-08-08 13:38:33.943917') RETURNING "id" /*application='RailsProject1'*/[0m
  [1m[36mTRANSACTION (68.0ms)[0m  [1m[35mCOMMIT /*application='RailsProject1'*/[0m
  [1m[36mCheckLog Load (0.4ms)[0m  [1m[34mSELECT "check_logs".* FROM "check_logs" WHERE "check_logs"."service_id" = 4 ORDER BY "check_logs"."created_at" DESC LIMIT 1 /*application='RailsProject1'*/[0m
  [1m[36mService Update (68.7ms)[0m  [1m[33mUPDATE "services" SET "last_checked_at" = '2026-08-08 13:37:33.943429', "last_response_time_ms" = 124, "last_status_code" = 200 WHERE "services"."id" = 4 /*application='RailsProject1'*/[0m
  [1m[36mService Load (0.3ms)[0m  [1m[34mSELECT "services".* FROM "services" WHERE "services"."name" = 'Database Replication Secondary' LIMIT 1 /*application='RailsProject1'*/[0m
  [1m[36mTRANSACTION (0.1ms)[0m  [1m[35mBEGIN /*application='RailsProject1'*/[0m
  [1m[36mService Create (1.4ms)[0m  [1m[32mINSERT INTO "services" ("name", "description", "url", "http_method", "headers", "request_body", "expected_body_match", "expected_status_code", "timeout_seconds", "check_interval_seconds", "status", "last_checked_at", "last_response_time_ms", "last_status_code", "position", "created_at", "updated_at") VALUES ('Database Replication Secondary', 'Read-replica health check endpoint', 'https://httpbin.org/delay/1', 'GET', NULL, NULL, NULL, 200, 10, 60, 'degraded', NULL, NULL, NULL, 5, '2026-08-08 13:38:34.088820', '2026-08-08 13:38:34.088820') RETURNING "id" /*application='RailsProject1'*/[0m
  [1m[36mTRANSACTION (67.1ms)[0m  [1m[35mCOMMIT /*application='RailsProject1'*/[0m
  [1m[36mCheckLog Exists? (0.3ms)[0m  [1m[34mSELECT 1 AS one FROM "check_logs" WHERE "check_logs"."service_id" = 5 LIMIT 1 /*application='RailsProject1'*/[0m
  [1m[36mTRANSACTION (0.2ms)[0m  [1m[35mBEGIN /*application='RailsProject1'*/[0m
  [1m[36mCheckLog Create (3.3ms)[0m  [1m[32mINSERT INTO "check_logs" ("service_id", "status_code", "response_time_ms", "success", "error_message", "created_at", "updated_at") VALUES (5, 200, 3644, TRUE, NULL, '2026-08-08 13:08:34.160876', '2026-08-08 13:38:34.161486') RETURNING "id" /*application='RailsProject1'*/[0m
  [1m[36mTRANSACTION (62.6ms)[0m  [1m[35mCOMMIT /*application='RailsProject1'*/[0m
  [1m[36mTRANSACTION (0.2ms)[0m  [1m[35mBEGIN /*application='RailsProject1'*/[0m
  [1m[36mCheckLog Create (2.3ms)[0m  [1m[32mINSERT INTO "check_logs" ("service_id", "status_code", "response_time_ms", "success", "error_message", "created_at", "updated_at") VALUES (5, 200, 3576, TRUE, NULL, '2026-08-08 13:09:34.231472', '2026-08-08 13:38:34.231968') RETURNING "id" /*application='RailsProject1'*/[0m
  [1m[36mTRANSACTION (49.2ms)[0m  [1m[35mCOMMIT /*application='RailsProject1'*/[0m
  [1m[36mTRANSACTION (0.2ms)[0m  [1m[35mBEGIN /*application='RailsProject1'*/[0m
  [1m[36mCheckLog Create (1.4ms)[0m  [1m[32mINSERT INTO "check_logs" ("service_id", "status_code", "response_time_ms", "success", "error_message", "created_at", "updated_at") VALUES (5, 502, 3309, FALSE, 'Connection timeout / HTTP 502 Bad Gateway', '2026-08-08 13:10:34.287407', '2026-08-08 13:38:34.287885') RETURNING "id" /*application='RailsProject1'*/[0m
  [1m[36mTRANSACTION (68.2ms)[0m  [1m[35mCOMMIT /*application='RailsProject1'*/[0m
  [1m[36mTRANSACTION (0.2ms)[0m  [1m[35mBEGIN /*application='RailsProject1'*/[0m
  [1m[36mCheckLog Create (1.5ms)[0m  [1m[32mINSERT INTO "check_logs" ("service_id", "status_code", "response_time_ms", "success", "error_message", "created_at", "updated_at") VALUES (5, 200, 3025, TRUE, NULL, '2026-08-08 13:11:34.359497', '2026-08-08 13:38:34.359978') RETURNING "id" /*application='RailsProject1'*/[0m
  [1m[36mTRANSACTION (68.0ms)[0m  [1m[35mCOMMIT /*application='RailsProject1'*/[0m
  [1m[36mTRANSACTION (0.2ms)[0m  [1m[35mBEGIN /*application='RailsProject1'*/[0m
  [1m[36mCheckLog Create (2.1ms)[0m  [1m[32mINSERT INTO "check_logs" ("service_id", "status_code", "response_time_ms", "success", "error_message", "created_at", "updated_at") VALUES (5, 200, 3226, TRUE, NULL, '2026-08-08 13:12:34.431446', '2026-08-08 13:38:34.431919') RETURNING "id" /*application='RailsProject1'*/[0m
  [1m[36mTRANSACTION (52.2ms)[0m  [1m[35mCOMMIT /*application='RailsProject1'*/[0m
  [1m[36mTRANSACTION (0.2ms)[0m  [1m[35mBEGIN /*application='RailsProject1'*/[0m
  [1m[36mCheckLog Create (1.4ms)[0m  [1m[32mINSERT INTO "check_logs" ("service_id", "status_code", "response_time_ms", "success", "error_message", "created_at", "updated_at") VALUES (5, 200, 2832, TRUE, NULL, '2026-08-08 13:13:34.488482', '2026-08-08 13:38:34.488973') RETURNING "id" /*application='RailsProject1'*/[0m
  [1m[36mTRANSACTION (68.9ms)[0m  [1m[35mCOMMIT /*application='RailsProject1'*/[0m
  [1m[36mTRANSACTION (0.1ms)[0m  [1m[35mBEGIN /*application='RailsProject1'*/[0m
  [1m[36mCheckLog Create (1.4ms)[0m  [1m[32mINSERT INTO "check_logs" ("service_id", "status_code", "response_time_ms", "success", "error_message", "created_at", "updated_at") VALUES (5, 200, 3602, TRUE, NULL, '2026-08-08 13:14:34.561309', '2026-08-08 13:38:34.561803') RETURNING "id" /*application='RailsProject1'*/[0m
  [1m[36mTRANSACTION (68.2ms)[0m  [1m[35mCOMMIT /*application='RailsProject1'*/[0m
  [1m[36mTRANSACTION (0.2ms)[0m  [1m[35mBEGIN /*application='RailsProject1'*/[0m
  [1m[36mCheckLog Create (2.5ms)[0m  [1m[32mINSERT INTO "check_logs" ("service_id", "status_code", "response_time_ms", "success", "error_message", "created_at", "updated_at") VALUES (5, 200, 4065, TRUE, NULL, '2026-08-08 13:15:34.633852', '2026-08-08 13:38:34.634548') RETURNING "id" /*application='RailsProject1'*/[0m
  [1m[36mTRANSACTION (66.3ms)[0m  [1m[35mCOMMIT /*application='RailsProject1'*/[0m
  [1m[36mTRANSACTION (0.2ms)[0m  [1m[35mBEGIN /*application='RailsProject1'*/[0m
  [1m[36mCheckLog Create (1.5ms)[0m  [1m[32mINSERT INTO "check_logs" ("service_id", "status_code", "response_time_ms", "success", "error_message", "created_at", "updated_at") VALUES (5, 200, 2923, TRUE, NULL, '2026-08-08 13:16:34.705580', '2026-08-08 13:38:34.706054') RETURNING "id" /*application='RailsProject1'*/[0m
  [1m[36mTRANSACTION (67.7ms)[0m  [1m[35mCOMMIT /*application='RailsProject1'*/[0m
  [1m[36mTRANSACTION (0.2ms)[0m  [1m[35mBEGIN /*application='RailsProject1'*/[0m
  [1m[36mCheckLog Create (1.5ms)[0m  [1m[32mINSERT INTO "check_logs" ("service_id", "status_code", "response_time_ms", "success", "error_message", "created_at", "updated_at") VALUES (5, 200, 3879, TRUE, NULL, '2026-08-08 13:17:34.777432', '2026-08-08 13:38:34.777904') RETURNING "id" /*application='RailsProject1'*/[0m
  [1m[36mTRANSACTION (68.0ms)[0m  [1m[35mCOMMIT /*application='RailsProject1'*/[0m
  [1m[36mTRANSACTION (0.2ms)[0m  [1m[35mBEGIN /*application='RailsProject1'*/[0m
  [1m[36mCheckLog Create (1.8ms)[0m  [1m[32mINSERT INTO "check_logs" ("service_id", "status_code", "response_time_ms", "success", "error_message", "created_at", "updated_at") VALUES (5, 200, 4136, TRUE, NULL, '2026-08-08 13:18:34.850746', '2026-08-08 13:38:34.851241') RETURNING "id" /*application='RailsProject1'*/[0m
  [1m[36mTRANSACTION (66.3ms)[0m  [1m[35mCOMMIT /*application='RailsProject1'*/[0m
  [1m[36mTRANSACTION (0.2ms)[0m  [1m[35mBEGIN /*application='RailsProject1'*/[0m
  [1m[36mCheckLog Create (1.6ms)[0m  [1m[32mINSERT INTO "check_logs" ("service_id", "status_code", "response_time_ms", "success", "error_message", "created_at", "updated_at") VALUES (5, 200, 3694, TRUE, NULL, '2026-08-08 13:19:34.921512', '2026-08-08 13:38:34.921999') RETURNING "id" /*application='RailsProject1'*/[0m
  [1m[36mTRANSACTION (67.8ms)[0m  [1m[35mCOMMIT /*application='RailsProject1'*/[0m
  [1m[36mTRANSACTION (0.2ms)[0m  [1m[35mBEGIN /*application='RailsProject1'*/[0m
  [1m[36mCheckLog Create (2.1ms)[0m  [1m[32mINSERT INTO "check_logs" ("service_id", "status_code", "response_time_ms", "success", "error_message", "created_at", "updated_at") VALUES (5, 200, 4017, TRUE, NULL, '2026-08-08 13:20:34.993438', '2026-08-08 13:38:34.994022') RETURNING "id" /*application='RailsProject1'*/[0m
  [1m[36mTRANSACTION (66.9ms)[0m  [1m[35mCOMMIT /*application='RailsProject1'*/[0m
  [1m[36mTRANSACTION (0.2ms)[0m  [1m[35mBEGIN /*application='RailsProject1'*/[0m
  [1m[36mCheckLog Create (1.8ms)[0m  [1m[32mINSERT INTO "check_logs" ("service_id", "status_code", "response_time_ms", "success", "error_message", "created_at", "updated_at") VALUES (5, 200, 3237, TRUE, NULL, '2026-08-08 13:21:35.065932', '2026-08-08 13:38:35.066968') RETURNING "id" /*application='RailsProject1'*/[0m
  [1m[36mTRANSACTION (81.1ms)[0m  [1m[35mCOMMIT /*application='RailsProject1'*/[0m
  [1m[36mTRANSACTION (0.2ms)[0m  [1m[35mBEGIN /*application='RailsProject1'*/[0m
  [1m[36mCheckLog Create (1.4ms)[0m  [1m[32mINSERT INTO "check_logs" ("service_id", "status_code", "response_time_ms", "success", "error_message", "created_at", "updated_at") VALUES (5, 200, 3633, TRUE, NULL, '2026-08-08 13:22:35.153261', '2026-08-08 13:38:35.153768') RETURNING "id" /*application='RailsProject1'*/[0m
  [1m[36mTRANSACTION (67.4ms)[0m  [1m[35mCOMMIT /*application='RailsProject1'*/[0m
  [1m[36mTRANSACTION (0.2ms)[0m  [1m[35mBEGIN /*application='RailsProject1'*/[0m
  [1m[36mCheckLog Create (1.4ms)[0m  [1m[32mINSERT INTO "check_logs" ("service_id", "status_code", "response_time_ms", "success", "error_message", "created_at", "updated_at") VALUES (5, 200, 3943, TRUE, NULL, '2026-08-08 13:23:35.224540', '2026-08-08 13:38:35.225034') RETURNING "id" /*application='RailsProject1'*/[0m
  [1m[36mTRANSACTION (67.9ms)[0m  [1m[35mCOMMIT /*application='RailsProject1'*/[0m
  [1m[36mTRANSACTION (0.2ms)[0m  [1m[35mBEGIN /*application='RailsProject1'*/[0m
  [1m[36mCheckLog Create (1.4ms)[0m  [1m[32mINSERT INTO "check_logs" ("service_id", "status_code", "response_time_ms", "success", "error_message", "created_at", "updated_at") VALUES (5, 504, 2884, FALSE, 'Connection timeout / HTTP 502 Bad Gateway', '2026-08-08 13:24:35.296750', '2026-08-08 13:38:35.297227') RETURNING "id" /*application='RailsProject1'*/[0m
  [1m[36mTRANSACTION (83.7ms)[0m  [1m[35mCOMMIT /*application='RailsProject1'*/[0m
  [1m[36mTRANSACTION (0.2ms)[0m  [1m[35mBEGIN /*application='RailsProject1'*/[0m
  [1m[36mCheckLog Create (1.6ms)[0m  [1m[32mINSERT INTO "check_logs" ("service_id", "status_code", "response_time_ms", "success", "error_message", "created_at", "updated_at") VALUES (5, 200, 3457, TRUE, NULL, '2026-08-08 13:25:35.384437', '2026-08-08 13:38:35.384932') RETURNING "id" /*application='RailsProject1'*/[0m
  [1m[36mTRANSACTION (51.9ms)[0m  [1m[35mCOMMIT /*application='RailsProject1'*/[0m
  [1m[36mTRANSACTION (0.2ms)[0m  [1m[35mBEGIN /*application='RailsProject1'*/[0m
  [1m[36mCheckLog Create (1.4ms)[0m  [1m[32mINSERT INTO "check_logs" ("service_id", "status_code", "response_time_ms", "success", "error_message", "created_at", "updated_at") VALUES (5, 200, 2674, TRUE, NULL, '2026-08-08 13:26:35.440785', '2026-08-08 13:38:35.441285') RETURNING "id" /*application='RailsProject1'*/[0m
  [1m[36mTRANSACTION (67.8ms)[0m  [1m[35mCOMMIT /*application='RailsProject1'*/[0m
  [1m[36mTRANSACTION (0.2ms)[0m  [1m[35mBEGIN /*application='RailsProject1'*/[0m
  [1m[36mCheckLog Create (1.6ms)[0m  [1m[32mINSERT INTO "check_logs" ("service_id", "status_code", "response_time_ms", "success", "error_message", "created_at", "updated_at") VALUES (5, 200, 3603, TRUE, NULL, '2026-08-08 13:27:35.512494', '2026-08-08 13:38:35.513004') RETURNING "id" /*application='RailsProject1'*/[0m
  [1m[36mTRANSACTION (67.2ms)[0m  [1m[35mCOMMIT /*application='RailsProject1'*/[0m
  [1m[36mTRANSACTION (0.2ms)[0m  [1m[35mBEGIN /*application='RailsProject1'*/[0m
  [1m[36mCheckLog Create (1.6ms)[0m  [1m[32mINSERT INTO "check_logs" ("service_id", "status_code", "response_time_ms", "success", "error_message", "created_at", "updated_at") VALUES (5, 200, 2798, TRUE, NULL, '2026-08-08 13:28:35.584359', '2026-08-08 13:38:35.584852') RETURNING "id" /*application='RailsProject1'*/[0m
  [1m[36mTRANSACTION (67.3ms)[0m  [1m[35mCOMMIT /*application='RailsProject1'*/[0m
  [1m[36mTRANSACTION (0.2ms)[0m  [1m[35mBEGIN /*application='RailsProject1'*/[0m
  [1m[36mCheckLog Create (1.4ms)[0m  [1m[32mINSERT INTO "check_logs" ("service_id", "status_code", "response_time_ms", "success", "error_message", "created_at", "updated_at") VALUES (5, 200, 3515, TRUE, NULL, '2026-08-08 13:29:35.656173', '2026-08-08 13:38:35.656710') RETURNING "id" /*application='RailsProject1'*/[0m
  [1m[36mTRANSACTION (67.7ms)[0m  [1m[35mCOMMIT /*application='RailsProject1'*/[0m
  [1m[36mTRANSACTION (0.2ms)[0m  [1m[35mBEGIN /*application='RailsProject1'*/[0m
  [1m[36mCheckLog Create (1.6ms)[0m  [1m[32mINSERT INTO "check_logs" ("service_id", "status_code", "response_time_ms", "success", "error_message", "created_at", "updated_at") VALUES (5, 200, 3583, TRUE, NULL, '2026-08-08 13:30:35.728370', '2026-08-08 13:38:35.728887') RETURNING "id" /*application='RailsProject1'*/[0m
  [1m[36mTRANSACTION (67.8ms)[0m  [1m[35mCOMMIT /*application='RailsProject1'*/[0m
  [1m[36mTRANSACTION (0.2ms)[0m  [1m[35mBEGIN /*application='RailsProject1'*/[0m
  [1m[36mCheckLog Create (1.9ms)[0m  [1m[32mINSERT INTO "check_logs" ("service_id", "status_code", "response_time_ms", "success", "error_message", "created_at", "updated_at") VALUES (5, 200, 3454, TRUE, NULL, '2026-08-08 13:31:35.800746', '2026-08-08 13:38:35.801353') RETURNING "id" /*application='RailsProject1'*/[0m
  [1m[36mTRANSACTION (66.5ms)[0m  [1m[35mCOMMIT /*application='RailsProject1'*/[0m
  [1m[36mTRANSACTION (0.1ms)[0m  [1m[35mBEGIN /*application='RailsProject1'*/[0m
  [1m[36mCheckLog Create (1.5ms)[0m  [1m[32mINSERT INTO "check_logs" ("service_id", "status_code", "response_time_ms", "success", "error_message", "created_at", "updated_at") VALUES (5, 200, 3259, TRUE, NULL, '2026-08-08 13:32:35.872262', '2026-08-08 13:38:35.872768') RETURNING "id" /*application='RailsProject1'*/[0m
  [1m[36mTRANSACTION (67.9ms)[0m  [1m[35mCOMMIT /*application='RailsProject1'*/[0m
  [1m[36mTRANSACTION (0.2ms)[0m  [1m[35mBEGIN /*application='RailsProject1'*/[0m
  [1m[36mCheckLog Create (1.5ms)[0m  [1m[32mINSERT INTO "check_logs" ("service_id", "status_code", "response_time_ms", "success", "error_message", "created_at", "updated_at") VALUES (5, 200, 3706, TRUE, NULL, '2026-08-08 13:33:35.945467', '2026-08-08 13:38:35.945954') RETURNING "id" /*application='RailsProject1'*/[0m
  [1m[36mTRANSACTION (67.0ms)[0m  [1m[35mCOMMIT /*application='RailsProject1'*/[0m
  [1m[36mTRANSACTION (0.2ms)[0m  [1m[35mBEGIN /*application='RailsProject1'*/[0m
  [1m[36mCheckLog Create (1.6ms)[0m  [1m[32mINSERT INTO "check_logs" ("service_id", "status_code", "response_time_ms", "success", "error_message", "created_at", "updated_at") VALUES (5, 200, 3614, TRUE, NULL, '2026-08-08 13:34:36.016489', '2026-08-08 13:38:36.017087') RETURNING "id" /*application='RailsProject1'*/[0m
  [1m[36mTRANSACTION (67.3ms)[0m  [1m[35mCOMMIT /*application='RailsProject1'*/[0m
  [1m[36mTRANSACTION (0.1ms)[0m  [1m[35mBEGIN /*application='RailsProject1'*/[0m
  [1m[36mCheckLog Create (1.5ms)[0m  [1m[32mINSERT INTO "check_logs" ("service_id", "status_code", "response_time_ms", "success", "error_message", "created_at", "updated_at") VALUES (5, 200, 3702, TRUE, NULL, '2026-08-08 13:35:36.088314', '2026-08-08 13:38:36.088810') RETURNING "id" /*application='RailsProject1'*/[0m
  [1m[36mTRANSACTION (83.8ms)[0m  [1m[35mCOMMIT /*application='RailsProject1'*/[0m
  [1m[36mTRANSACTION (0.2ms)[0m  [1m[35mBEGIN /*application='RailsProject1'*/[0m
  [1m[36mCheckLog Create (1.8ms)[0m  [1m[32mINSERT INTO "check_logs" ("service_id", "status_code", "response_time_ms", "success", "error_message", "created_at", "updated_at") VALUES (5, 200, 3082, TRUE, NULL, '2026-08-08 13:36:36.176369', '2026-08-08 13:38:36.176886') RETURNING "id" /*application='RailsProject1'*/[0m
  [1m[36mTRANSACTION (66.8ms)[0m  [1m[35mCOMMIT /*application='RailsProject1'*/[0m
  [1m[36mTRANSACTION (0.2ms)[0m  [1m[35mBEGIN /*application='RailsProject1'*/[0m
  [1m[36mCheckLog Create (3.7ms)[0m  [1m[32mINSERT INTO "check_logs" ("service_id", "status_code", "response_time_ms", "success", "error_message", "created_at", "updated_at") VALUES (5, 200, 3368, TRUE, NULL, '2026-08-08 13:37:36.249827', '2026-08-08 13:38:36.250836') RETURNING "id" /*application='RailsProject1'*/[0m
  [1m[36mTRANSACTION (61.8ms)[0m  [1m[35mCOMMIT /*application='RailsProject1'*/[0m
  [1m[36mCheckLog Load (0.4ms)[0m  [1m[34mSELECT "check_logs".* FROM "check_logs" WHERE "check_logs"."service_id" = 5 ORDER BY "check_logs"."created_at" DESC LIMIT 1 /*application='RailsProject1'*/[0m
  [1m[36mService Update (67.4ms)[0m  [1m[33mUPDATE "services" SET "last_checked_at" = '2026-08-08 13:37:36.249827', "last_response_time_ms" = 3368, "last_status_code" = 200 WHERE "services"."id" = 5 /*application='RailsProject1'*/[0m
  [1m[36mIncident Exists? (0.5ms)[0m  [1m[34mSELECT 1 AS one FROM "incidents" WHERE "incidents"."title" = 'Elevated Latency on Secondary Database Replicas' LIMIT 1 /*application='RailsProject1'*/[0m
  [1m[36mTRANSACTION (0.3ms)[0m  [1m[35mBEGIN /*application='RailsProject1'*/[0m
  [1m[36mIncident Create (2.1ms)[0m  [1m[32mINSERT INTO "incidents" ("title", "description", "status", "severity", "resolved_at", "created_at", "updated_at") VALUES ('Elevated Latency on Secondary Database Replicas', 'We are observing increased replication lag and response latency across read replicas in US-East region.', 'identified', 'degraded', NULL, '2026-08-08 13:38:36.404091', '2026-08-08 13:38:36.404091') RETURNING "id" /*application='RailsProject1'*/[0m
  [1m[36mTRANSACTION (39.3ms)[0m  [1m[35mCOMMIT /*application='RailsProject1'*/[0m
  [1m[36mTRANSACTION (0.2ms)[0m  [1m[35mBEGIN /*application='RailsProject1'*/[0m
  ↳ app/models/incident.rb:26:in 'Incident#create_initial_update'
  [1m[36mIncidentUpdate Create (1.7ms)[0m  [1m[32mINSERT INTO "incident_updates" ("incident_id", "status", "body", "created_at", "updated_at") VALUES (1, 'identified', 'We are observing increased replication lag and response latency across read replicas in US-East region.', '2026-08-08 13:38:36.455021', '2026-08-08 13:38:36.455021') RETURNING "id" /*application='RailsProject1'*/[0m
  ↳ app/models/incident.rb:26:in 'Incident#create_initial_update'
  [1m[36mTRANSACTION (61.8ms)[0m  [1m[35mCOMMIT /*application='RailsProject1'*/[0m
  ↳ app/models/incident.rb:26:in 'Incident#create_initial_update'
  [1m[36mService Load (0.4ms)[0m  [1m[34mSELECT "services".* FROM "services" WHERE "services"."name" = 'Database Replication Secondary' LIMIT 1 /*application='RailsProject1'*/[0m
  [1m[36mTRANSACTION (0.2ms)[0m  [1m[35mBEGIN /*application='RailsProject1'*/[0m
  [1m[36mIncidentService Create (1.3ms)[0m  [1m[32mINSERT INTO "incident_services" ("incident_id", "service_id", "created_at", "updated_at") VALUES (1, 5, '2026-08-08 13:38:36.531875', '2026-08-08 13:38:36.531875') RETURNING "id" /*application='RailsProject1'*/[0m
  [1m[36mTRANSACTION (38.0ms)[0m  [1m[35mCOMMIT /*application='RailsProject1'*/[0m
  [1m[36mTRANSACTION (0.2ms)[0m  [1m[35mBEGIN /*application='RailsProject1'*/[0m
  [1m[36mIncidentUpdate Create (1.7ms)[0m  [1m[32mINSERT INTO "incident_updates" ("incident_id", "status", "body", "created_at", "updated_at") VALUES (1, 'identified', 'Root cause isolated to network packet loss on secondary region. Failover to primary replica initiated.', '2026-08-08 13:23:36.576599', '2026-08-08 13:38:36.577328') RETURNING "id" /*application='RailsProject1'*/[0m
  [1m[36mTRANSACTION (67.4ms)[0m  [1m[35mCOMMIT /*application='RailsProject1'*/[0m
  [1m[36mActiveRecord::SchemaMigration Load (0.3ms)[0m  [1m[34mSELECT "schema_migrations"."version" FROM "schema_migrations" ORDER BY "schema_migrations"."version" ASC /*application='RailsProject1'*/[0m
  [1m[36mService Load (0.4ms)[0m  [1m[34mSELECT "services".* FROM "services" WHERE "services"."name" = 'Core API Gateway' LIMIT 1 /*application='RailsProject1'*/[0m
  [1m[36mCheckLog Exists? (0.4ms)[0m  [1m[34mSELECT 1 AS one FROM "check_logs" WHERE "check_logs"."service_id" = 1 LIMIT 1 /*application='RailsProject1'*/[0m
  [1m[36mService Load (0.4ms)[0m  [1m[34mSELECT "services".* FROM "services" WHERE "services"."name" = 'Authentication & Identity Provider' LIMIT 1 /*application='RailsProject1'*/[0m
  [1m[36mCheckLog Exists? (0.4ms)[0m  [1m[34mSELECT 1 AS one FROM "check_logs" WHERE "check_logs"."service_id" = 2 LIMIT 1 /*application='RailsProject1'*/[0m
  [1m[36mService Load (0.3ms)[0m  [1m[34mSELECT "services".* FROM "services" WHERE "services"."name" = 'Payment Processing Engine' LIMIT 1 /*application='RailsProject1'*/[0m
  [1m[36mCheckLog Exists? (0.4ms)[0m  [1m[34mSELECT 1 AS one FROM "check_logs" WHERE "check_logs"."service_id" = 3 LIMIT 1 /*application='RailsProject1'*/[0m
  [1m[36mService Load (0.4ms)[0m  [1m[34mSELECT "services".* FROM "services" WHERE "services"."name" = 'CDN & Static Media Edge' LIMIT 1 /*application='RailsProject1'*/[0m
  [1m[36mCheckLog Exists? (0.5ms)[0m  [1m[34mSELECT 1 AS one FROM "check_logs" WHERE "check_logs"."service_id" = 4 LIMIT 1 /*application='RailsProject1'*/[0m
  [1m[36mService Load (0.4ms)[0m  [1m[34mSELECT "services".* FROM "services" WHERE "services"."name" = 'Database Replication Secondary' LIMIT 1 /*application='RailsProject1'*/[0m
  [1m[36mCheckLog Exists? (0.2ms)[0m  [1m[34mSELECT 1 AS one FROM "check_logs" WHERE "check_logs"."service_id" = 5 LIMIT 1 /*application='RailsProject1'*/[0m
  [1m[36mIncident Exists? (0.4ms)[0m  [1m[34mSELECT 1 AS one FROM "incidents" WHERE "incidents"."title" = 'Elevated Latency on Secondary Database Replicas' LIMIT 1 /*application='RailsProject1'*/[0m
Started HEAD "/" for 172.20.0.1 at 2026-08-08 13:39:09 +0000
  [1m[36mActiveRecord::SchemaMigration Load (1.4ms)[0m  [1m[34mSELECT "schema_migrations"."version" FROM "schema_migrations" ORDER BY "schema_migrations"."version" ASC /*application='RailsProject1'*/[0m
Processing by DashboardController#index as HTML
  [1m[36mService Load (1.8ms)[0m  [1m[34mSELECT "services".* FROM "services" ORDER BY "services"."position" ASC, "services"."name" ASC /*action='index',application='RailsProject1',controller='dashboard'*/[0m
  ↳ app/controllers/dashboard_controller.rb:15:in 'Enumerable#map'
  [1m[36mCheckLog Count (1.0ms)[0m  [1m[34mSELECT COUNT(*) FROM "check_logs" WHERE "check_logs"."service_id" = 1 AND "check_logs"."created_at" BETWEEN '2026-07-09 13:39:09.741520' AND '2026-08-08 13:39:09.744107' /*action='index',application='RailsProject1',controller='dashboard'*/[0m
  ↳ app/models/service.rb:116:in 'Service#uptime_percentage'
  [1m[36mCheckLog Count (0.5ms)[0m  [1m[34mSELECT COUNT(*) FROM "check_logs" WHERE "check_logs"."service_id" = 1 AND "check_logs"."created_at" BETWEEN '2026-07-09 13:39:09.741520' AND '2026-08-08 13:39:09.744107' AND "check_logs"."success" = TRUE /*action='index',application='RailsProject1',controller='dashboard'*/[0m
  ↳ app/models/service.rb:119:in 'Service#uptime_percentage'
  [1m[36mCheckLog Count (0.4ms)[0m  [1m[34mSELECT COUNT(*) FROM "check_logs" WHERE "check_logs"."service_id" = 2 AND "check_logs"."created_at" BETWEEN '2026-07-09 13:39:09.748677' AND '2026-08-08 13:39:09.748955' /*action='index',application='RailsProject1',controller='dashboard'*/[0m
  ↳ app/models/service.rb:116:in 'Service#uptime_percentage'
  [1m[36mCheckLog Count (0.3ms)[0m  [1m[34mSELECT COUNT(*) FROM "check_logs" WHERE "check_logs"."service_id" = 2 AND "check_logs"."created_at" BETWEEN '2026-07-09 13:39:09.748677' AND '2026-08-08 13:39:09.748955' AND "check_logs"."success" = TRUE /*action='index',application='RailsProject1',controller='dashboard'*/[0m
  ↳ app/models/service.rb:119:in 'Service#uptime_percentage'
  [1m[36mCheckLog Count (0.3ms)[0m  [1m[34mSELECT COUNT(*) FROM "check_logs" WHERE "check_logs"."service_id" = 3 AND "check_logs"."created_at" BETWEEN '2026-07-09 13:39:09.752369' AND '2026-08-08 13:39:09.752685' /*action='index',application='RailsProject1',controller='dashboard'*/[0m
  ↳ app/models/service.rb:116:in 'Service#uptime_percentage'
  [1m[36mCheckLog Count (0.4ms)[0m  [1m[34mSELECT COUNT(*) FROM "check_logs" WHERE "check_logs"."service_id" = 3 AND "check_logs"."created_at" BETWEEN '2026-07-09 13:39:09.752369' AND '2026-08-08 13:39:09.752685' AND "check_logs"."success" = TRUE /*action='index',application='RailsProject1',controller='dashboard'*/[0m
  ↳ app/models/service.rb:119:in 'Service#uptime_percentage'
  [1m[36mCheckLog Count (0.3ms)[0m  [1m[34mSELECT COUNT(*) FROM "check_logs" WHERE "check_logs"."service_id" = 4 AND "check_logs"."created_at" BETWEEN '2026-07-09 13:39:09.755033' AND '2026-08-08 13:39:09.755230' /*action='index',application='RailsProject1',controller='dashboard'*/[0m
  ↳ app/models/service.rb:116:in 'Service#uptime_percentage'
  [1m[36mCheckLog Count (0.3ms)[0m  [1m[34mSELECT COUNT(*) FROM "check_logs" WHERE "check_logs"."service_id" = 4 AND "check_logs"."created_at" BETWEEN '2026-07-09 13:39:09.755033' AND '2026-08-08 13:39:09.755230' AND "check_logs"."success" = TRUE /*action='index',application='RailsProject1',controller='dashboard'*/[0m
  ↳ app/models/service.rb:119:in 'Service#uptime_percentage'
  [1m[36mCheckLog Count (0.2ms)[0m  [1m[34mSELECT COUNT(*) FROM "check_logs" WHERE "check_logs"."service_id" = 5 AND "check_logs"."created_at" BETWEEN '2026-07-09 13:39:09.757111' AND '2026-08-08 13:39:09.757281' /*action='index',application='RailsProject1',controller='dashboard'*/[0m
  ↳ app/models/service.rb:116:in 'Service#uptime_percentage'
  [1m[36mCheckLog Count (0.3ms)[0m  [1m[34mSELECT COUNT(*) FROM "check_logs" WHERE "check_logs"."service_id" = 5 AND "check_logs"."created_at" BETWEEN '2026-07-09 13:39:09.757111' AND '2026-08-08 13:39:09.757281' AND "check_logs"."success" = TRUE /*action='index',application='RailsProject1',controller='dashboard'*/[0m
  ↳ app/models/service.rb:119:in 'Service#uptime_percentage'
  [1m[36mCheckLog Exists? (0.2ms)[0m  [1m[34mSELECT 1 AS one FROM "check_logs" WHERE "check_logs"."service_id" = 1 AND "check_logs"."success" = TRUE AND "check_logs"."created_at" BETWEEN '2026-08-07 13:39:09.759186' AND '2026-08-08 13:39:09.759220' LIMIT 1 /*action='index',application='RailsProject1',controller='dashboard'*/[0m
  ↳ app/models/service.rb:125:in 'Service#average_response_time_ms'
  [1m[36mCheckLog Average (0.4ms)[0m  [1m[34mSELECT AVG("check_logs"."response_time_ms") FROM "check_logs" WHERE "check_logs"."service_id" = 1 AND "check_logs"."success" = TRUE AND "check_logs"."created_at" BETWEEN '2026-08-07 13:39:09.759186' AND '2026-08-08 13:39:09.759220' /*action='index',application='RailsProject1',controller='dashboard'*/[0m
  ↳ app/models/service.rb:127:in 'Service#average_response_time_ms'
  [1m[36mCheckLog Exists? (0.2ms)[0m  [1m[34mSELECT 1 AS one FROM "check_logs" WHERE "check_logs"."service_id" = 2 AND "check_logs"."success" = TRUE AND "check_logs"."created_at" BETWEEN '2026-08-07 13:39:09.761428' AND '2026-08-08 13:39:09.761457' LIMIT 1 /*action='index',application='RailsProject1',controller='dashboard'*/[0m
  ↳ app/models/service.rb:125:in 'Service#average_response_time_ms'
  [1m[36mCheckLog Average (0.2ms)[0m  [1m[34mSELECT AVG("check_logs"."response_time_ms") FROM "check_logs" WHERE "check_logs"."service_id" = 2 AND "check_logs"."success" = TRUE AND "check_logs"."created_at" BETWEEN '2026-08-07 13:39:09.761428' AND '2026-08-08 13:39:09.761457' /*action='index',application='RailsProject1',controller='dashboard'*/[0m
  ↳ app/models/service.rb:127:in 'Service#average_response_time_ms'
  [1m[36mCheckLog Exists? (0.3ms)[0m  [1m[34mSELECT 1 AS one FROM "check_logs" WHERE "check_logs"."service_id" = 3 AND "check_logs"."success" = TRUE AND "check_logs"."created_at" BETWEEN '2026-08-07 13:39:09.763360' AND '2026-08-08 13:39:09.763391' LIMIT 1 /*action='index',application='RailsProject1',controller='dashboard'*/[0m
  ↳ app/models/service.rb:125:in 'Service#average_response_time_ms'
  [1m[36mCheckLog Average (0.2ms)[0m  [1m[34mSELECT AVG("check_logs"."response_time_ms") FROM "check_logs" WHERE "check_logs"."service_id" = 3 AND "check_logs"."success" = TRUE AND "check_logs"."created_at" BETWEEN '2026-08-07 13:39:09.763360' AND '2026-08-08 13:39:09.763391' /*action='index',application='RailsProject1',controller='dashboard'*/[0m
  ↳ app/models/service.rb:127:in 'Service#average_response_time_ms'
  [1m[36mCheckLog Exists? (0.4ms)[0m  [1m[34mSELECT 1 AS one FROM "check_logs" WHERE "check_logs"."service_id" = 4 AND "check_logs"."success" = TRUE AND "check_logs"."created_at" BETWEEN '2026-08-07 13:39:09.765337' AND '2026-08-08 13:39:09.765371' LIMIT 1 /*action='index',application='RailsProject1',controller='dashboard'*/[0m
  ↳ app/models/service.rb:125:in 'Service#average_response_time_ms'
  [1m[36mCheckLog Average (0.3ms)[0m  [1m[34mSELECT AVG("check_logs"."response_time_ms") FROM "check_logs" WHERE "check_logs"."service_id" = 4 AND "check_logs"."success" = TRUE AND "check_logs"."created_at" BETWEEN '2026-08-07 13:39:09.765337' AND '2026-08-08 13:39:09.765371' /*action='index',application='RailsProject1',controller='dashboard'*/[0m
  ↳ app/models/service.rb:127:in 'Service#average_response_time_ms'
  [1m[36mCheckLog Exists? (0.3ms)[0m  [1m[34mSELECT 1 AS one FROM "check_logs" WHERE "check_logs"."service_id" = 5 AND "check_logs"."success" = TRUE AND "check_logs"."created_at" BETWEEN '2026-08-07 13:39:09.768637' AND '2026-08-08 13:39:09.768723' LIMIT 1 /*action='index',application='RailsProject1',controller='dashboard'*/[0m
  ↳ app/models/service.rb:125:in 'Service#average_response_time_ms'
  [1m[36mCheckLog Average (0.3ms)[0m  [1m[34mSELECT AVG("check_logs"."response_time_ms") FROM "check_logs" WHERE "check_logs"."service_id" = 5 AND "check_logs"."success" = TRUE AND "check_logs"."created_at" BETWEEN '2026-08-07 13:39:09.768637' AND '2026-08-08 13:39:09.768723' /*action='index',application='RailsProject1',controller='dashboard'*/[0m
  ↳ app/models/service.rb:127:in 'Service#average_response_time_ms'
  Rendering layout layouts/application.html.erb
  Rendering dashboard/index.html.erb within layouts/application
  [1m[36mIncident Exists? (0.7ms)[0m  [1m[34mSELECT 1 AS one FROM "incidents" WHERE "incidents"."status" != 'resolved' LIMIT 1 /*action='index',application='RailsProject1',controller='dashboard'*/[0m
  ↳ app/views/dashboard/index.html.erb:51
  [1m[36mIncident Count (0.2ms)[0m  [1m[34mSELECT COUNT(*) FROM "incidents" WHERE "incidents"."status" != 'resolved' /*action='index',application='RailsProject1',controller='dashboard'*/[0m
  ↳ app/views/dashboard/index.html.erb:52
  [1m[36mCACHE Incident Exists? (0.0ms)[0m  [1m[34mSELECT 1 AS one FROM "incidents" WHERE "incidents"."status" != 'resolved' LIMIT 1[0m
  ↳ app/views/dashboard/index.html.erb:57
  [1m[36mIncident Load (0.8ms)[0m  [1m[34mSELECT "incidents".* FROM "incidents" WHERE "incidents"."status" != 'resolved' ORDER BY "incidents"."created_at" DESC /*action='index',application='RailsProject1',controller='dashboard'*/[0m
  ↳ app/views/dashboard/index.html.erb:64
  [1m[36mService Exists? (1.3ms)[0m  [1m[34mSELECT 1 AS one FROM "services" INNER JOIN "incident_services" ON "services"."id" = "incident_services"."service_id" WHERE "incident_services"."incident_id" = 1 LIMIT 1 /*action='index',application='RailsProject1',controller='dashboard'*/[0m
  ↳ app/views/dashboard/index.html.erb:80
  [1m[36mService Load (0.4ms)[0m  [1m[34mSELECT "services".* FROM "services" INNER JOIN "incident_services" ON "services"."id" = "incident_services"."service_id" WHERE "incident_services"."incident_id" = 1 /*action='index',application='RailsProject1',controller='dashboard'*/[0m
  ↳ app/views/dashboard/index.html.erb:83
  [1m[36mCheckLog Load (0.3ms)[0m  [1m[34mSELECT "check_logs".* FROM "check_logs" WHERE "check_logs"."service_id" = 1 ORDER BY "check_logs"."created_at" DESC LIMIT 45 /*action='index',application='RailsProject1',controller='dashboard'*/[0m
  ↳ app/models/service.rb:132:in 'Service#history_bars'
  Rendered services/_service_card.html.erb (Duration: 22.1ms | GC: 12.8ms)
  [1m[36mCheckLog Load (0.4ms)[0m  [1m[34mSELECT "check_logs".* FROM "check_logs" WHERE "check_logs"."service_id" = 2 ORDER BY "check_logs"."created_at" DESC LIMIT 45 /*action='index',application='RailsProject1',controller='dashboard'*/[0m
  ↳ app/models/service.rb:132:in 'Service#history_bars'
  Rendered services/_service_card.html.erb (Duration: 4.3ms | GC: 0.7ms)
  [1m[36mCheckLog Load (0.5ms)[0m  [1m[34mSELECT "check_logs".* FROM "check_logs" WHERE "check_logs"."service_id" = 3 ORDER BY "check_logs"."created_at" DESC LIMIT 45 /*action='index',application='RailsProject1',controller='dashboard'*/[0m
  ↳ app/models/service.rb:132:in 'Service#history_bars'
  Rendered services/_service_card.html.erb (Duration: 2.6ms | GC: 0.0ms)
  [1m[36mCheckLog Load (0.3ms)[0m  [1m[34mSELECT "check_logs".* FROM "check_logs" WHERE "check_logs"."service_id" = 4 ORDER BY "check_logs"."created_at" DESC LIMIT 45 /*action='index',application='RailsProject1',controller='dashboard'*/[0m
  ↳ app/models/service.rb:132:in 'Service#history_bars'
  Rendered services/_service_card.html.erb (Duration: 2.6ms | GC: 0.4ms)
  [1m[36mCheckLog Load (0.3ms)[0m  [1m[34mSELECT "check_logs".* FROM "check_logs" WHERE "check_logs"."service_id" = 5 ORDER BY "check_logs"."created_at" DESC LIMIT 45 /*action='index',application='RailsProject1',controller='dashboard'*/[0m
  ↳ app/models/service.rb:132:in 'Service#history_bars'
  Rendered services/_service_card.html.erb (Duration: 2.0ms | GC: 0.0ms)
  Rendered dashboard/index.html.erb within layouts/application (Duration: 56.3ms | GC: 13.8ms)
  Rendered layout layouts/application.html.erb (Duration: 63.6ms | GC: 15.0ms)
Completed 200 OK in 180ms (Views: 57.8ms | ActiveRecord: 31.4ms (32 queries, 1 cached) | GC: 15.8ms)


Started GET "/" for 172.20.0.1 at 2026-08-08 13:39:09 +0000
Processing by DashboardController#index as HTML
  [1m[36mService Load (0.4ms)[0m  [1m[34mSELECT "services".* FROM "services" ORDER BY "services"."position" ASC, "services"."name" ASC /*action='index',application='RailsProject1',controller='dashboard'*/[0m
  ↳ app/controllers/dashboard_controller.rb:15:in 'Enumerable#map'
  [1m[36mCheckLog Count (0.3ms)[0m  [1m[34mSELECT COUNT(*) FROM "check_logs" WHERE "check_logs"."service_id" = 1 AND "check_logs"."created_at" BETWEEN '2026-07-09 13:39:09.841966' AND '2026-08-08 13:39:09.842301' /*action='index',application='RailsProject1',controller='dashboard'*/[0m
  ↳ app/models/service.rb:116:in 'Service#uptime_percentage'
  [1m[36mCheckLog Count (0.3ms)[0m  [1m[34mSELECT COUNT(*) FROM "check_logs" WHERE "check_logs"."service_id" = 1 AND "check_logs"."created_at" BETWEEN '2026-07-09 13:39:09.841966' AND '2026-08-08 13:39:09.842301' AND "check_logs"."success" = TRUE /*action='index',application='RailsProject1',controller='dashboard'*/[0m
  ↳ app/models/service.rb:119:in 'Service#uptime_percentage'
  [1m[36mCheckLog Count (0.3ms)[0m  [1m[34mSELECT COUNT(*) FROM "check_logs" WHERE "check_logs"."service_id" = 2 AND "check_logs"."created_at" BETWEEN '2026-07-09 13:39:09.844866' AND '2026-08-08 13:39:09.845107' /*action='index',application='RailsProject1',controller='dashboard'*/[0m
  ↳ app/models/service.rb:116:in 'Service#uptime_percentage'
  [1m[36mCheckLog Count (0.4ms)[0m  [1m[34mSELECT COUNT(*) FROM "check_logs" WHERE "check_logs"."service_id" = 2 AND "check_logs"."created_at" BETWEEN '2026-07-09 13:39:09.844866' AND '2026-08-08 13:39:09.845107' AND "check_logs"."success" = TRUE /*action='index',application='RailsProject1',controller='dashboard'*/[0m
  ↳ app/models/service.rb:119:in 'Service#uptime_percentage'
  [1m[36mCheckLog Count (0.4ms)[0m  [1m[34mSELECT COUNT(*) FROM "check_logs" WHERE "check_logs"."service_id" = 3 AND "check_logs"."created_at" BETWEEN '2026-07-09 13:39:09.849097' AND '2026-08-08 13:39:09.849455' /*action='index',application='RailsProject1',controller='dashboard'*/[0m
  ↳ app/models/service.rb:116:in 'Service#uptime_percentage'
  [1m[36mCheckLog Count (0.3ms)[0m  [1m[34mSELECT COUNT(*) FROM "check_logs" WHERE "check_logs"."service_id" = 3 AND "check_logs"."created_at" BETWEEN '2026-07-09 13:39:09.849097' AND '2026-08-08 13:39:09.849455' AND "check_logs"."success" = TRUE /*action='index',application='RailsProject1',controller='dashboard'*/[0m
  ↳ app/models/service.rb:119:in 'Service#uptime_percentage'
  [1m[36mCheckLog Count (0.3ms)[0m  [1m[34mSELECT COUNT(*) FROM "check_logs" WHERE "check_logs"."service_id" = 4 AND "check_logs"."created_at" BETWEEN '2026-07-09 13:39:09.851856' AND '2026-08-08 13:39:09.852105' /*action='index',application='RailsProject1',controller='dashboard'*/[0m
  ↳ app/models/service.rb:116:in 'Service#uptime_percentage'
  [1m[36mCheckLog Count (0.3ms)[0m  [1m[34mSELECT COUNT(*) FROM "check_logs" WHERE "check_logs"."service_id" = 4 AND "check_logs"."created_at" BETWEEN '2026-07-09 13:39:09.851856' AND '2026-08-08 13:39:09.852105' AND "check_logs"."success" = TRUE /*action='index',application='RailsProject1',controller='dashboard'*/[0m
  ↳ app/models/service.rb:119:in 'Service#uptime_percentage'
  [1m[36mCheckLog Count (0.3ms)[0m  [1m[34mSELECT COUNT(*) FROM "check_logs" WHERE "check_logs"."service_id" = 5 AND "check_logs"."created_at" BETWEEN '2026-07-09 13:39:09.854166' AND '2026-08-08 13:39:09.854348' /*action='index',application='RailsProject1',controller='dashboard'*/[0m
  ↳ app/models/service.rb:116:in 'Service#uptime_percentage'
  [1m[36mCheckLog Count (0.2ms)[0m  [1m[34mSELECT COUNT(*) FROM "check_logs" WHERE "check_logs"."service_id" = 5 AND "check_logs"."created_at" BETWEEN '2026-07-09 13:39:09.854166' AND '2026-08-08 13:39:09.854348' AND "check_logs"."success" = TRUE /*action='index',application='RailsProject1',controller='dashboard'*/[0m
  ↳ app/models/service.rb:119:in 'Service#uptime_percentage'
  [1m[36mCheckLog Exists? (0.2ms)[0m  [1m[34mSELECT 1 AS one FROM "check_logs" WHERE "check_logs"."service_id" = 1 AND "check_logs"."success" = TRUE AND "check_logs"."created_at" BETWEEN '2026-08-07 13:39:09.856261' AND '2026-08-08 13:39:09.856306' LIMIT 1 /*action='index',application='RailsProject1',controller='dashboard'*/[0m
  ↳ app/models/service.rb:125:in 'Service#average_response_time_ms'
  [1m[36mCheckLog Average (0.3ms)[0m  [1m[34mSELECT AVG("check_logs"."response_time_ms") FROM "check_logs" WHERE "check_logs"."service_id" = 1 AND "check_logs"."success" = TRUE AND "check_logs"."created_at" BETWEEN '2026-08-07 13:39:09.856261' AND '2026-08-08 13:39:09.856306' /*action='index',application='RailsProject1',controller='dashboard'*/[0m
  ↳ app/models/service.rb:127:in 'Service#average_response_time_ms'
  [1m[36mCheckLog Exists? (0.2ms)[0m  [1m[34mSELECT 1 AS one FROM "check_logs" WHERE "check_logs"."service_id" = 2 AND "check_logs"."success" = TRUE AND "check_logs"."created_at" BETWEEN '2026-08-07 13:39:09.858646' AND '2026-08-08 13:39:09.858678' LIMIT 1 /*action='index',application='RailsProject1',controller='dashboard'*/[0m
  ↳ app/models/service.rb:125:in 'Service#average_response_time_ms'
  [1m[36mCheckLog Average (0.2ms)[0m  [1m[34mSELECT AVG("check_logs"."response_time_ms") FROM "check_logs" WHERE "check_logs"."service_id" = 2 AND "check_logs"."success" = TRUE AND "check_logs"."created_at" BETWEEN '2026-08-07 13:39:09.858646' AND '2026-08-08 13:39:09.858678' /*action='index',application='RailsProject1',controller='dashboard'*/[0m
  ↳ app/models/service.rb:127:in 'Service#average_response_time_ms'
  [1m[36mCheckLog Exists? (0.2ms)[0m  [1m[34mSELECT 1 AS one FROM "check_logs" WHERE "check_logs"."service_id" = 3 AND "check_logs"."success" = TRUE AND "check_logs"."created_at" BETWEEN '2026-08-07 13:39:09.860458' AND '2026-08-08 13:39:09.860486' LIMIT 1 /*action='index',application='RailsProject1',controller='dashboard'*/[0m
  ↳ app/models/service.rb:125:in 'Service#average_response_time_ms'
  [1m[36mCheckLog Average (0.2ms)[0m  [1m[34mSELECT AVG("check_logs"."response_time_ms") FROM "check_logs" WHERE "check_logs"."service_id" = 3 AND "check_logs"."success" = TRUE AND "check_logs"."created_at" BETWEEN '2026-08-07 13:39:09.860458' AND '2026-08-08 13:39:09.860486' /*action='index',application='RailsProject1',controller='dashboard'*/[0m
  ↳ app/models/service.rb:127:in 'Service#average_response_time_ms'
  [1m[36mCheckLog Exists? (0.3ms)[0m  [1m[34mSELECT 1 AS one FROM "check_logs" WHERE "check_logs"."service_id" = 4 AND "check_logs"."success" = TRUE AND "check_logs"."created_at" BETWEEN '2026-08-07 13:39:09.862282' AND '2026-08-08 13:39:09.862335' LIMIT 1 /*action='index',application='RailsProject1',controller='dashboard'*/[0m
  ↳ app/models/service.rb:125:in 'Service#average_response_time_ms'
  [1m[36mCheckLog Average (0.3ms)[0m  [1m[34mSELECT AVG("check_logs"."response_time_ms") FROM "check_logs" WHERE "check_logs"."service_id" = 4 AND "check_logs"."success" = TRUE AND "check_logs"."created_at" BETWEEN '2026-08-07 13:39:09.862282' AND '2026-08-08 13:39:09.862335' /*action='index',application='RailsProject1',controller='dashboard'*/[0m
  ↳ app/models/service.rb:127:in 'Service#average_response_time_ms'
  [1m[36mCheckLog Exists? (0.4ms)[0m  [1m[34mSELECT 1 AS one FROM "check_logs" WHERE "check_logs"."service_id" = 5 AND "check_logs"."success" = TRUE AND "check_logs"."created_at" BETWEEN '2026-08-07 13:39:09.865079' AND '2026-08-08 13:39:09.865131' LIMIT 1 /*action='index',application='RailsProject1',controller='dashboard'*/[0m
  ↳ app/models/service.rb:125:in 'Service#average_response_time_ms'
  [1m[36mCheckLog Average (0.4ms)[0m  [1m[34mSELECT AVG("check_logs"."response_time_ms") FROM "check_logs" WHERE "check_logs"."service_id" = 5 AND "check_logs"."success" = TRUE AND "check_logs"."created_at" BETWEEN '2026-08-07 13:39:09.865079' AND '2026-08-08 13:39:09.865131' /*action='index',application='RailsProject1',controller='dashboard'*/[0m
  ↳ app/models/service.rb:127:in 'Service#average_response_time_ms'
  Rendering layout layouts/application.html.erb
  Rendering dashboard/index.html.erb within layouts/application
  [1m[36mIncident Exists? (0.3ms)[0m  [1m[34mSELECT 1 AS one FROM "incidents" WHERE "incidents"."status" != 'resolved' LIMIT 1 /*action='index',application='RailsProject1',controller='dashboard'*/[0m
  ↳ app/views/dashboard/index.html.erb:51
  [1m[36mIncident Count (0.2ms)[0m  [1m[34mSELECT COUNT(*) FROM "incidents" WHERE "incidents"."status" != 'resolved' /*action='index',application='RailsProject1',controller='dashboard'*/[0m
  ↳ app/views/dashboard/index.html.erb:52
  [1m[36mCACHE Incident Exists? (0.0ms)[0m  [1m[34mSELECT 1 AS one FROM "incidents" WHERE "incidents"."status" != 'resolved' LIMIT 1[0m
  ↳ app/views/dashboard/index.html.erb:57
  [1m[36mIncident Load (0.3ms)[0m  [1m[34mSELECT "incidents".* FROM "incidents" WHERE "incidents"."status" != 'resolved' ORDER BY "incidents"."created_at" DESC /*action='index',application='RailsProject1',controller='dashboard'*/[0m
  ↳ app/views/dashboard/index.html.erb:64
  [1m[36mService Exists? (0.4ms)[0m  [1m[34mSELECT 1 AS one FROM "services" INNER JOIN "incident_services" ON "services"."id" = "incident_services"."service_id" WHERE "incident_services"."incident_id" = 1 LIMIT 1 /*action='index',application='RailsProject1',controller='dashboard'*/[0m
  ↳ app/views/dashboard/index.html.erb:80
  [1m[36mService Load (0.4ms)[0m  [1m[34mSELECT "services".* FROM "services" INNER JOIN "incident_services" ON "services"."id" = "incident_services"."service_id" WHERE "incident_services"."incident_id" = 1 /*action='index',application='RailsProject1',controller='dashboard'*/[0m
  ↳ app/views/dashboard/index.html.erb:83
  [1m[36mCheckLog Load (0.3ms)[0m  [1m[34mSELECT "check_logs".* FROM "check_logs" WHERE "check_logs"."service_id" = 1 ORDER BY "check_logs"."created_at" DESC LIMIT 45 /*action='index',application='RailsProject1',controller='dashboard'*/[0m
  ↳ app/models/service.rb:132:in 'Service#history_bars'
  Rendered services/_service_card.html.erb (Duration: 2.4ms | GC: 0.0ms)
  [1m[36mCheckLog Load (0.3ms)[0m  [1m[34mSELECT "check_logs".* FROM "check_logs" WHERE "check_logs"."service_id" = 2 ORDER BY "check_logs"."created_at" DESC LIMIT 45 /*action='index',application='RailsProject1',controller='dashboard'*/[0m
  ↳ app/models/service.rb:132:in 'Service#history_bars'
  Rendered services/_service_card.html.erb (Duration: 2.6ms | GC: 0.2ms)
  [1m[36mCheckLog Load (0.4ms)[0m  [1m[34mSELECT "check_logs".* FROM "check_logs" WHERE "check_logs"."service_id" = 3 ORDER BY "check_logs"."created_at" DESC LIMIT 45 /*action='index',application='RailsProject1',controller='dashboard'*/[0m
  ↳ app/models/service.rb:132:in 'Service#history_bars'
  Rendered services/_service_card.html.erb (Duration: 2.8ms | GC: 0.0ms)
  [1m[36mCheckLog Load (0.5ms)[0m  [1m[34mSELECT "check_logs".* FROM "check_logs" WHERE "check_logs"."service_id" = 4 ORDER BY "check_logs"."created_at" DESC LIMIT 45 /*action='index',application='RailsProject1',controller='dashboard'*/[0m
  ↳ app/models/service.rb:132:in 'Service#history_bars'
  Rendered services/_service_card.html.erb (Duration: 3.4ms | GC: 0.0ms)
  [1m[36mCheckLog Load (0.4ms)[0m  [1m[34mSELECT "check_logs".* FROM "check_logs" WHERE "check_logs"."service_id" = 5 ORDER BY "check_logs"."created_at" DESC LIMIT 45 /*action='index',application='RailsProject1',controller='dashboard'*/[0m
  ↳ app/models/service.rb:132:in 'Service#history_bars'
  Rendered services/_service_card.html.erb (Duration: 2.8ms | GC: 0.0ms)
  Rendered dashboard/index.html.erb within layouts/application (Duration: 22.0ms | GC: 0.5ms)
  Rendered layout layouts/application.html.erb (Duration: 24.0ms | GC: 1.5ms)
Completed 200 OK in 53ms (Views: 21.1ms | ActiveRecord: 9.4ms (32 queries, 1 cached) | GC: 2.1ms)


Started HEAD "/status" for 172.20.0.1 at 2026-08-08 13:39:14 +0000
Processing by StatusPageController#show as HTML
  [1m[36mService Load (0.4ms)[0m  [1m[34mSELECT "services".* FROM "services" ORDER BY "services"."position" ASC, "services"."name" ASC /*action='show',application='RailsProject1',controller='status_page'*/[0m
  ↳ app/controllers/status_page_controller.rb:16:in 'Enumerable#map'
  [1m[36mCheckLog Count (0.4ms)[0m  [1m[34mSELECT COUNT(*) FROM "check_logs" WHERE "check_logs"."service_id" = 1 AND "check_logs"."created_at" BETWEEN '2026-07-09 13:39:14.780481' AND '2026-08-08 13:39:14.780707' /*action='show',application='RailsProject1',controller='status_page'*/[0m
  ↳ app/models/service.rb:116:in 'Service#uptime_percentage'
  [1m[36mCheckLog Count (0.4ms)[0m  [1m[34mSELECT COUNT(*) FROM "check_logs" WHERE "check_logs"."service_id" = 1 AND "check_logs"."created_at" BETWEEN '2026-07-09 13:39:14.780481' AND '2026-08-08 13:39:14.780707' AND "check_logs"."success" = TRUE /*action='show',application='RailsProject1',controller='status_page'*/[0m
  ↳ app/models/service.rb:119:in 'Service#uptime_percentage'
  [1m[36mCheckLog Count (0.4ms)[0m  [1m[34mSELECT COUNT(*) FROM "check_logs" WHERE "check_logs"."service_id" = 2 AND "check_logs"."created_at" BETWEEN '2026-07-09 13:39:14.783225' AND '2026-08-08 13:39:14.783520' /*action='show',application='RailsProject1',controller='status_page'*/[0m
  ↳ app/models/service.rb:116:in 'Service#uptime_percentage'
  [1m[36mCheckLog Count (0.5ms)[0m  [1m[34mSELECT COUNT(*) FROM "check_logs" WHERE "check_logs"."service_id" = 2 AND "check_logs"."created_at" BETWEEN '2026-07-09 13:39:14.783225' AND '2026-08-08 13:39:14.783520' AND "check_logs"."success" = TRUE /*action='show',application='RailsProject1',controller='status_page'*/[0m
  ↳ app/models/service.rb:119:in 'Service#uptime_percentage'
  [1m[36mCheckLog Count (0.5ms)[0m  [1m[34mSELECT COUNT(*) FROM "check_logs" WHERE "check_logs"."service_id" = 3 AND "check_logs"."created_at" BETWEEN '2026-07-09 13:39:14.786752' AND '2026-08-08 13:39:14.787068' /*action='show',application='RailsProject1',controller='status_page'*/[0m
  ↳ app/models/service.rb:116:in 'Service#uptime_percentage'
  [1m[36mCheckLog Count (0.5ms)[0m  [1m[34mSELECT COUNT(*) FROM "check_logs" WHERE "check_logs"."service_id" = 3 AND "check_logs"."created_at" BETWEEN '2026-07-09 13:39:14.786752' AND '2026-08-08 13:39:14.787068' AND "check_logs"."success" = TRUE /*action='show',application='RailsProject1',controller='status_page'*/[0m
  ↳ app/models/service.rb:119:in 'Service#uptime_percentage'
  [1m[36mCheckLog Count (0.5ms)[0m  [1m[34mSELECT COUNT(*) FROM "check_logs" WHERE "check_logs"."service_id" = 4 AND "check_logs"."created_at" BETWEEN '2026-07-09 13:39:14.791605' AND '2026-08-08 13:39:14.792077' /*action='show',application='RailsProject1',controller='status_page'*/[0m
  ↳ app/models/service.rb:116:in 'Service#uptime_percentage'
  [1m[36mCheckLog Count (0.4ms)[0m  [1m[34mSELECT COUNT(*) FROM "check_logs" WHERE "check_logs"."service_id" = 4 AND "check_logs"."created_at" BETWEEN '2026-07-09 13:39:14.791605' AND '2026-08-08 13:39:14.792077' AND "check_logs"."success" = TRUE /*action='show',application='RailsProject1',controller='status_page'*/[0m
  ↳ app/models/service.rb:119:in 'Service#uptime_percentage'
  [1m[36mCheckLog Count (0.3ms)[0m  [1m[34mSELECT COUNT(*) FROM "check_logs" WHERE "check_logs"."service_id" = 5 AND "check_logs"."created_at" BETWEEN '2026-07-09 13:39:14.795468' AND '2026-08-08 13:39:14.795726' /*action='show',application='RailsProject1',controller='status_page'*/[0m
  ↳ app/models/service.rb:116:in 'Service#uptime_percentage'
  [1m[36mCheckLog Count (0.3ms)[0m  [1m[34mSELECT COUNT(*) FROM "check_logs" WHERE "check_logs"."service_id" = 5 AND "check_logs"."created_at" BETWEEN '2026-07-09 13:39:14.795468' AND '2026-08-08 13:39:14.795726' AND "check_logs"."success" = TRUE /*action='show',application='RailsProject1',controller='status_page'*/[0m
  ↳ app/models/service.rb:119:in 'Service#uptime_percentage'
  Rendering layout layouts/status_page.html.erb
  Rendering status_page/show.html.erb within layouts/status_page
  [1m[36mIncident Exists? (0.3ms)[0m  [1m[34mSELECT 1 AS one FROM "incidents" WHERE "incidents"."status" != 'resolved' LIMIT 1 /*action='show',application='RailsProject1',controller='status_page'*/[0m
  ↳ app/views/status_page/show.html.erb:34
  [1m[36mIncident Load (0.2ms)[0m  [1m[34mSELECT "incidents".* FROM "incidents" WHERE "incidents"."status" != 'resolved' ORDER BY "incidents"."created_at" DESC /*action='show',application='RailsProject1',controller='status_page'*/[0m
  ↳ app/views/status_page/show.html.erb:37
  [1m[36mIncidentUpdate Load (0.5ms)[0m  [1m[34mSELECT "incident_updates".* FROM "incident_updates" WHERE "incident_updates"."incident_id" = 1 ORDER BY "incident_updates"."created_at" DESC /*action='show',application='RailsProject1',controller='status_page'*/[0m
  ↳ app/views/status_page/show.html.erb:50
  [1m[36mCheckLog Load (0.4ms)[0m  [1m[34mSELECT "check_logs".* FROM "check_logs" WHERE "check_logs"."service_id" = 1 ORDER BY "check_logs"."created_at" DESC LIMIT 45 /*action='show',application='RailsProject1',controller='status_page'*/[0m
  ↳ app/models/service.rb:132:in 'Service#history_bars'
  [1m[36mCheckLog Count (0.3ms)[0m  [1m[34mSELECT COUNT(*) FROM "check_logs" WHERE "check_logs"."service_id" = 1 AND "check_logs"."created_at" BETWEEN '2026-07-09 13:39:14.813038' AND '2026-08-08 13:39:14.813137' /*action='show',application='RailsProject1',controller='status_page'*/[0m
  ↳ app/models/service.rb:116:in 'Service#uptime_percentage'
  [1m[36mCheckLog Count (0.2ms)[0m  [1m[34mSELECT COUNT(*) FROM "check_logs" WHERE "check_logs"."service_id" = 1 AND "check_logs"."created_at" BETWEEN '2026-07-09 13:39:14.813038' AND '2026-08-08 13:39:14.813137' AND "check_logs"."success" = TRUE /*action='show',application='RailsProject1',controller='status_page'*/[0m
  ↳ app/models/service.rb:119:in 'Service#uptime_percentage'
  [1m[36mCheckLog Load (0.3ms)[0m  [1m[34mSELECT "check_logs".* FROM "check_logs" WHERE "check_logs"."service_id" = 2 ORDER BY "check_logs"."created_at" DESC LIMIT 45 /*action='show',application='RailsProject1',controller='status_page'*/[0m
  ↳ app/models/service.rb:132:in 'Service#history_bars'
  [1m[36mCheckLog Count (0.3ms)[0m  [1m[34mSELECT COUNT(*) FROM "check_logs" WHERE "check_logs"."service_id" = 2 AND "check_logs"."created_at" BETWEEN '2026-07-09 13:39:14.816777' AND '2026-08-08 13:39:14.816880' /*action='show',application='RailsProject1',controller='status_page'*/[0m
  ↳ app/models/service.rb:116:in 'Service#uptime_percentage'
  [1m[36mCheckLog Count (0.4ms)[0m  [1m[34mSELECT COUNT(*) FROM "check_logs" WHERE "check_logs"."service_id" = 2 AND "check_logs"."created_at" BETWEEN '2026-07-09 13:39:14.816777' AND '2026-08-08 13:39:14.816880' AND "check_logs"."success" = TRUE /*action='show',application='RailsProject1',controller='status_page'*/[0m
  ↳ app/models/service.rb:119:in 'Service#uptime_percentage'
  [1m[36mCheckLog Load (0.4ms)[0m  [1m[34mSELECT "check_logs".* FROM "check_logs" WHERE "check_logs"."service_id" = 3 ORDER BY "check_logs"."created_at" DESC LIMIT 45 /*action='show',application='RailsProject1',controller='status_page'*/[0m
  ↳ app/models/service.rb:132:in 'Service#history_bars'
  [1m[36mCheckLog Count (0.3ms)[0m  [1m[34mSELECT COUNT(*) FROM "check_logs" WHERE "check_logs"."service_id" = 3 AND "check_logs"."created_at" BETWEEN '2026-07-09 13:39:14.821815' AND '2026-08-08 13:39:14.821940' /*action='show',application='RailsProject1',controller='status_page'*/[0m
  ↳ app/models/service.rb:116:in 'Service#uptime_percentage'
  [1m[36mCheckLog Count (0.2ms)[0m  [1m[34mSELECT COUNT(*) FROM "check_logs" WHERE "check_logs"."service_id" = 3 AND "check_logs"."created_at" BETWEEN '2026-07-09 13:39:14.821815' AND '2026-08-08 13:39:14.821940' AND "check_logs"."success" = TRUE /*action='show',application='RailsProject1',controller='status_page'*/[0m
  ↳ app/models/service.rb:119:in 'Service#uptime_percentage'
  [1m[36mCheckLog Load (0.3ms)[0m  [1m[34mSELECT "check_logs".* FROM "check_logs" WHERE "check_logs"."service_id" = 4 ORDER BY "check_logs"."created_at" DESC LIMIT 45 /*action='show',application='RailsProject1',controller='status_page'*/[0m
  ↳ app/models/service.rb:132:in 'Service#history_bars'
  [1m[36mCheckLog Count (0.3ms)[0m  [1m[34mSELECT COUNT(*) FROM "check_logs" WHERE "check_logs"."service_id" = 4 AND "check_logs"."created_at" BETWEEN '2026-07-09 13:39:14.825660' AND '2026-08-08 13:39:14.825757' /*action='show',application='RailsProject1',controller='status_page'*/[0m
  ↳ app/models/service.rb:116:in 'Service#uptime_percentage'
  [1m[36mCheckLog Count (0.3ms)[0m  [1m[34mSELECT COUNT(*) FROM "check_logs" WHERE "check_logs"."service_id" = 4 AND "check_logs"."created_at" BETWEEN '2026-07-09 13:39:14.825660' AND '2026-08-08 13:39:14.825757' AND "check_logs"."success" = TRUE /*action='show',application='RailsProject1',controller='status_page'*/[0m
  ↳ app/models/service.rb:119:in 'Service#uptime_percentage'
  [1m[36mCheckLog Load (0.3ms)[0m  [1m[34mSELECT "check_logs".* FROM "check_logs" WHERE "check_logs"."service_id" = 5 ORDER BY "check_logs"."created_at" DESC LIMIT 45 /*action='show',application='RailsProject1',controller='status_page'*/[0m
  ↳ app/models/service.rb:132:in 'Service#history_bars'
  [1m[36mCheckLog Count (0.3ms)[0m  [1m[34mSELECT COUNT(*) FROM "check_logs" WHERE "check_logs"."service_id" = 5 AND "check_logs"."created_at" BETWEEN '2026-07-09 13:39:14.829414' AND '2026-08-08 13:39:14.829504' /*action='show',application='RailsProject1',controller='status_page'*/[0m
  ↳ app/models/service.rb:116:in 'Service#uptime_percentage'
  [1m[36mCheckLog Count (0.3ms)[0m  [1m[34mSELECT COUNT(*) FROM "check_logs" WHERE "check_logs"."service_id" = 5 AND "check_logs"."created_at" BETWEEN '2026-07-09 13:39:14.829414' AND '2026-08-08 13:39:14.829504' AND "check_logs"."success" = TRUE /*action='show',application='RailsProject1',controller='status_page'*/[0m
  ↳ app/models/service.rb:119:in 'Service#uptime_percentage'
  [1m[36mIncident Load (0.4ms)[0m  [1m[34mSELECT "incidents".* FROM "incidents" ORDER BY "incidents"."created_at" DESC LIMIT 10 /*action='show',application='RailsProject1',controller='status_page'*/[0m
  ↳ app/views/status_page/show.html.erb:111
  Rendered status_page/show.html.erb within layouts/status_page (Duration: 34.0ms | GC: 1.9ms)
  Rendered layout layouts/status_page.html.erb (Duration: 35.0ms | GC: 1.9ms)
Completed 200 OK in 55ms (Views: 28.0ms | ActiveRecord: 12.0ms (30 queries, 0 cached) | GC: 2.5ms)


Started GET "/status" for 172.20.0.1 at 2026-08-08 13:39:14 +0000
Processing by StatusPageController#show as HTML
  [1m[36mService Load (0.4ms)[0m  [1m[34mSELECT "services".* FROM "services" ORDER BY "services"."position" ASC, "services"."name" ASC /*action='show',application='RailsProject1',controller='status_page'*/[0m
  ↳ app/controllers/status_page_controller.rb:16:in 'Enumerable#map'
  [1m[36mCheckLog Count (0.3ms)[0m  [1m[34mSELECT COUNT(*) FROM "check_logs" WHERE "check_logs"."service_id" = 1 AND "check_logs"."created_at" BETWEEN '2026-07-09 13:39:14.839017' AND '2026-08-08 13:39:14.839250' /*action='show',application='RailsProject1',controller='status_page'*/[0m
  ↳ app/models/service.rb:116:in 'Service#uptime_percentage'
  [1m[36mCheckLog Count (0.3ms)[0m  [1m[34mSELECT COUNT(*) FROM "check_logs" WHERE "check_logs"."service_id" = 1 AND "check_logs"."created_at" BETWEEN '2026-07-09 13:39:14.839017' AND '2026-08-08 13:39:14.839250' AND "check_logs"."success" = TRUE /*action='show',application='RailsProject1',controller='status_page'*/[0m
  ↳ app/models/service.rb:119:in 'Service#uptime_percentage'
  [1m[36mCheckLog Count (0.3ms)[0m  [1m[34mSELECT COUNT(*) FROM "check_logs" WHERE "check_logs"."service_id" = 2 AND "check_logs"."created_at" BETWEEN '2026-07-09 13:39:14.841173' AND '2026-08-08 13:39:14.841362' /*action='show',application='RailsProject1',controller='status_page'*/[0m
  ↳ app/models/service.rb:116:in 'Service#uptime_percentage'
  [1m[36mCheckLog Count (0.2ms)[0m  [1m[34mSELECT COUNT(*) FROM "check_logs" WHERE "check_logs"."service_id" = 2 AND "check_logs"."created_at" BETWEEN '2026-07-09 13:39:14.841173' AND '2026-08-08 13:39:14.841362' AND "check_logs"."success" = TRUE /*action='show',application='RailsProject1',controller='status_page'*/[0m
  ↳ app/models/service.rb:119:in 'Service#uptime_percentage'
  [1m[36mCheckLog Count (0.2ms)[0m  [1m[34mSELECT COUNT(*) FROM "check_logs" WHERE "check_logs"."service_id" = 3 AND "check_logs"."created_at" BETWEEN '2026-07-09 13:39:14.843179' AND '2026-08-08 13:39:14.843347' /*action='show',application='RailsProject1',controller='status_page'*/[0m
  ↳ app/models/service.rb:116:in 'Service#uptime_percentage'
  [1m[36mCheckLog Count (0.3ms)[0m  [1m[34mSELECT COUNT(*) FROM "check_logs" WHERE "check_logs"."service_id" = 3 AND "check_logs"."created_at" BETWEEN '2026-07-09 13:39:14.843179' AND '2026-08-08 13:39:14.843347' AND "check_logs"."success" = TRUE /*action='show',application='RailsProject1',controller='status_page'*/[0m
  ↳ app/models/service.rb:119:in 'Service#uptime_percentage'
  [1m[36mCheckLog Count (0.3ms)[0m  [1m[34mSELECT COUNT(*) FROM "check_logs" WHERE "check_logs"."service_id" = 4 AND "check_logs"."created_at" BETWEEN '2026-07-09 13:39:14.845153' AND '2026-08-08 13:39:14.845328' /*action='show',application='RailsProject1',controller='status_page'*/[0m
  ↳ app/models/service.rb:116:in 'Service#uptime_percentage'
  [1m[36mCheckLog Count (0.3ms)[0m  [1m[34mSELECT COUNT(*) FROM "check_logs" WHERE "check_logs"."service_id" = 4 AND "check_logs"."created_at" BETWEEN '2026-07-09 13:39:14.845153' AND '2026-08-08 13:39:14.845328' AND "check_logs"."success" = TRUE /*action='show',application='RailsProject1',controller='status_page'*/[0m
  ↳ app/models/service.rb:119:in 'Service#uptime_percentage'
  [1m[36mCheckLog Count (0.2ms)[0m  [1m[34mSELECT COUNT(*) FROM "check_logs" WHERE "check_logs"."service_id" = 5 AND "check_logs"."created_at" BETWEEN '2026-07-09 13:39:14.847113' AND '2026-08-08 13:39:14.847270' /*action='show',application='RailsProject1',controller='status_page'*/[0m
  ↳ app/models/service.rb:116:in 'Service#uptime_percentage'
  [1m[36mCheckLog Count (0.2ms)[0m  [1m[34mSELECT COUNT(*) FROM "check_logs" WHERE "check_logs"."service_id" = 5 AND "check_logs"."created_at" BETWEEN '2026-07-09 13:39:14.847113' AND '2026-08-08 13:39:14.847270' AND "check_logs"."success" = TRUE /*action='show',application='RailsProject1',controller='status_page'*/[0m
  ↳ app/models/service.rb:119:in 'Service#uptime_percentage'
  Rendering layout layouts/status_page.html.erb
  Rendering status_page/show.html.erb within layouts/status_page
  [1m[36mIncident Exists? (0.2ms)[0m  [1m[34mSELECT 1 AS one FROM "incidents" WHERE "incidents"."status" != 'resolved' LIMIT 1 /*action='show',application='RailsProject1',controller='status_page'*/[0m
  ↳ app/views/status_page/show.html.erb:34
  [1m[36mIncident Load (0.2ms)[0m  [1m[34mSELECT "incidents".* FROM "incidents" WHERE "incidents"."status" != 'resolved' ORDER BY "incidents"."created_at" DESC /*action='show',application='RailsProject1',controller='status_page'*/[0m
  ↳ app/views/status_page/show.html.erb:37
  [1m[36mIncidentUpdate Load (0.3ms)[0m  [1m[34mSELECT "incident_updates".* FROM "incident_updates" WHERE "incident_updates"."incident_id" = 1 ORDER BY "incident_updates"."created_at" DESC /*action='show',application='RailsProject1',controller='status_page'*/[0m
  ↳ app/views/status_page/show.html.erb:50
  [1m[36mCheckLog Load (0.4ms)[0m  [1m[34mSELECT "check_logs".* FROM "check_logs" WHERE "check_logs"."service_id" = 1 ORDER BY "check_logs"."created_at" DESC LIMIT 45 /*action='show',application='RailsProject1',controller='status_page'*/[0m
  ↳ app/models/service.rb:132:in 'Service#history_bars'
  [1m[36mCheckLog Count (0.3ms)[0m  [1m[34mSELECT COUNT(*) FROM "check_logs" WHERE "check_logs"."service_id" = 1 AND "check_logs"."created_at" BETWEEN '2026-07-09 13:39:14.854600' AND '2026-08-08 13:39:14.854727' /*action='show',application='RailsProject1',controller='status_page'*/[0m
  ↳ app/models/service.rb:116:in 'Service#uptime_percentage'
  [1m[36mCheckLog Count (0.2ms)[0m  [1m[34mSELECT COUNT(*) FROM "check_logs" WHERE "check_logs"."service_id" = 1 AND "check_logs"."created_at" BETWEEN '2026-07-09 13:39:14.854600' AND '2026-08-08 13:39:14.854727' AND "check_logs"."success" = TRUE /*action='show',application='RailsProject1',controller='status_page'*/[0m
  ↳ app/models/service.rb:119:in 'Service#uptime_percentage'
  [1m[36mCheckLog Load (0.4ms)[0m  [1m[34mSELECT "check_logs".* FROM "check_logs" WHERE "check_logs"."service_id" = 2 ORDER BY "check_logs"."created_at" DESC LIMIT 45 /*action='show',application='RailsProject1',controller='status_page'*/[0m
  ↳ app/models/service.rb:132:in 'Service#history_bars'
  [1m[36mCheckLog Count (0.3ms)[0m  [1m[34mSELECT COUNT(*) FROM "check_logs" WHERE "check_logs"."service_id" = 2 AND "check_logs"."created_at" BETWEEN '2026-07-09 13:39:14.868893' AND '2026-08-08 13:39:14.869059' /*action='show',application='RailsProject1',controller='status_page'*/[0m
  ↳ app/models/service.rb:116:in 'Service#uptime_percentage'
  [1m[36mCheckLog Count (0.3ms)[0m  [1m[34mSELECT COUNT(*) FROM "check_logs" WHERE "check_logs"."service_id" = 2 AND "check_logs"."created_at" BETWEEN '2026-07-09 13:39:14.868893' AND '2026-08-08 13:39:14.869059' AND "check_logs"."success" = TRUE /*action='show',application='RailsProject1',controller='status_page'*/[0m
  ↳ app/models/service.rb:119:in 'Service#uptime_percentage'
  [1m[36mCheckLog Load (0.3ms)[0m  [1m[34mSELECT "check_logs".* FROM "check_logs" WHERE "check_logs"."service_id" = 3 ORDER BY "check_logs"."created_at" DESC LIMIT 45 /*action='show',application='RailsProject1',controller='status_page'*/[0m
  ↳ app/models/service.rb:132:in 'Service#history_bars'
  [1m[36mCheckLog Count (0.3ms)[0m  [1m[34mSELECT COUNT(*) FROM "check_logs" WHERE "check_logs"."service_id" = 3 AND "check_logs"."created_at" BETWEEN '2026-07-09 13:39:14.873719' AND '2026-08-08 13:39:14.873832' /*action='show',application='RailsProject1',controller='status_page'*/[0m
  ↳ app/models/service.rb:116:in 'Service#uptime_percentage'
  [1m[36mCheckLog Count (0.2ms)[0m  [1m[34mSELECT COUNT(*) FROM "check_logs" WHERE "check_logs"."service_id" = 3 AND "check_logs"."created_at" BETWEEN '2026-07-09 13:39:14.873719' AND '2026-08-08 13:39:14.873832' AND "check_logs"."success" = TRUE /*action='show',application='RailsProject1',controller='status_page'*/[0m
  ↳ app/models/service.rb:119:in 'Service#uptime_percentage'
  [1m[36mCheckLog Load (0.3ms)[0m  [1m[34mSELECT "check_logs".* FROM "check_logs" WHERE "check_logs"."service_id" = 4 ORDER BY "check_logs"."created_at" DESC LIMIT 45 /*action='show',application='RailsProject1',controller='status_page'*/[0m
  ↳ app/models/service.rb:132:in 'Service#history_bars'
  [1m[36mCheckLog Count (0.3ms)[0m  [1m[34mSELECT COUNT(*) FROM "check_logs" WHERE "check_logs"."service_id" = 4 AND "check_logs"."created_at" BETWEEN '2026-07-09 13:39:14.877780' AND '2026-08-08 13:39:14.878508' /*action='show',application='RailsProject1',controller='status_page'*/[0m
  ↳ app/models/service.rb:116:in 'Service#uptime_percentage'
  [1m[36mCheckLog Count (0.3ms)[0m  [1m[34mSELECT COUNT(*) FROM "check_logs" WHERE "check_logs"."service_id" = 4 AND "check_logs"."created_at" BETWEEN '2026-07-09 13:39:14.877780' AND '2026-08-08 13:39:14.878508' AND "check_logs"."success" = TRUE /*action='show',application='RailsProject1',controller='status_page'*/[0m
  ↳ app/models/service.rb:119:in 'Service#uptime_percentage'
  [1m[36mCheckLog Load (0.4ms)[0m  [1m[34mSELECT "check_logs".* FROM "check_logs" WHERE "check_logs"."service_id" = 5 ORDER BY "check_logs"."created_at" DESC LIMIT 45 /*action='show',application='RailsProject1',controller='status_page'*/[0m
  ↳ app/models/service.rb:132:in 'Service#history_bars'
  [1m[36mCheckLog Count (0.4ms)[0m  [1m[34mSELECT COUNT(*) FROM "check_logs" WHERE "check_logs"."service_id" = 5 AND "check_logs"."created_at" BETWEEN '2026-07-09 13:39:14.882491' AND '2026-08-08 13:39:14.882632' /*action='show',application='RailsProject1',controller='status_page'*/[0m
  ↳ app/models/service.rb:116:in 'Service#uptime_percentage'
  [1m[36mCheckLog Count (0.6ms)[0m  [1m[34mSELECT COUNT(*) FROM "check_logs" WHERE "check_logs"."service_id" = 5 AND "check_logs"."created_at" BETWEEN '2026-07-09 13:39:14.882491' AND '2026-08-08 13:39:14.882632' AND "check_logs"."success" = TRUE /*action='show',application='RailsProject1',controller='status_page'*/[0m
  ↳ app/models/service.rb:119:in 'Service#uptime_percentage'
  [1m[36mIncident Load (0.3ms)[0m  [1m[34mSELECT "incidents".* FROM "incidents" ORDER BY "incidents"."created_at" DESC LIMIT 10 /*action='show',application='RailsProject1',controller='status_page'*/[0m
  ↳ app/views/status_page/show.html.erb:111
  Rendered status_page/show.html.erb within layouts/status_page (Duration: 38.3ms | GC: 10.4ms)
  Rendered layout layouts/status_page.html.erb (Duration: 39.0ms | GC: 10.4ms)
Completed 200 OK in 51ms (Views: 33.5ms | ActiveRecord: 8.7ms (30 queries, 0 cached) | GC: 10.4ms)


Started GET "/" for 172.20.0.1 at 2026-08-08 13:39:54 +0000
Processing by DashboardController#index as HTML
  [1m[36mService Load (0.4ms)[0m  [1m[34mSELECT "services".* FROM "services" ORDER BY "services"."position" ASC, "services"."name" ASC /*action='index',application='RailsProject1',controller='dashboard'*/[0m
  ↳ app/controllers/dashboard_controller.rb:15:in 'Enumerable#map'
  [1m[36mCheckLog Count (0.9ms)[0m  [1m[34mSELECT COUNT(*) FROM "check_logs" WHERE "check_logs"."service_id" = 1 AND "check_logs"."created_at" BETWEEN '2026-07-09 13:39:54.386157' AND '2026-08-08 13:39:54.386614' /*action='index',application='RailsProject1',controller='dashboard'*/[0m
  ↳ app/models/service.rb:116:in 'Service#uptime_percentage'
  [1m[36mCheckLog Count (0.4ms)[0m  [1m[34mSELECT COUNT(*) FROM "check_logs" WHERE "check_logs"."service_id" = 1 AND "check_logs"."created_at" BETWEEN '2026-07-09 13:39:54.386157' AND '2026-08-08 13:39:54.386614' AND "check_logs"."success" = TRUE /*action='index',application='RailsProject1',controller='dashboard'*/[0m
  ↳ app/models/service.rb:119:in 'Service#uptime_percentage'
  [1m[36mCheckLog Count (0.4ms)[0m  [1m[34mSELECT COUNT(*) FROM "check_logs" WHERE "check_logs"."service_id" = 2 AND "check_logs"."created_at" BETWEEN '2026-07-09 13:39:54.390889' AND '2026-08-08 13:39:54.391268' /*action='index',application='RailsProject1',controller='dashboard'*/[0m
  ↳ app/models/service.rb:116:in 'Service#uptime_percentage'
  [1m[36mCheckLog Count (0.4ms)[0m  [1m[34mSELECT COUNT(*) FROM "check_logs" WHERE "check_logs"."service_id" = 2 AND "check_logs"."created_at" BETWEEN '2026-07-09 13:39:54.390889' AND '2026-08-08 13:39:54.391268' AND "check_logs"."success" = TRUE /*action='index',application='RailsProject1',controller='dashboard'*/[0m
  ↳ app/models/service.rb:119:in 'Service#uptime_percentage'
  [1m[36mCheckLog Count (0.4ms)[0m  [1m[34mSELECT COUNT(*) FROM "check_logs" WHERE "check_logs"."service_id" = 3 AND "check_logs"."created_at" BETWEEN '2026-07-09 13:39:54.395069' AND '2026-08-08 13:39:54.395551' /*action='index',application='RailsProject1',controller='dashboard'*/[0m
  ↳ app/models/service.rb:116:in 'Service#uptime_percentage'
  [1m[36mCheckLog Count (0.4ms)[0m  [1m[34mSELECT COUNT(*) FROM "check_logs" WHERE "check_logs"."service_id" = 3 AND "check_logs"."created_at" BETWEEN '2026-07-09 13:39:54.395069' AND '2026-08-08 13:39:54.395551' AND "check_logs"."success" = TRUE /*action='index',application='RailsProject1',controller='dashboard'*/[0m
  ↳ app/models/service.rb:119:in 'Service#uptime_percentage'
  [1m[36mCheckLog Count (0.4ms)[0m  [1m[34mSELECT COUNT(*) FROM "check_logs" WHERE "check_logs"."service_id" = 4 AND "check_logs"."created_at" BETWEEN '2026-07-09 13:39:54.400170' AND '2026-08-08 13:39:54.400672' /*action='index',application='RailsProject1',controller='dashboard'*/[0m
  ↳ app/models/service.rb:116:in 'Service#uptime_percentage'
  [1m[36mCheckLog Count (0.4ms)[0m  [1m[34mSELECT COUNT(*) FROM "check_logs" WHERE "check_logs"."service_id" = 4 AND "check_logs"."created_at" BETWEEN '2026-07-09 13:39:54.400170' AND '2026-08-08 13:39:54.400672' AND "check_logs"."success" = TRUE /*action='index',application='RailsProject1',controller='dashboard'*/[0m
  ↳ app/models/service.rb:119:in 'Service#uptime_percentage'
  [1m[36mCheckLog Count (0.4ms)[0m  [1m[34mSELECT COUNT(*) FROM "check_logs" WHERE "check_logs"."service_id" = 5 AND "check_logs"."created_at" BETWEEN '2026-07-09 13:39:54.404709' AND '2026-08-08 13:39:54.405131' /*action='index',application='RailsProject1',controller='dashboard'*/[0m
  ↳ app/models/service.rb:116:in 'Service#uptime_percentage'
  [1m[36mCheckLog Count (0.3ms)[0m  [1m[34mSELECT COUNT(*) FROM "check_logs" WHERE "check_logs"."service_id" = 5 AND "check_logs"."created_at" BETWEEN '2026-07-09 13:39:54.404709' AND '2026-08-08 13:39:54.405131' AND "check_logs"."success" = TRUE /*action='index',application='RailsProject1',controller='dashboard'*/[0m
  ↳ app/models/service.rb:119:in 'Service#uptime_percentage'
  [1m[36mCheckLog Exists? (0.3ms)[0m  [1m[34mSELECT 1 AS one FROM "check_logs" WHERE "check_logs"."service_id" = 1 AND "check_logs"."success" = TRUE AND "check_logs"."created_at" BETWEEN '2026-08-07 13:39:54.409373' AND '2026-08-08 13:39:54.409427' LIMIT 1 /*action='index',application='RailsProject1',controller='dashboard'*/[0m
  ↳ app/models/service.rb:125:in 'Service#average_response_time_ms'
  [1m[36mCheckLog Average (0.5ms)[0m  [1m[34mSELECT AVG("check_logs"."response_time_ms") FROM "check_logs" WHERE "check_logs"."service_id" = 1 AND "check_logs"."success" = TRUE AND "check_logs"."created_at" BETWEEN '2026-08-07 13:39:54.409373' AND '2026-08-08 13:39:54.409427' /*action='index',application='RailsProject1',controller='dashboard'*/[0m
  ↳ app/models/service.rb:127:in 'Service#average_response_time_ms'
  [1m[36mCheckLog Exists? (0.4ms)[0m  [1m[34mSELECT 1 AS one FROM "check_logs" WHERE "check_logs"."service_id" = 2 AND "check_logs"."success" = TRUE AND "check_logs"."created_at" BETWEEN '2026-08-07 13:39:54.412441' AND '2026-08-08 13:39:54.412491' LIMIT 1 /*action='index',application='RailsProject1',controller='dashboard'*/[0m
  ↳ app/models/service.rb:125:in 'Service#average_response_time_ms'
  [1m[36mCheckLog Average (0.3ms)[0m  [1m[34mSELECT AVG("check_logs"."response_time_ms") FROM "check_logs" WHERE "check_logs"."service_id" = 2 AND "check_logs"."success" = TRUE AND "check_logs"."created_at" BETWEEN '2026-08-07 13:39:54.412441' AND '2026-08-08 13:39:54.412491' /*action='index',application='RailsProject1',controller='dashboard'*/[0m
  ↳ app/models/service.rb:127:in 'Service#average_response_time_ms'
  [1m[36mCheckLog Exists? (0.5ms)[0m  [1m[34mSELECT 1 AS one FROM "check_logs" WHERE "check_logs"."service_id" = 3 AND "check_logs"."success" = TRUE AND "check_logs"."created_at" BETWEEN '2026-08-07 13:39:54.415806' AND '2026-08-08 13:39:54.415856' LIMIT 1 /*action='index',application='RailsProject1',controller='dashboard'*/[0m
  ↳ app/models/service.rb:125:in 'Service#average_response_time_ms'
  [1m[36mCheckLog Average (0.3ms)[0m  [1m[34mSELECT AVG("check_logs"."response_time_ms") FROM "check_logs" WHERE "check_logs"."service_id" = 3 AND "check_logs"."success" = TRUE AND "check_logs"."created_at" BETWEEN '2026-08-07 13:39:54.415806' AND '2026-08-08 13:39:54.415856' /*action='index',application='RailsProject1',controller='dashboard'*/[0m
  ↳ app/models/service.rb:127:in 'Service#average_response_time_ms'
  [1m[36mCheckLog Exists? (0.5ms)[0m  [1m[34mSELECT 1 AS one FROM "check_logs" WHERE "check_logs"."service_id" = 4 AND "check_logs"."success" = TRUE AND "check_logs"."created_at" BETWEEN '2026-08-07 13:39:54.418927' AND '2026-08-08 13:39:54.418984' LIMIT 1 /*action='index',application='RailsProject1',controller='dashboard'*/[0m
  ↳ app/models/service.rb:125:in 'Service#average_response_time_ms'
  [1m[36mCheckLog Average (0.5ms)[0m  [1m[34mSELECT AVG("check_logs"."response_time_ms") FROM "check_logs" WHERE "check_logs"."service_id" = 4 AND "check_logs"."success" = TRUE AND "check_logs"."created_at" BETWEEN '2026-08-07 13:39:54.418927' AND '2026-08-08 13:39:54.418984' /*action='index',application='RailsProject1',controller='dashboard'*/[0m
  ↳ app/models/service.rb:127:in 'Service#average_response_time_ms'
  [1m[36mCheckLog Exists? (0.4ms)[0m  [1m[34mSELECT 1 AS one FROM "check_logs" WHERE "check_logs"."service_id" = 5 AND "check_logs"."success" = TRUE AND "check_logs"."created_at" BETWEEN '2026-08-07 13:39:54.423088' AND '2026-08-08 13:39:54.423150' LIMIT 1 /*action='index',application='RailsProject1',controller='dashboard'*/[0m
  ↳ app/models/service.rb:125:in 'Service#average_response_time_ms'
  [1m[36mCheckLog Average (0.3ms)[0m  [1m[34mSELECT AVG("check_logs"."response_time_ms") FROM "check_logs" WHERE "check_logs"."service_id" = 5 AND "check_logs"."success" = TRUE AND "check_logs"."created_at" BETWEEN '2026-08-07 13:39:54.423088' AND '2026-08-08 13:39:54.423150' /*action='index',application='RailsProject1',controller='dashboard'*/[0m
  ↳ app/models/service.rb:127:in 'Service#average_response_time_ms'
  Rendering layout layouts/application.html.erb
  Rendering dashboard/index.html.erb within layouts/application
  [1m[36mIncident Exists? (0.2ms)[0m  [1m[34mSELECT 1 AS one FROM "incidents" WHERE "incidents"."status" != 'resolved' LIMIT 1 /*action='index',application='RailsProject1',controller='dashboard'*/[0m
  ↳ app/views/dashboard/index.html.erb:51
  [1m[36mIncident Count (0.3ms)[0m  [1m[34mSELECT COUNT(*) FROM "incidents" WHERE "incidents"."status" != 'resolved' /*action='index',application='RailsProject1',controller='dashboard'*/[0m
  ↳ app/views/dashboard/index.html.erb:52
  [1m[36mCACHE Incident Exists? (0.0ms)[0m  [1m[34mSELECT 1 AS one FROM "incidents" WHERE "incidents"."status" != 'resolved' LIMIT 1[0m
  ↳ app/views/dashboard/index.html.erb:57
  [1m[36mIncident Load (0.6ms)[0m  [1m[34mSELECT "incidents".* FROM "incidents" WHERE "incidents"."status" != 'resolved' ORDER BY "incidents"."created_at" DESC /*action='index',application='RailsProject1',controller='dashboard'*/[0m
  ↳ app/views/dashboard/index.html.erb:64
  [1m[36mService Exists? (0.5ms)[0m  [1m[34mSELECT 1 AS one FROM "services" INNER JOIN "incident_services" ON "services"."id" = "incident_services"."service_id" WHERE "incident_services"."incident_id" = 1 LIMIT 1 /*action='index',application='RailsProject1',controller='dashboard'*/[0m
  ↳ app/views/dashboard/index.html.erb:80
  [1m[36mService Load (0.6ms)[0m  [1m[34mSELECT "services".* FROM "services" INNER JOIN "incident_services" ON "services"."id" = "incident_services"."service_id" WHERE "incident_services"."incident_id" = 1 /*action='index',application='RailsProject1',controller='dashboard'*/[0m
  ↳ app/views/dashboard/index.html.erb:83
  [1m[36mCheckLog Load (0.5ms)[0m  [1m[34mSELECT "check_logs".* FROM "check_logs" WHERE "check_logs"."service_id" = 1 ORDER BY "check_logs"."created_at" DESC LIMIT 45 /*action='index',application='RailsProject1',controller='dashboard'*/[0m
  ↳ app/models/service.rb:132:in 'Service#history_bars'
  Rendered services/_service_card.html.erb (Duration: 3.5ms | GC: 0.0ms)
  [1m[36mCheckLog Load (0.5ms)[0m  [1m[34mSELECT "check_logs".* FROM "check_logs" WHERE "check_logs"."service_id" = 2 ORDER BY "check_logs"."created_at" DESC LIMIT 45 /*action='index',application='RailsProject1',controller='dashboard'*/[0m
  ↳ app/models/service.rb:132:in 'Service#history_bars'
  Rendered services/_service_card.html.erb (Duration: 2.9ms | GC: 0.0ms)
  [1m[36mCheckLog Load (0.5ms)[0m  [1m[34mSELECT "check_logs".* FROM "check_logs" WHERE "check_logs"."service_id" = 3 ORDER BY "check_logs"."created_at" DESC LIMIT 45 /*action='index',application='RailsProject1',controller='dashboard'*/[0m
  ↳ app/models/service.rb:132:in 'Service#history_bars'
  Rendered services/_service_card.html.erb (Duration: 4.4ms | GC: 0.5ms)
  [1m[36mCheckLog Load (0.5ms)[0m  [1m[34mSELECT "check_logs".* FROM "check_logs" WHERE "check_logs"."service_id" = 4 ORDER BY "check_logs"."created_at" DESC LIMIT 45 /*action='index',application='RailsProject1',controller='dashboard'*/[0m
  ↳ app/models/service.rb:132:in 'Service#history_bars'
  Rendered services/_service_card.html.erb (Duration: 3.4ms | GC: 0.0ms)
  [1m[36mCheckLog Load (0.5ms)[0m  [1m[34mSELECT "check_logs".* FROM "check_logs" WHERE "check_logs"."service_id" = 5 ORDER BY "check_logs"."created_at" DESC LIMIT 45 /*action='index',application='RailsProject1',controller='dashboard'*/[0m
  ↳ app/models/service.rb:132:in 'Service#history_bars'
  Rendered services/_service_card.html.erb (Duration: 3.5ms | GC: 0.0ms)
  Rendered dashboard/index.html.erb within layouts/application (Duration: 29.8ms | GC: 0.8ms)
  Rendered layout layouts/application.html.erb (Duration: 30.6ms | GC: 0.8ms)
Completed 200 OK in 74ms (Views: 26.4ms | ActiveRecord: 13.3ms (32 queries, 1 cached) | GC: 1.8ms)


Started GET "/cable" for 172.20.0.1 at 2026-08-08 13:39:54 +0000
Started GET "/favicon.ico" for 172.20.0.1 at 2026-08-08 13:39:54 +0000
  
ActionController::RoutingError (No route matches [GET] "/favicon.ico"):
  
Started GET "/cable" [WebSocket] for 172.20.0.1 at 2026-08-08 13:39:54 +0000
Successfully upgraded to WebSocket (REQUEST_METHOD: GET, HTTP_CONNECTION: Upgrade, HTTP_UPGRADE: websocket)
Turbo::StreamsChannel is transmitting the subscription confirmation
Turbo::StreamsChannel is streaming from services_status
Using vips to process variants requires the libvips library. Please install libvips using the instructions on the libvips website.
Using vips to process variants requires the libvips library. Please install libvips using the instructions on the libvips website.
Using vips to process variants requires the libvips library. Please install libvips using the instructions on the libvips website.
Using vips to process variants requires the libvips library. Please install libvips using the instructions on the libvips website.
  [1m[36mActiveRecord::InternalMetadata Load (0.2ms)[0m  [1m[34mSELECT * FROM "ar_internal_metadata" WHERE "ar_internal_metadata"."key" = 'environment' ORDER BY "ar_internal_metadata"."key" ASC LIMIT 1 /*application='RailsProject1'*/[0m
  [1m[36mActiveRecord::SchemaMigration Load (0.1ms)[0m  [1m[34mSELECT "schema_migrations"."version" FROM "schema_migrations" ORDER BY "schema_migrations"."version" ASC /*application='RailsProject1'*/[0m
Migrating to CreateOrganizations (20260808134315)
  [1m[36mTRANSACTION (0.0ms)[0m  [1m[35mBEGIN immediate TRANSACTION /*application='RailsProject1'*/[0m
  [1m[35m (1.0ms)[0m  [1m[35mCREATE TABLE "organizations" ("id" integer PRIMARY KEY AUTOINCREMENT NOT NULL, "name" varchar, "slug" varchar, "weekly_digest_enabled" boolean, "created_at" datetime(6) NOT NULL, "updated_at" datetime(6) NOT NULL) /*application='RailsProject1'*/[0m
  [1m[36mActiveRecord::SchemaMigration Create (0.2ms)[0m  [1m[32mINSERT INTO "schema_migrations" ("version") VALUES ('20260808134315') RETURNING "version" /*application='RailsProject1'*/[0m
  [1m[36mTRANSACTION (43.3ms)[0m  [1m[35mCOMMIT TRANSACTION /*application='RailsProject1'*/[0m
Migrating to CreateUsers (20260808134316)
  [1m[36mTRANSACTION (0.0ms)[0m  [1m[35mBEGIN immediate TRANSACTION /*application='RailsProject1'*/[0m
  [1m[35m (1.0ms)[0m  [1m[35mCREATE TABLE "users" ("id" integer PRIMARY KEY AUTOINCREMENT NOT NULL, "organization_id" integer NOT NULL, "name" varchar, "email" varchar, "password_digest" varchar, "role" varchar, "created_at" datetime(6) NOT NULL, "updated_at" datetime(6) NOT NULL, CONSTRAINT "fk_rails_d7b9ff90af"
FOREIGN KEY ("organization_id")
  REFERENCES "organizations" ("id")
) /*application='RailsProject1'*/[0m
  [1m[35m (0.2ms)[0m  [1m[35mCREATE INDEX "index_users_on_organization_id" ON "users" ("organization_id") /*application='RailsProject1'*/[0m
  [1m[36mActiveRecord::SchemaMigration Create (0.3ms)[0m  [1m[32mINSERT INTO "schema_migrations" ("version") VALUES ('20260808134316') RETURNING "version" /*application='RailsProject1'*/[0m
  [1m[36mTRANSACTION (0.2ms)[0m  [1m[35mCOMMIT TRANSACTION /*application='RailsProject1'*/[0m
Migrating to AddOrganizationToResources (20260808134319)
  [1m[36mTRANSACTION (0.1ms)[0m  [1m[35mBEGIN immediate TRANSACTION /*application='RailsProject1'*/[0m
  [1m[35m (1.7ms)[0m  [1m[35mALTER TABLE "services" ADD "organization_id" integer /*application='RailsProject1'*/[0m
  [1m[35m (0.2ms)[0m  [1m[35mCREATE INDEX "index_services_on_organization_id" ON "services" ("organization_id") /*application='RailsProject1'*/[0m
  [1m[35m (0.0ms)[0m  [1m[35mPRAGMA foreign_keys /*application='RailsProject1'*/[0m
  [1m[35m (0.1ms)[0m  [1m[35mPRAGMA defer_foreign_keys /*application='RailsProject1'*/[0m
  [1m[35m (0.1ms)[0m  [1m[35mPRAGMA defer_foreign_keys = ON /*application='RailsProject1'*/[0m
  [1m[35m (0.1ms)[0m  [1m[35mPRAGMA foreign_keys = OFF /*application='RailsProject1'*/[0m
  [1m[35m (0.2ms)[0m  [1m[35mCREATE TEMPORARY TABLE "aservices" ("id" integer PRIMARY KEY AUTOINCREMENT NOT NULL, "name" varchar NOT NULL, "description" text, "url" varchar NOT NULL, "http_method" varchar DEFAULT 'GET' NOT NULL, "headers" text, "request_body" text, "expected_body_match" varchar, "expected_status_code" integer DEFAULT 200 NOT NULL, "timeout_seconds" integer DEFAULT 10 NOT NULL, "check_interval_seconds" integer DEFAULT 60 NOT NULL, "status" varchar DEFAULT 'operational' NOT NULL, "last_checked_at" datetime(6), "last_response_time_ms" integer, "last_status_code" integer, "position" integer DEFAULT 0, "created_at" datetime(6) NOT NULL, "updated_at" datetime(6) NOT NULL, "organization_id" integer) /*application='RailsProject1'*/[0m
  [1m[35m (0.1ms)[0m  [1m[35mCREATE INDEX "tindex_aservices_on_organization_id" ON "aservices" ("organization_id") /*application='RailsProject1'*/[0m
  [1m[35mSQL (0.1ms)[0m  [1m[32mINSERT INTO "aservices" ("id","name","description","url","http_method","headers","request_body","expected_body_match","expected_status_code","timeout_seconds","check_interval_seconds","status","last_checked_at","last_response_time_ms","last_status_code","position","created_at","updated_at","organization_id")
                     SELECT "id","name","description","url","http_method","headers","request_body","expected_body_match","expected_status_code","timeout_seconds","check_interval_seconds","status","last_checked_at","last_response_time_ms","last_status_code","position","created_at","updated_at","organization_id" FROM "services" /*application='RailsProject1'*/[0m
  [1m[35m (0.4ms)[0m  [1m[35mDROP TABLE "services" /*application='RailsProject1'*/[0m
  [1m[35m (0.2ms)[0m  [1m[35mCREATE TABLE "services" ("id" integer PRIMARY KEY AUTOINCREMENT NOT NULL, "name" varchar NOT NULL, "description" text, "url" varchar NOT NULL, "http_method" varchar DEFAULT 'GET' NOT NULL, "headers" text, "request_body" text, "expected_body_match" varchar, "expected_status_code" integer DEFAULT 200 NOT NULL, "timeout_seconds" integer DEFAULT 10 NOT NULL, "check_interval_seconds" integer DEFAULT 60 NOT NULL, "status" varchar DEFAULT 'operational' NOT NULL, "last_checked_at" datetime(6), "last_response_time_ms" integer, "last_status_code" integer, "position" integer DEFAULT 0, "created_at" datetime(6) NOT NULL, "updated_at" datetime(6) NOT NULL, "organization_id" integer, CONSTRAINT "fk_rails_2e9f369e43"
FOREIGN KEY ("organization_id")
  REFERENCES "organizations" ("id")
) /*application='RailsProject1'*/[0m
  [1m[35m (0.1ms)[0m  [1m[35mCREATE INDEX "index_services_on_organization_id" ON "services" ("organization_id") /*application='RailsProject1'*/[0m
  [1m[35mSQL (0.2ms)[0m  [1m[32mINSERT INTO "services" ("id","name","description","url","http_method","headers","request_body","expected_body_match","expected_status_code","timeout_seconds","check_interval_seconds","status","last_checked_at","last_response_time_ms","last_status_code","position","created_at","updated_at","organization_id")
                     SELECT "id","name","description","url","http_method","headers","request_body","expected_body_match","expected_status_code","timeout_seconds","check_interval_seconds","status","last_checked_at","last_response_time_ms","last_status_code","position","created_at","updated_at","organization_id" FROM "aservices" /*application='RailsProject1'*/[0m
  [1m[35m (0.2ms)[0m  [1m[35mDROP TABLE "aservices" /*application='RailsProject1'*/[0m
  [1m[35m (0.0ms)[0m  [1m[35mPRAGMA defer_foreign_keys = 0 /*application='RailsProject1'*/[0m
  [1m[35m (0.0ms)[0m  [1m[35mPRAGMA foreign_keys = 1 /*application='RailsProject1'*/[0m
  [1m[35m (0.2ms)[0m  [1m[35mALTER TABLE "incidents" ADD "organization_id" integer /*application='RailsProject1'*/[0m
  [1m[35m (0.1ms)[0m  [1m[35mCREATE INDEX "index_incidents_on_organization_id" ON "incidents" ("organization_id") /*application='RailsProject1'*/[0m
  [1m[35m (0.0ms)[0m  [1m[35mPRAGMA foreign_keys /*application='RailsProject1'*/[0m
  [1m[35m (0.1ms)[0m  [1m[35mPRAGMA defer_foreign_keys /*application='RailsProject1'*/[0m
  [1m[35m (0.1ms)[0m  [1m[35mPRAGMA defer_foreign_keys = ON /*application='RailsProject1'*/[0m
  [1m[35m (0.1ms)[0m  [1m[35mPRAGMA foreign_keys = OFF /*application='RailsProject1'*/[0m
  [1m[35m (0.2ms)[0m  [1m[35mCREATE TEMPORARY TABLE "aincidents" ("id" integer PRIMARY KEY AUTOINCREMENT NOT NULL, "title" varchar, "description" text, "status" varchar, "severity" varchar, "resolved_at" datetime(6), "created_at" datetime(6) NOT NULL, "updated_at" datetime(6) NOT NULL, "organization_id" integer) /*application='RailsProject1'*/[0m
  [1m[35m (0.2ms)[0m  [1m[35mCREATE INDEX "tindex_aincidents_on_organization_id" ON "aincidents" ("organization_id") /*application='RailsProject1'*/[0m
  [1m[35mSQL (0.1ms)[0m  [1m[32mINSERT INTO "aincidents" ("id","title","description","status","severity","resolved_at","created_at","updated_at","organization_id")
                     SELECT "id","title","description","status","severity","resolved_at","created_at","updated_at","organization_id" FROM "incidents" /*application='RailsProject1'*/[0m
  [1m[35m (0.2ms)[0m  [1m[35mDROP TABLE "incidents" /*application='RailsProject1'*/[0m
  [1m[35m (0.1ms)[0m  [1m[35mCREATE TABLE "incidents" ("id" integer PRIMARY KEY AUTOINCREMENT NOT NULL, "title" varchar, "description" text, "status" varchar, "severity" varchar, "resolved_at" datetime(6), "created_at" datetime(6) NOT NULL, "updated_at" datetime(6) NOT NULL, "organization_id" integer, CONSTRAINT "fk_rails_5b1d913b7c"
FOREIGN KEY ("organization_id")
  REFERENCES "organizations" ("id")
) /*application='RailsProject1'*/[0m
  [1m[35m (0.1ms)[0m  [1m[35mCREATE INDEX "index_incidents_on_organization_id" ON "incidents" ("organization_id") /*application='RailsProject1'*/[0m
  [1m[35mSQL (0.1ms)[0m  [1m[32mINSERT INTO "incidents" ("id","title","description","status","severity","resolved_at","created_at","updated_at","organization_id")
                     SELECT "id","title","description","status","severity","resolved_at","created_at","updated_at","organization_id" FROM "aincidents" /*application='RailsProject1'*/[0m
  [1m[35m (0.1ms)[0m  [1m[35mDROP TABLE "aincidents" /*application='RailsProject1'*/[0m
  [1m[35m (0.0ms)[0m  [1m[35mPRAGMA defer_foreign_keys = 0 /*application='RailsProject1'*/[0m
  [1m[35m (0.0ms)[0m  [1m[35mPRAGMA foreign_keys = 1 /*application='RailsProject1'*/[0m
  [1m[35m (0.3ms)[0m  [1m[35mALTER TABLE "maintenance_windows" ADD "organization_id" integer /*application='RailsProject1'*/[0m
  [1m[35m (0.1ms)[0m  [1m[35mCREATE INDEX "index_maintenance_windows_on_organization_id" ON "maintenance_windows" ("organization_id") /*application='RailsProject1'*/[0m
  [1m[35m (0.0ms)[0m  [1m[35mPRAGMA foreign_keys /*application='RailsProject1'*/[0m
  [1m[35m (0.0ms)[0m  [1m[35mPRAGMA defer_foreign_keys /*application='RailsProject1'*/[0m
  [1m[35m (0.0ms)[0m  [1m[35mPRAGMA defer_foreign_keys = ON /*application='RailsProject1'*/[0m
  [1m[35m (0.0ms)[0m  [1m[35mPRAGMA foreign_keys = OFF /*application='RailsProject1'*/[0m
  [1m[35m (0.1ms)[0m  [1m[35mCREATE TEMPORARY TABLE "amaintenance_windows" ("id" integer PRIMARY KEY AUTOINCREMENT NOT NULL, "title" varchar, "description" text, "starts_at" datetime(6), "ends_at" datetime(6), "status" varchar, "created_at" datetime(6) NOT NULL, "updated_at" datetime(6) NOT NULL, "organization_id" integer) /*application='RailsProject1'*/[0m
  [1m[35m (0.1ms)[0m  [1m[35mCREATE INDEX "tindex_amaintenance_windows_on_organization_id" ON "amaintenance_windows" ("organization_id") /*application='RailsProject1'*/[0m
  [1m[35mSQL (0.0ms)[0m  [1m[32mINSERT INTO "amaintenance_windows" ("id","title","description","starts_at","ends_at","status","created_at","updated_at","organization_id")
                     SELECT "id","title","description","starts_at","ends_at","status","created_at","updated_at","organization_id" FROM "maintenance_windows" /*application='RailsProject1'*/[0m
  [1m[35m (0.1ms)[0m  [1m[35mDROP TABLE "maintenance_windows" /*application='RailsProject1'*/[0m
  [1m[35m (0.1ms)[0m  [1m[35mCREATE TABLE "maintenance_windows" ("id" integer PRIMARY KEY AUTOINCREMENT NOT NULL, "title" varchar, "description" text, "starts_at" datetime(6), "ends_at" datetime(6), "status" varchar, "created_at" datetime(6) NOT NULL, "updated_at" datetime(6) NOT NULL, "organization_id" integer, CONSTRAINT "fk_rails_a045ff7652"
FOREIGN KEY ("organization_id")
  REFERENCES "organizations" ("id")
) /*application='RailsProject1'*/[0m
  [1m[35m (0.1ms)[0m  [1m[35mCREATE INDEX "index_maintenance_windows_on_organization_id" ON "maintenance_windows" ("organization_id") /*application='RailsProject1'*/[0m
  [1m[35mSQL (0.1ms)[0m  [1m[32mINSERT INTO "maintenance_windows" ("id","title","description","starts_at","ends_at","status","created_at","updated_at","organization_id")
                     SELECT "id","title","description","starts_at","ends_at","status","created_at","updated_at","organization_id" FROM "amaintenance_windows" /*application='RailsProject1'*/[0m
  [1m[35m (0.1ms)[0m  [1m[35mDROP TABLE "amaintenance_windows" /*application='RailsProject1'*/[0m
  [1m[35m (0.0ms)[0m  [1m[35mPRAGMA defer_foreign_keys = 0 /*application='RailsProject1'*/[0m
  [1m[35m (0.0ms)[0m  [1m[35mPRAGMA foreign_keys = 1 /*application='RailsProject1'*/[0m
  [1m[36mActiveRecord::SchemaMigration Create (0.1ms)[0m  [1m[32mINSERT INTO "schema_migrations" ("version") VALUES ('20260808134319') RETURNING "version" /*application='RailsProject1'*/[0m
  [1m[36mTRANSACTION (0.2ms)[0m  [1m[35mCOMMIT TRANSACTION /*application='RailsProject1'*/[0m
  [1m[36mActiveRecord::SchemaMigration Load (0.1ms)[0m  [1m[34mSELECT "schema_migrations"."version" FROM "schema_migrations" ORDER BY "schema_migrations"."version" ASC /*application='RailsProject1'*/[0m
Using vips to process variants requires the libvips library. Please install libvips using the instructions on the libvips website.
Started GET "/services" for 172.20.0.1 at 2026-08-08 13:52:01 +0000
  [1m[36mActiveRecord::SchemaMigration Load (1.9ms)[0m  [1m[34mSELECT "schema_migrations"."version" FROM "schema_migrations" ORDER BY "schema_migrations"."version" ASC /*application='RailsProject1'*/[0m
  
ActiveRecord::PendingMigrationError (

Migrations are pending. To resolve this issue, run:

        bin/rails db:migrate

You have 3 pending migrations:

db/migrate/20260808134315_create_organizations.rb
db/migrate/20260808134316_create_users.rb
db/migrate/20260808134319_add_organization_to_resources.rb


):
  
activerecord (8.1.3.1) lib/active_record/migration.rb:743:in 'ActiveRecord::Migration.check_pending_migrations'
activerecord (8.1.3.1) lib/active_record/migration.rb:660:in 'block (2 levels) in ActiveRecord::Migration::CheckPending#call'
activesupport (8.1.3.1) lib/active_support/file_update_checker.rb:88:in 'ActiveSupport::FileUpdateChecker#execute'
activesupport (8.1.3.1) lib/active_support/file_update_checker.rb:98:in 'ActiveSupport::FileUpdateChecker#execute_if_updated'
activerecord (8.1.3.1) lib/active_record/migration.rb:667:in 'block in ActiveRecord::Migration::CheckPending#call'
activerecord (8.1.3.1) lib/active_record/migration.rb:657:in 'Thread::Mutex#synchronize'
activerecord (8.1.3.1) lib/active_record/migration.rb:657:in 'ActiveRecord::Migration::CheckPending#call'
actionpack (8.1.3.1) lib/action_dispatch/middleware/callbacks.rb:31:in 'block in ActionDispatch::Callbacks#call'
activesupport (8.1.3.1) lib/active_support/callbacks.rb:101:in 'ActiveSupport::Callbacks#run_callbacks'
actionpack (8.1.3.1) lib/action_dispatch/middleware/callbacks.rb:30:in 'ActionDispatch::Callbacks#call'
actionpack (8.1.3.1) lib/action_dispatch/middleware/executor.rb:20:in 'ActionDispatch::Executor#call'
actionpack (8.1.3.1) lib/action_dispatch/middleware/actionable_exceptions.rb:18:in 'ActionDispatch::ActionableExceptions#call'
actionpack (8.1.3.1) lib/action_dispatch/middleware/debug_exceptions.rb:31:in 'ActionDispatch::DebugExceptions#call'
actionpack (8.1.3.1) lib/action_dispatch/middleware/show_exceptions.rb:32:in 'ActionDispatch::ShowExceptions#call'
railties (8.1.3.1) lib/rails/rack/logger.rb:41:in 'Rails::Rack::Logger#call_app'
railties (8.1.3.1) lib/rails/rack/logger.rb:29:in 'Rails::Rack::Logger#call'
propshaft (1.3.2) lib/propshaft/quiet_assets.rb:11:in 'Propshaft::QuietAssets#call'
actionpack (8.1.3.1) lib/action_dispatch/middleware/remote_ip.rb:98:in 'ActionDispatch::RemoteIp#call'
actionpack (8.1.3.1) lib/action_dispatch/middleware/request_id.rb:34:in 'ActionDispatch::RequestId#call'
rack (3.2.6) lib/rack/method_override.rb:28:in 'Rack::MethodOverride#call'
rack (3.2.6) lib/rack/runtime.rb:24:in 'Rack::Runtime#call'
activesupport (8.1.3.1) lib/active_support/cache/strategy/local_cache_middleware.rb:30:in 'ActiveSupport::Cache::Strategy::LocalCache::Middleware#call'
actionpack (8.1.3.1) lib/action_dispatch/middleware/server_timing.rb:61:in 'block in ActionDispatch::ServerTiming#call'
actionpack (8.1.3.1) lib/action_dispatch/middleware/server_timing.rb:26:in 'ActionDispatch::ServerTiming::Subscriber#collect_events'
actionpack (8.1.3.1) lib/action_dispatch/middleware/server_timing.rb:60:in 'ActionDispatch::ServerTiming#call'
actionpack (8.1.3.1) lib/action_dispatch/middleware/executor.rb:20:in 'ActionDispatch::Executor#call'
propshaft (1.3.2) lib/propshaft/server.rb:37:in 'Propshaft::Server#call'
actionpack (8.1.3.1) lib/action_dispatch/middleware/static.rb:27:in 'ActionDispatch::Static#call'
rack (3.2.6) lib/rack/sendfile.rb:131:in 'Rack::Sendfile#call'
actionpack (8.1.3.1) lib/action_dispatch/middleware/host_authorization.rb:143:in 'ActionDispatch::HostAuthorization#call'
railties (8.1.3.1) lib/rails/engine.rb:534:in 'Rails::Engine#call'
puma (8.0.2) lib/puma/configuration.rb:305:in 'Puma::Configuration::ConfigMiddleware#call'
puma (8.0.2) lib/puma/response.rb:79:in 'block in Puma::Response#handle_request'
puma (8.0.2) lib/puma/thread_pool.rb:434:in 'Puma::ThreadPool#with_force_shutdown'
puma (8.0.2) lib/puma/response.rb:78:in 'Puma::Response#handle_request'
puma (8.0.2) lib/puma/server.rb:508:in 'Puma::Server#process_client'
puma (8.0.2) lib/puma/server.rb:263:in 'block in Puma::Server#run'
puma (8.0.2) lib/puma/thread_pool.rb:246:in 'block in Puma::ThreadPool#spawn_thread'
Started GET "/" for 172.20.0.1 at 2026-08-08 13:52:03 +0000
  [1m[36mActiveRecord::SchemaMigration Load (1.2ms)[0m  [1m[34mSELECT "schema_migrations"."version" FROM "schema_migrations" ORDER BY "schema_migrations"."version" ASC /*application='RailsProject1'*/[0m
  
ActiveRecord::PendingMigrationError (

Migrations are pending. To resolve this issue, run:

        bin/rails db:migrate

You have 3 pending migrations:

db/migrate/20260808134315_create_organizations.rb
db/migrate/20260808134316_create_users.rb
db/migrate/20260808134319_add_organization_to_resources.rb


):
  
activerecord (8.1.3.1) lib/active_record/migration.rb:743:in 'ActiveRecord::Migration.check_pending_migrations'
activerecord (8.1.3.1) lib/active_record/migration.rb:660:in 'block (2 levels) in ActiveRecord::Migration::CheckPending#call'
activesupport (8.1.3.1) lib/active_support/file_update_checker.rb:88:in 'ActiveSupport::FileUpdateChecker#execute'
activerecord (8.1.3.1) lib/active_record/migration.rb:665:in 'block in ActiveRecord::Migration::CheckPending#call'
activerecord (8.1.3.1) lib/active_record/migration.rb:657:in 'Thread::Mutex#synchronize'
activerecord (8.1.3.1) lib/active_record/migration.rb:657:in 'ActiveRecord::Migration::CheckPending#call'
actionpack (8.1.3.1) lib/action_dispatch/middleware/callbacks.rb:31:in 'block in ActionDispatch::Callbacks#call'
activesupport (8.1.3.1) lib/active_support/callbacks.rb:101:in 'ActiveSupport::Callbacks#run_callbacks'
actionpack (8.1.3.1) lib/action_dispatch/middleware/callbacks.rb:30:in 'ActionDispatch::Callbacks#call'
actionpack (8.1.3.1) lib/action_dispatch/middleware/executor.rb:20:in 'ActionDispatch::Executor#call'
actionpack (8.1.3.1) lib/action_dispatch/middleware/actionable_exceptions.rb:18:in 'ActionDispatch::ActionableExceptions#call'
actionpack (8.1.3.1) lib/action_dispatch/middleware/debug_exceptions.rb:31:in 'ActionDispatch::DebugExceptions#call'
actionpack (8.1.3.1) lib/action_dispatch/middleware/show_exceptions.rb:32:in 'ActionDispatch::ShowExceptions#call'
railties (8.1.3.1) lib/rails/rack/logger.rb:41:in 'Rails::Rack::Logger#call_app'
railties (8.1.3.1) lib/rails/rack/logger.rb:29:in 'Rails::Rack::Logger#call'
propshaft (1.3.2) lib/propshaft/quiet_assets.rb:11:in 'Propshaft::QuietAssets#call'
actionpack (8.1.3.1) lib/action_dispatch/middleware/remote_ip.rb:98:in 'ActionDispatch::RemoteIp#call'
actionpack (8.1.3.1) lib/action_dispatch/middleware/request_id.rb:34:in 'ActionDispatch::RequestId#call'
rack (3.2.6) lib/rack/method_override.rb:28:in 'Rack::MethodOverride#call'
rack (3.2.6) lib/rack/runtime.rb:24:in 'Rack::Runtime#call'
activesupport (8.1.3.1) lib/active_support/cache/strategy/local_cache_middleware.rb:30:in 'ActiveSupport::Cache::Strategy::LocalCache::Middleware#call'
actionpack (8.1.3.1) lib/action_dispatch/middleware/server_timing.rb:61:in 'block in ActionDispatch::ServerTiming#call'
actionpack (8.1.3.1) lib/action_dispatch/middleware/server_timing.rb:26:in 'ActionDispatch::ServerTiming::Subscriber#collect_events'
actionpack (8.1.3.1) lib/action_dispatch/middleware/server_timing.rb:60:in 'ActionDispatch::ServerTiming#call'
actionpack (8.1.3.1) lib/action_dispatch/middleware/executor.rb:20:in 'ActionDispatch::Executor#call'
propshaft (1.3.2) lib/propshaft/server.rb:37:in 'Propshaft::Server#call'
actionpack (8.1.3.1) lib/action_dispatch/middleware/static.rb:27:in 'ActionDispatch::Static#call'
rack (3.2.6) lib/rack/sendfile.rb:131:in 'Rack::Sendfile#call'
actionpack (8.1.3.1) lib/action_dispatch/middleware/host_authorization.rb:143:in 'ActionDispatch::HostAuthorization#call'
railties (8.1.3.1) lib/rails/engine.rb:534:in 'Rails::Engine#call'
puma (8.0.2) lib/puma/configuration.rb:305:in 'Puma::Configuration::ConfigMiddleware#call'
puma (8.0.2) lib/puma/response.rb:79:in 'block in Puma::Response#handle_request'
puma (8.0.2) lib/puma/thread_pool.rb:434:in 'Puma::ThreadPool#with_force_shutdown'
puma (8.0.2) lib/puma/response.rb:78:in 'Puma::Response#handle_request'
puma (8.0.2) lib/puma/server.rb:508:in 'Puma::Server#process_client'
puma (8.0.2) lib/puma/server.rb:263:in 'block in Puma::Server#run'
puma (8.0.2) lib/puma/thread_pool.rb:246:in 'block in Puma::ThreadPool#spawn_thread'
Using vips to process variants requires the libvips library. Please install libvips using the instructions on the libvips website.
  [1m[36mActiveRecord::SchemaMigration Load (0.2ms)[0m  [1m[34mSELECT "schema_migrations"."version" FROM "schema_migrations" ORDER BY "schema_migrations"."version" ASC /*application='RailsProject1'*/[0m
  [1m[36mOrganization Load (0.2ms)[0m  [1m[34mSELECT "organizations".* FROM "organizations" WHERE "organizations"."slug" = 'default' LIMIT 1 /*application='RailsProject1'*/[0m
  [1m[36mTRANSACTION (0.1ms)[0m  [1m[35mBEGIN immediate TRANSACTION /*application='RailsProject1'*/[0m
  [1m[36mOrganization Exists? (0.1ms)[0m  [1m[34mSELECT 1 AS one FROM "organizations" WHERE "organizations"."slug" = 'default' LIMIT 1 /*application='RailsProject1'*/[0m
  [1m[36mOrganization Create (0.1ms)[0m  [1m[32mINSERT INTO "organizations" ("name", "slug", "weekly_digest_enabled", "created_at", "updated_at") VALUES ('Acme Global Infrastructure', 'default', TRUE, '2026-08-08 13:52:40.500985', '2026-08-08 13:52:40.500985') RETURNING "id" /*application='RailsProject1'*/[0m
  [1m[36mTRANSACTION (58.7ms)[0m  [1m[35mCOMMIT TRANSACTION /*application='RailsProject1'*/[0m
  [1m[36mUser Load (0.1ms)[0m  [1m[34mSELECT "users".* FROM "users" WHERE "users"."email" = 'admin@statuspulse.local' LIMIT 1 /*application='RailsProject1'*/[0m
  [1m[36mTRANSACTION (0.0ms)[0m  [1m[35mBEGIN immediate TRANSACTION /*application='RailsProject1'*/[0m
  [1m[36mUser Exists? (0.1ms)[0m  [1m[34mSELECT 1 AS one FROM "users" WHERE LOWER("users"."email") = LOWER('admin@statuspulse.local') LIMIT 1 /*application='RailsProject1'*/[0m
  [1m[36mUser Create (0.1ms)[0m  [1m[32mINSERT INTO "users" ("organization_id", "name", "email", "password_digest", "role", "created_at", "updated_at") VALUES (1, 'System Administrator', 'admin@statuspulse.local', '$2a$12$McaVSLZz4Z95iDPMGO.6yuhCsdP5YMfITC9oDr2Gt/mObwJLQUQnK', 'admin', '2026-08-08 13:52:40.762904', '2026-08-08 13:52:40.762904') RETURNING "id" /*application='RailsProject1'*/[0m
  [1m[36mTRANSACTION (0.1ms)[0m  [1m[35mCOMMIT TRANSACTION /*application='RailsProject1'*/[0m
  [1m[36mService Load (0.1ms)[0m  [1m[34mSELECT "services".* FROM "services" WHERE "services"."name" = 'Core API Gateway' LIMIT 1 /*application='RailsProject1'*/[0m
  [1m[36mCheckLog Exists? (0.1ms)[0m  [1m[34mSELECT 1 AS one FROM "check_logs" WHERE "check_logs"."service_id" = 1 LIMIT 1 /*application='RailsProject1'*/[0m
  [1m[36mService Load (0.1ms)[0m  [1m[34mSELECT "services".* FROM "services" WHERE "services"."name" = 'Authentication & Identity Provider' LIMIT 1 /*application='RailsProject1'*/[0m
  [1m[36mCheckLog Exists? (0.0ms)[0m  [1m[34mSELECT 1 AS one FROM "check_logs" WHERE "check_logs"."service_id" = 2 LIMIT 1 /*application='RailsProject1'*/[0m
  [1m[36mService Load (0.1ms)[0m  [1m[34mSELECT "services".* FROM "services" WHERE "services"."name" = 'Payment Processing Engine' LIMIT 1 /*application='RailsProject1'*/[0m
  [1m[36mCheckLog Exists? (0.0ms)[0m  [1m[34mSELECT 1 AS one FROM "check_logs" WHERE "check_logs"."service_id" = 3 LIMIT 1 /*application='RailsProject1'*/[0m
  [1m[36mService Load (0.1ms)[0m  [1m[34mSELECT "services".* FROM "services" WHERE "services"."name" = 'CDN & Static Media Edge' LIMIT 1 /*application='RailsProject1'*/[0m
  [1m[36mCheckLog Exists? (0.0ms)[0m  [1m[34mSELECT 1 AS one FROM "check_logs" WHERE "check_logs"."service_id" = 4 LIMIT 1 /*application='RailsProject1'*/[0m
  [1m[36mService Load (0.1ms)[0m  [1m[34mSELECT "services".* FROM "services" WHERE "services"."name" = 'Database Replication Secondary' LIMIT 1 /*application='RailsProject1'*/[0m
  [1m[36mCheckLog Exists? (0.0ms)[0m  [1m[34mSELECT 1 AS one FROM "check_logs" WHERE "check_logs"."service_id" = 5 LIMIT 1 /*application='RailsProject1'*/[0m
  [1m[36mIncident Exists? (0.0ms)[0m  [1m[34mSELECT 1 AS one FROM "incidents" WHERE "incidents"."title" = 'Elevated Latency on Secondary Database Replicas' LIMIT 1 /*application='RailsProject1'*/[0m
  [1m[36mActiveRecord::SchemaMigration Load (1.3ms)[0m  [1m[34mSELECT "schema_migrations"."version" FROM "schema_migrations" ORDER BY "schema_migrations"."version" ASC /*application='RailsProject1'*/[0m
  [1m[35m (0.2ms)[0m  [1m[34mSELECT pg_try_advisory_lock(7127032176623869020) /*application='RailsProject1'*/[0m
  [1m[36mActiveRecord::SchemaMigration Load (0.2ms)[0m  [1m[34mSELECT "schema_migrations"."version" FROM "schema_migrations" ORDER BY "schema_migrations"."version" ASC /*application='RailsProject1'*/[0m
  [1m[36mActiveRecord::InternalMetadata Load (1.2ms)[0m  [1m[34mSELECT * FROM "ar_internal_metadata" WHERE "ar_internal_metadata"."key" = 'environment' ORDER BY "ar_internal_metadata"."key" ASC LIMIT 1 /*application='RailsProject1'*/[0m
Migrating to CreateOrganizations (20260808134315)
  [1m[36mTRANSACTION (0.1ms)[0m  [1m[35mBEGIN /*application='RailsProject1'*/[0m
  [1m[35m (157.1ms)[0m  [1m[35mCREATE TABLE "organizations" ("id" bigserial primary key, "name" character varying, "slug" character varying, "weekly_digest_enabled" boolean, "created_at" timestamp(6) NOT NULL, "updated_at" timestamp(6) NOT NULL) /*application='RailsProject1'*/[0m
  [1m[36mActiveRecord::SchemaMigration Create (0.2ms)[0m  [1m[32mINSERT INTO "schema_migrations" ("version") VALUES ('20260808134315') RETURNING "version" /*application='RailsProject1'*/[0m
  [1m[36mTRANSACTION (68.4ms)[0m  [1m[35mCOMMIT /*application='RailsProject1'*/[0m
  [1m[35m (0.3ms)[0m  [1m[34mSELECT pg_advisory_unlock(7127032176623869020) /*application='RailsProject1'*/[0m
  [1m[35m (0.2ms)[0m  [1m[34mSELECT pg_try_advisory_lock(7127032176623869020) /*application='RailsProject1'*/[0m
  [1m[36mActiveRecord::SchemaMigration Load (0.2ms)[0m  [1m[34mSELECT "schema_migrations"."version" FROM "schema_migrations" ORDER BY "schema_migrations"."version" ASC /*application='RailsProject1'*/[0m
  [1m[36mActiveRecord::InternalMetadata Load (0.2ms)[0m  [1m[34mSELECT * FROM "ar_internal_metadata" WHERE "ar_internal_metadata"."key" = 'environment' ORDER BY "ar_internal_metadata"."key" ASC LIMIT 1 /*application='RailsProject1'*/[0m
Migrating to CreateUsers (20260808134316)
  [1m[36mTRANSACTION (0.2ms)[0m  [1m[35mBEGIN /*application='RailsProject1'*/[0m
  [1m[35m (197.1ms)[0m  [1m[35mCREATE TABLE "users" ("id" bigserial primary key, "organization_id" bigint NOT NULL, "name" character varying, "email" character varying, "password_digest" character varying, "role" character varying, "created_at" timestamp(6) NOT NULL, "updated_at" timestamp(6) NOT NULL, CONSTRAINT "fk_rails_d7b9ff90af"
FOREIGN KEY ("organization_id")
  REFERENCES "organizations" ("id")
) /*application='RailsProject1'*/[0m
  [1m[35m (69.4ms)[0m  [1m[35mCREATE INDEX "index_users_on_organization_id" ON "users" ("organization_id") /*application='RailsProject1'*/[0m
  [1m[36mActiveRecord::SchemaMigration Create (0.3ms)[0m  [1m[32mINSERT INTO "schema_migrations" ("version") VALUES ('20260808134316') RETURNING "version" /*application='RailsProject1'*/[0m
  [1m[36mTRANSACTION (54.9ms)[0m  [1m[35mCOMMIT /*application='RailsProject1'*/[0m
  [1m[35m (0.3ms)[0m  [1m[34mSELECT pg_advisory_unlock(7127032176623869020) /*application='RailsProject1'*/[0m
  [1m[35m (0.1ms)[0m  [1m[34mSELECT pg_try_advisory_lock(7127032176623869020) /*application='RailsProject1'*/[0m
  [1m[36mActiveRecord::SchemaMigration Load (0.2ms)[0m  [1m[34mSELECT "schema_migrations"."version" FROM "schema_migrations" ORDER BY "schema_migrations"."version" ASC /*application='RailsProject1'*/[0m
  [1m[36mActiveRecord::InternalMetadata Load (0.2ms)[0m  [1m[34mSELECT * FROM "ar_internal_metadata" WHERE "ar_internal_metadata"."key" = 'environment' ORDER BY "ar_internal_metadata"."key" ASC LIMIT 1 /*application='RailsProject1'*/[0m
Migrating to AddOrganizationToResources (20260808134319)
  [1m[36mTRANSACTION (0.1ms)[0m  [1m[35mBEGIN /*application='RailsProject1'*/[0m
  [1m[35m (1.9ms)[0m  [1m[35mALTER TABLE "services" ADD "organization_id" bigint /*application='RailsProject1'*/[0m
  [1m[35m (78.3ms)[0m  [1m[35mCREATE INDEX "index_services_on_organization_id" ON "services" ("organization_id") /*application='RailsProject1'*/[0m
  [1m[35m (1.7ms)[0m  [1m[35mALTER TABLE "services" ADD CONSTRAINT "fk_rails_2e9f369e43"
FOREIGN KEY ("organization_id")
  REFERENCES "organizations" ("id")
 /*application='RailsProject1'*/[0m
  [1m[35m (0.4ms)[0m  [1m[35mALTER TABLE "incidents" ADD "organization_id" bigint /*application='RailsProject1'*/[0m
  [1m[35m (133.1ms)[0m  [1m[35mCREATE INDEX "index_incidents_on_organization_id" ON "incidents" ("organization_id") /*application='RailsProject1'*/[0m
  [1m[35m (1.2ms)[0m  [1m[35mALTER TABLE "incidents" ADD CONSTRAINT "fk_rails_5b1d913b7c"
FOREIGN KEY ("organization_id")
  REFERENCES "organizations" ("id")
 /*application='RailsProject1'*/[0m
  [1m[35m (0.4ms)[0m  [1m[35mALTER TABLE "maintenance_windows" ADD "organization_id" bigint /*application='RailsProject1'*/[0m
  [1m[35m (67.7ms)[0m  [1m[35mCREATE INDEX "index_maintenance_windows_on_organization_id" ON "maintenance_windows" ("organization_id") /*application='RailsProject1'*/[0m
  [1m[35m (1.6ms)[0m  [1m[35mALTER TABLE "maintenance_windows" ADD CONSTRAINT "fk_rails_a045ff7652"
FOREIGN KEY ("organization_id")
  REFERENCES "organizations" ("id")
 /*application='RailsProject1'*/[0m
  [1m[36mActiveRecord::SchemaMigration Create (0.2ms)[0m  [1m[32mINSERT INTO "schema_migrations" ("version") VALUES ('20260808134319') RETURNING "version" /*application='RailsProject1'*/[0m
  [1m[36mTRANSACTION (67.3ms)[0m  [1m[35mCOMMIT /*application='RailsProject1'*/[0m
  [1m[35m (0.2ms)[0m  [1m[34mSELECT pg_advisory_unlock(7127032176623869020) /*application='RailsProject1'*/[0m
  [1m[36mActiveRecord::SchemaMigration Load (1.1ms)[0m  [1m[34mSELECT "schema_migrations"."version" FROM "schema_migrations" ORDER BY "schema_migrations"."version" ASC /*application='RailsProject1'*/[0m
  [1m[35m (0.2ms)[0m  [1m[34mSELECT pg_try_advisory_lock(8238402686501425095) /*application='RailsProject1'*/[0m
  [1m[36mActiveRecord::SchemaMigration Load (1.3ms)[0m  [1m[34mSELECT "schema_migrations"."version" FROM "schema_migrations" ORDER BY "schema_migrations"."version" ASC /*application='RailsProject1'*/[0m
  [1m[36mActiveRecord::InternalMetadata Load (1.2ms)[0m  [1m[34mSELECT * FROM "ar_internal_metadata" WHERE "ar_internal_metadata"."key" = 'environment' ORDER BY "ar_internal_metadata"."key" ASC LIMIT 1 /*application='RailsProject1'*/[0m
Migrating to CreateOrganizations (20260808134315)
  [1m[36mTRANSACTION (0.1ms)[0m  [1m[35mBEGIN /*application='RailsProject1'*/[0m
  [1m[35m (131.4ms)[0m  [1m[35mCREATE TABLE "organizations" ("id" bigserial primary key, "name" character varying, "slug" character varying, "weekly_digest_enabled" boolean, "created_at" timestamp(6) NOT NULL, "updated_at" timestamp(6) NOT NULL) /*application='RailsProject1'*/[0m
  [1m[36mActiveRecord::SchemaMigration Create (0.3ms)[0m  [1m[32mINSERT INTO "schema_migrations" ("version") VALUES ('20260808134315') RETURNING "version" /*application='RailsProject1'*/[0m
  [1m[36mTRANSACTION (69.9ms)[0m  [1m[35mCOMMIT /*application='RailsProject1'*/[0m
  [1m[35m (0.3ms)[0m  [1m[34mSELECT pg_advisory_unlock(8238402686501425095) /*application='RailsProject1'*/[0m
  [1m[35m (0.2ms)[0m  [1m[34mSELECT pg_try_advisory_lock(8238402686501425095) /*application='RailsProject1'*/[0m
  [1m[36mActiveRecord::SchemaMigration Load (1.2ms)[0m  [1m[34mSELECT "schema_migrations"."version" FROM "schema_migrations" ORDER BY "schema_migrations"."version" ASC /*application='RailsProject1'*/[0m
  [1m[36mActiveRecord::InternalMetadata Load (1.1ms)[0m  [1m[34mSELECT * FROM "ar_internal_metadata" WHERE "ar_internal_metadata"."key" = 'environment' ORDER BY "ar_internal_metadata"."key" ASC LIMIT 1 /*application='RailsProject1'*/[0m
Migrating to CreateUsers (20260808134316)
  [1m[36mTRANSACTION (0.2ms)[0m  [1m[35mBEGIN /*application='RailsProject1'*/[0m
  [1m[35m (114.0ms)[0m  [1m[35mCREATE TABLE "users" ("id" bigserial primary key, "organization_id" bigint NOT NULL, "name" character varying, "email" character varying, "password_digest" character varying, "role" character varying, "created_at" timestamp(6) NOT NULL, "updated_at" timestamp(6) NOT NULL, CONSTRAINT "fk_rails_d7b9ff90af"
FOREIGN KEY ("organization_id")
  REFERENCES "organizations" ("id")
) /*application='RailsProject1'*/[0m
  [1m[35m (85.9ms)[0m  [1m[35mCREATE INDEX "index_users_on_organization_id" ON "users" ("organization_id") /*application='RailsProject1'*/[0m
  [1m[36mActiveRecord::SchemaMigration Create (0.2ms)[0m  [1m[32mINSERT INTO "schema_migrations" ("version") VALUES ('20260808134316') RETURNING "version" /*application='RailsProject1'*/[0m
  [1m[36mTRANSACTION (130.0ms)[0m  [1m[35mCOMMIT /*application='RailsProject1'*/[0m
  [1m[35m (0.3ms)[0m  [1m[34mSELECT pg_advisory_unlock(8238402686501425095) /*application='RailsProject1'*/[0m
  [1m[35m (0.2ms)[0m  [1m[34mSELECT pg_try_advisory_lock(8238402686501425095) /*application='RailsProject1'*/[0m
  [1m[36mActiveRecord::SchemaMigration Load (1.1ms)[0m  [1m[34mSELECT "schema_migrations"."version" FROM "schema_migrations" ORDER BY "schema_migrations"."version" ASC /*application='RailsProject1'*/[0m
  [1m[36mActiveRecord::InternalMetadata Load (1.1ms)[0m  [1m[34mSELECT * FROM "ar_internal_metadata" WHERE "ar_internal_metadata"."key" = 'environment' ORDER BY "ar_internal_metadata"."key" ASC LIMIT 1 /*application='RailsProject1'*/[0m
Migrating to AddOrganizationToResources (20260808134319)
  [1m[36mTRANSACTION (0.2ms)[0m  [1m[35mBEGIN /*application='RailsProject1'*/[0m
  [1m[35m (2.1ms)[0m  [1m[35mALTER TABLE "services" ADD "organization_id" bigint /*application='RailsProject1'*/[0m
  [1m[35m (41.3ms)[0m  [1m[35mCREATE INDEX "index_services_on_organization_id" ON "services" ("organization_id") /*application='RailsProject1'*/[0m
  [1m[35m (2.5ms)[0m  [1m[35mALTER TABLE "services" ADD CONSTRAINT "fk_rails_2e9f369e43"
FOREIGN KEY ("organization_id")
  REFERENCES "organizations" ("id")
 /*application='RailsProject1'*/[0m
  [1m[35m (0.5ms)[0m  [1m[35mALTER TABLE "incidents" ADD "organization_id" bigint /*application='RailsProject1'*/[0m
  [1m[35m (80.7ms)[0m  [1m[35mCREATE INDEX "index_incidents_on_organization_id" ON "incidents" ("organization_id") /*application='RailsProject1'*/[0m
  [1m[35m (1.6ms)[0m  [1m[35mALTER TABLE "incidents" ADD CONSTRAINT "fk_rails_5b1d913b7c"
FOREIGN KEY ("organization_id")
  REFERENCES "organizations" ("id")
 /*application='RailsProject1'*/[0m
  [1m[35m (0.5ms)[0m  [1m[35mALTER TABLE "maintenance_windows" ADD "organization_id" bigint /*application='RailsProject1'*/[0m
  [1m[35m (127.7ms)[0m  [1m[35mCREATE INDEX "index_maintenance_windows_on_organization_id" ON "maintenance_windows" ("organization_id") /*application='RailsProject1'*/[0m
  [1m[35m (1.6ms)[0m  [1m[35mALTER TABLE "maintenance_windows" ADD CONSTRAINT "fk_rails_a045ff7652"
FOREIGN KEY ("organization_id")
  REFERENCES "organizations" ("id")
 /*application='RailsProject1'*/[0m
  [1m[36mActiveRecord::SchemaMigration Create (0.2ms)[0m  [1m[32mINSERT INTO "schema_migrations" ("version") VALUES ('20260808134319') RETURNING "version" /*application='RailsProject1'*/[0m
  [1m[36mTRANSACTION (66.3ms)[0m  [1m[35mCOMMIT /*application='RailsProject1'*/[0m
  [1m[35m (0.3ms)[0m  [1m[34mSELECT pg_advisory_unlock(8238402686501425095) /*application='RailsProject1'*/[0m
  [1m[36mActiveRecord::SchemaMigration Load (1.2ms)[0m  [1m[34mSELECT "schema_migrations"."version" FROM "schema_migrations" ORDER BY "schema_migrations"."version" ASC /*application='RailsProject1'*/[0m
  [1m[35mSQL (0.1ms)[0m  [1m[35mSET search_path TO public /*application='RailsProject1'*/[0m
  [1m[35mSQL (0.1ms)[0m  [1m[35mSET search_path TO "$user", public /*application='RailsProject1'*/[0m
  [1m[35mSQL (0.1ms)[0m  [1m[35mSET search_path TO public /*application='RailsProject1'*/[0m
  [1m[35mSQL (0.1ms)[0m  [1m[35mSET search_path TO "$user", public /*application='RailsProject1'*/[0m
  [1m[36mActiveRecord::SchemaMigration Load (1.3ms)[0m  [1m[34mSELECT "schema_migrations"."version" FROM "schema_migrations" ORDER BY "schema_migrations"."version" ASC /*application='RailsProject1'*/[0m
  [1m[35mSQL (0.1ms)[0m  [1m[35mSET search_path TO public /*application='RailsProject1'*/[0m
  [1m[35mSQL (0.1ms)[0m  [1m[35mSET search_path TO "$user", public /*application='RailsProject1'*/[0m
  [1m[35mSQL (0.1ms)[0m  [1m[35mSET search_path TO public /*application='RailsProject1'*/[0m
  [1m[35mSQL (0.1ms)[0m  [1m[35mSET search_path TO "$user", public /*application='RailsProject1'*/[0m
  [1m[36mActiveRecord::SchemaMigration Load (1.1ms)[0m  [1m[34mSELECT "schema_migrations"."version" FROM "schema_migrations" ORDER BY "schema_migrations"."version" ASC /*application='RailsProject1'*/[0m
  [1m[36mOrganization Load (0.8ms)[0m  [1m[34mSELECT "organizations".* FROM "organizations" WHERE "organizations"."slug" = 'default' LIMIT 1 /*application='RailsProject1'*/[0m
  [1m[36mTRANSACTION (0.1ms)[0m  [1m[35mBEGIN /*application='RailsProject1'*/[0m
  [1m[36mOrganization Exists? (0.2ms)[0m  [1m[34mSELECT 1 AS one FROM "organizations" WHERE "organizations"."slug" = 'default' LIMIT 1 /*application='RailsProject1'*/[0m
  [1m[36mOrganization Create (0.5ms)[0m  [1m[32mINSERT INTO "organizations" ("name", "slug", "weekly_digest_enabled", "created_at", "updated_at") VALUES ('Acme Global Infrastructure', 'default', TRUE, '2026-08-08 14:03:32.938340', '2026-08-08 14:03:32.938340') RETURNING "id" /*application='RailsProject1'*/[0m
  [1m[36mTRANSACTION (134.9ms)[0m  [1m[35mCOMMIT /*application='RailsProject1'*/[0m
  [1m[36mUser Load (0.6ms)[0m  [1m[34mSELECT "users".* FROM "users" WHERE "users"."email" = 'admin@statuspulse.local' LIMIT 1 /*application='RailsProject1'*/[0m
  [1m[36mTRANSACTION (0.1ms)[0m  [1m[35mBEGIN /*application='RailsProject1'*/[0m
  [1m[36mUser Exists? (0.3ms)[0m  [1m[34mSELECT 1 AS one FROM "users" WHERE LOWER("users"."email") = LOWER('admin@statuspulse.local') LIMIT 1 /*application='RailsProject1'*/[0m
  [1m[36mUser Create (0.6ms)[0m  [1m[32mINSERT INTO "users" ("organization_id", "name", "email", "password_digest", "role", "created_at", "updated_at") VALUES (1, 'System Administrator', 'admin@statuspulse.local', '$2a$12$wgnp5aw2l3qJlZz9ZH0BpungVWrD95Itt4lRifmHAqFS9Tt0v1tOq', 'admin', '2026-08-08 14:03:33.284055', '2026-08-08 14:03:33.284055') RETURNING "id" /*application='RailsProject1'*/[0m
  [1m[36mTRANSACTION (60.9ms)[0m  [1m[35mCOMMIT /*application='RailsProject1'*/[0m
  [1m[36mService Load (0.9ms)[0m  [1m[34mSELECT "services".* FROM "services" WHERE "services"."name" = 'Core API Gateway' LIMIT 1 /*application='RailsProject1'*/[0m
  [1m[36mCheckLog Exists? (0.5ms)[0m  [1m[34mSELECT 1 AS one FROM "check_logs" WHERE "check_logs"."service_id" = 1 LIMIT 1 /*application='RailsProject1'*/[0m
  [1m[36mService Load (0.2ms)[0m  [1m[34mSELECT "services".* FROM "services" WHERE "services"."name" = 'Authentication & Identity Provider' LIMIT 1 /*application='RailsProject1'*/[0m
  [1m[36mCheckLog Exists? (0.2ms)[0m  [1m[34mSELECT 1 AS one FROM "check_logs" WHERE "check_logs"."service_id" = 2 LIMIT 1 /*application='RailsProject1'*/[0m
  [1m[36mService Load (0.2ms)[0m  [1m[34mSELECT "services".* FROM "services" WHERE "services"."name" = 'Payment Processing Engine' LIMIT 1 /*application='RailsProject1'*/[0m
  [1m[36mCheckLog Exists? (0.2ms)[0m  [1m[34mSELECT 1 AS one FROM "check_logs" WHERE "check_logs"."service_id" = 3 LIMIT 1 /*application='RailsProject1'*/[0m
  [1m[36mService Load (0.2ms)[0m  [1m[34mSELECT "services".* FROM "services" WHERE "services"."name" = 'CDN & Static Media Edge' LIMIT 1 /*application='RailsProject1'*/[0m
  [1m[36mCheckLog Exists? (0.2ms)[0m  [1m[34mSELECT 1 AS one FROM "check_logs" WHERE "check_logs"."service_id" = 4 LIMIT 1 /*application='RailsProject1'*/[0m
  [1m[36mService Load (0.2ms)[0m  [1m[34mSELECT "services".* FROM "services" WHERE "services"."name" = 'Database Replication Secondary' LIMIT 1 /*application='RailsProject1'*/[0m
  [1m[36mCheckLog Exists? (0.2ms)[0m  [1m[34mSELECT 1 AS one FROM "check_logs" WHERE "check_logs"."service_id" = 5 LIMIT 1 /*application='RailsProject1'*/[0m
  [1m[36mIncident Exists? (0.4ms)[0m  [1m[34mSELECT 1 AS one FROM "incidents" WHERE "incidents"."title" = 'Elevated Latency on Secondary Database Replicas' LIMIT 1 /*application='RailsProject1'*/[0m
Started HEAD "/status/default" for 172.20.0.1 at 2026-08-08 14:03:36 +0000
  [1m[36mActiveRecord::SchemaMigration Load (1.4ms)[0m  [1m[34mSELECT "schema_migrations"."version" FROM "schema_migrations" ORDER BY "schema_migrations"."version" ASC /*application='RailsProject1'*/[0m
Processing by StatusPageController#show as HTML
  Parameters: {"org_slug" => "default"}
  [1m[36mOrganization Load (1.2ms)[0m  [1m[34mSELECT "organizations".* FROM "organizations" ORDER BY "organizations"."id" ASC LIMIT 1 /*action='show',application='RailsProject1',controller='status_page'*/[0m
  ↳ app/controllers/application_controller.rb:17:in 'ApplicationController#set_current_context'
  [1m[36mOrganization Load (0.9ms)[0m  [1m[34mSELECT "organizations".* FROM "organizations" WHERE "organizations"."slug" = 'default' LIMIT 1 /*action='show',application='RailsProject1',controller='status_page'*/[0m
  ↳ app/controllers/status_page_controller.rb:6:in 'StatusPageController#show'
  [1m[36mService Load (1.1ms)[0m  [1m[34mSELECT "services".* FROM "services" WHERE "services"."organization_id" = 1 ORDER BY "services"."position" ASC, "services"."name" ASC /*action='show',application='RailsProject1',controller='status_page'*/[0m
  ↳ app/controllers/status_page_controller.rb:22:in 'Enumerable#map'
  Rendering layout layouts/status_page.html.erb
  Rendering status_page/show.html.erb within layouts/status_page
  [1m[36mIncident Exists? (0.7ms)[0m  [1m[34mSELECT 1 AS one FROM "incidents" WHERE "incidents"."organization_id" = 1 AND "incidents"."status" != 'resolved' LIMIT 1 /*action='show',application='RailsProject1',controller='status_page'*/[0m
  ↳ app/views/status_page/show.html.erb:34
  [1m[36mIncident Load (1.0ms)[0m  [1m[34mSELECT "incidents".* FROM "incidents" WHERE "incidents"."organization_id" = 1 ORDER BY "incidents"."created_at" DESC LIMIT 10 /*action='show',application='RailsProject1',controller='status_page'*/[0m
  ↳ app/views/status_page/show.html.erb:111
  Rendered status_page/show.html.erb within layouts/status_page (Duration: 4.0ms | GC: 0.0ms)
  Rendered layout layouts/status_page.html.erb (Duration: 27.9ms | GC: 18.1ms)
Completed 200 OK in 115ms (Views: 30.6ms | ActiveRecord: 48.9ms (5 queries, 0 cached) | GC: 18.1ms)


Started GET "/status/default" for 172.20.0.1 at 2026-08-08 14:03:36 +0000
Processing by StatusPageController#show as HTML
  Parameters: {"org_slug" => "default"}
  [1m[36mOrganization Load (0.3ms)[0m  [1m[34mSELECT "organizations".* FROM "organizations" ORDER BY "organizations"."id" ASC LIMIT 1 /*action='show',application='RailsProject1',controller='status_page'*/[0m
  ↳ app/controllers/application_controller.rb:17:in 'ApplicationController#set_current_context'
  [1m[36mOrganization Load (0.2ms)[0m  [1m[34mSELECT "organizations".* FROM "organizations" WHERE "organizations"."slug" = 'default' LIMIT 1 /*action='show',application='RailsProject1',controller='status_page'*/[0m
  ↳ app/controllers/status_page_controller.rb:6:in 'StatusPageController#show'
  [1m[36mService Load (0.3ms)[0m  [1m[34mSELECT "services".* FROM "services" WHERE "services"."organization_id" = 1 ORDER BY "services"."position" ASC, "services"."name" ASC /*action='show',application='RailsProject1',controller='status_page'*/[0m
  ↳ app/controllers/status_page_controller.rb:22:in 'Enumerable#map'
  Rendering layout layouts/status_page.html.erb
  Rendering status_page/show.html.erb within layouts/status_page
  [1m[36mIncident Exists? (0.2ms)[0m  [1m[34mSELECT 1 AS one FROM "incidents" WHERE "incidents"."organization_id" = 1 AND "incidents"."status" != 'resolved' LIMIT 1 /*action='show',application='RailsProject1',controller='status_page'*/[0m
  ↳ app/views/status_page/show.html.erb:34
  [1m[36mIncident Load (0.2ms)[0m  [1m[34mSELECT "incidents".* FROM "incidents" WHERE "incidents"."organization_id" = 1 ORDER BY "incidents"."created_at" DESC LIMIT 10 /*action='show',application='RailsProject1',controller='status_page'*/[0m
  ↳ app/views/status_page/show.html.erb:111
  Rendered status_page/show.html.erb within layouts/status_page (Duration: 1.7ms | GC: 0.0ms)
  Rendered layout layouts/status_page.html.erb (Duration: 2.3ms | GC: 0.0ms)
Completed 200 OK in 8ms (Views: 2.2ms | ActiveRecord: 1.2ms (5 queries, 0 cached) | GC: 0.5ms)


Started GET "/" for 172.20.0.1 at 2026-08-08 14:12:54 +0000
Processing by DashboardController#index as HTML
  [1m[36mOrganization Load (29.4ms)[0m  [1m[34mSELECT "organizations".* FROM "organizations" ORDER BY "organizations"."id" ASC LIMIT 1 /*action='index',application='RailsProject1',controller='dashboard'*/[0m
  ↳ app/controllers/application_controller.rb:17:in 'ApplicationController#set_current_context'
Redirected to http://localhost:3001/login
↳ app/controllers/application_controller.rb:23:in 'ApplicationController#require_login'
Filter chain halted as :require_login rendered or redirected
Completed 302 Found in 44ms (ActiveRecord: 35.6ms (1 query, 0 cached) | GC: 13.4ms)


Started GET "/login" for 172.20.0.1 at 2026-08-08 14:12:54 +0000
Processing by SessionsController#new as HTML
  [1m[36mOrganization Load (0.3ms)[0m  [1m[34mSELECT "organizations".* FROM "organizations" ORDER BY "organizations"."id" ASC LIMIT 1 /*action='new',application='RailsProject1',controller='sessions'*/[0m
  ↳ app/controllers/application_controller.rb:17:in 'ApplicationController#set_current_context'
  Rendering layout layouts/application.html.erb
  Rendering sessions/new.html.erb within layouts/application
  Rendered sessions/new.html.erb within layouts/application (Duration: 5.2ms | GC: 1.6ms)
  Rendered layout layouts/application.html.erb (Duration: 7.9ms | GC: 3.1ms)
Completed 200 OK in 14ms (Views: 9.4ms | ActiveRecord: 0.3ms (1 query, 0 cached) | GC: 6.1ms)


Started POST "/login" for 172.20.0.1 at 2026-08-08 14:13:06 +0000
Processing by SessionsController#create as TURBO_STREAM
  Parameters: {"authenticity_token" => "[FILTERED]", "email" => "[FILTERED]", "password" => "[FILTERED]", "commit" => "Sign In"}
  [1m[36mOrganization Load (0.3ms)[0m  [1m[34mSELECT "organizations".* FROM "organizations" ORDER BY "organizations"."id" ASC LIMIT 1 /*action='create',application='RailsProject1',controller='sessions'*/[0m
  ↳ app/controllers/application_controller.rb:17:in 'ApplicationController#set_current_context'
  [1m[36mUser Load (1.2ms)[0m  [1m[34mSELECT "users".* FROM "users" WHERE "users"."email" = 'admin@statuspulse.local' LIMIT 1 /*action='create',application='RailsProject1',controller='sessions'*/[0m
  ↳ app/controllers/sessions_controller.rb:6:in 'SessionsController#create'
Redirected to http://localhost:3001/
↳ app/controllers/sessions_controller.rb:9:in 'SessionsController#create'
Completed 302 Found in 207ms (ActiveRecord: 6.4ms (2 queries, 0 cached) | GC: 1.1ms)


Started GET "/" for 172.20.0.1 at 2026-08-08 14:13:06 +0000
Processing by DashboardController#index as TURBO_STREAM
  [1m[36mUser Load (0.5ms)[0m  [1m[34mSELECT "users".* FROM "users" WHERE "users"."id" = 1 LIMIT 1 /*action='index',application='RailsProject1',controller='dashboard'*/[0m
  ↳ app/controllers/application_controller.rb:9:in 'ApplicationController#set_current_context'
  [1m[36mOrganization Load (0.3ms)[0m  [1m[34mSELECT "organizations".* FROM "organizations" WHERE "organizations"."id" = 1 LIMIT 1 /*action='index',application='RailsProject1',controller='dashboard'*/[0m
  ↳ app/controllers/application_controller.rb:12:in 'ApplicationController#set_current_context'
  [1m[36mService Load (1.3ms)[0m  [1m[34mSELECT "services".* FROM "services" WHERE "services"."organization_id" = 1 ORDER BY "services"."position" ASC, "services"."name" ASC /*action='index',application='RailsProject1',controller='dashboard'*/[0m
  ↳ app/controllers/dashboard_controller.rb:15:in 'Enumerable#map'
  Rendering layout layouts/application.html.erb
  Rendering dashboard/index.html.erb within layouts/application
  [1m[36mIncident Exists? (0.8ms)[0m  [1m[34mSELECT 1 AS one FROM "incidents" WHERE "incidents"."organization_id" = 1 AND "incidents"."status" != 'resolved' LIMIT 1 /*action='index',application='RailsProject1',controller='dashboard'*/[0m
  ↳ app/views/dashboard/index.html.erb:51
  [1m[36mIncident Count (0.4ms)[0m  [1m[34mSELECT COUNT(*) FROM "incidents" WHERE "incidents"."organization_id" = 1 AND "incidents"."status" != 'resolved' /*action='index',application='RailsProject1',controller='dashboard'*/[0m
  ↳ app/views/dashboard/index.html.erb:52
  [1m[36mCACHE Incident Exists? (0.0ms)[0m  [1m[34mSELECT 1 AS one FROM "incidents" WHERE "incidents"."organization_id" = 1 AND "incidents"."status" != 'resolved' LIMIT 1[0m
  ↳ app/views/dashboard/index.html.erb:57
  Rendered dashboard/index.html.erb within layouts/application (Duration: 7.6ms | GC: 0.0ms)
  Rendered layout layouts/application.html.erb (Duration: 8.8ms | GC: 0.1ms)
Completed 200 OK in 19ms (Views: 8.1ms | ActiveRecord: 3.3ms (6 queries, 1 cached) | GC: 0.5ms)


Started GET "/cable" for 172.20.0.1 at 2026-08-08 14:13:06 +0000
Started GET "/cable" [WebSocket] for 172.20.0.1 at 2026-08-08 14:13:06 +0000
Successfully upgraded to WebSocket (REQUEST_METHOD: GET, HTTP_CONNECTION: Upgrade, HTTP_UPGRADE: websocket)
Turbo::StreamsChannel is transmitting the subscription confirmation
Turbo::StreamsChannel is streaming from services_status
Started GET "/services" for 172.20.0.1 at 2026-08-08 14:13:11 +0000
Processing by ServicesController#index as HTML
  [1m[36mUser Load (0.3ms)[0m  [1m[34mSELECT "users".* FROM "users" WHERE "users"."id" = 1 LIMIT 1 /*action='index',application='RailsProject1',controller='services'*/[0m
  ↳ app/controllers/application_controller.rb:9:in 'ApplicationController#set_current_context'
  [1m[36mOrganization Load (0.2ms)[0m  [1m[34mSELECT "organizations".* FROM "organizations" WHERE "organizations"."id" = 1 LIMIT 1 /*action='index',application='RailsProject1',controller='services'*/[0m
  ↳ app/controllers/application_controller.rb:12:in 'ApplicationController#set_current_context'
  Rendering layout layouts/application.html.erb
  Rendering services/index.html.erb within layouts/application
  [1m[36mService Load (0.3ms)[0m  [1m[34mSELECT "services".* FROM "services" WHERE "services"."organization_id" = 1 ORDER BY "services"."position" ASC, "services"."name" ASC /*action='index',application='RailsProject1',controller='services'*/[0m
  ↳ app/views/services/index.html.erb:16
  Rendered services/index.html.erb within layouts/application (Duration: 1.3ms | GC: 0.0ms)
  Rendered layout layouts/application.html.erb (Duration: 2.2ms | GC: 0.0ms)
Completed 200 OK in 6ms (Views: 2.4ms | ActiveRecord: 0.8ms (3 queries, 0 cached) | GC: 0.0ms)


Started GET "/incidents/new" for 172.20.0.1 at 2026-08-08 14:13:13 +0000
Processing by IncidentsController#new as HTML
  [1m[36mUser Load (0.3ms)[0m  [1m[34mSELECT "users".* FROM "users" WHERE "users"."id" = 1 LIMIT 1 /*action='new',application='RailsProject1',controller='incidents'*/[0m
  ↳ app/controllers/application_controller.rb:9:in 'ApplicationController#set_current_context'
  [1m[36mOrganization Load (0.2ms)[0m  [1m[34mSELECT "organizations".* FROM "organizations" WHERE "organizations"."id" = 1 LIMIT 1 /*action='new',application='RailsProject1',controller='incidents'*/[0m
  ↳ app/controllers/application_controller.rb:12:in 'ApplicationController#set_current_context'
  Rendering layout layouts/application.html.erb
  Rendering incidents/new.html.erb within layouts/application
  [1m[36mService Load (0.3ms)[0m  [1m[34mSELECT "services".* FROM "services" ORDER BY "services"."position" ASC, "services"."name" ASC /*action='new',application='RailsProject1',controller='incidents'*/[0m
  ↳ app/views/incidents/_form.html.erb:43
  Rendered incidents/_form.html.erb (Duration: 16.6ms | GC: 1.0ms)
  Rendered incidents/new.html.erb within layouts/application (Duration: 17.1ms | GC: 1.0ms)
  Rendered layout layouts/application.html.erb (Duration: 17.9ms | GC: 1.0ms)
Completed 200 OK in 24ms (Views: 16.8ms | ActiveRecord: 2.1ms (3 queries, 0 cached) | GC: 1.1ms)


Started GET "/services" for 172.20.0.1 at 2026-08-08 14:13:15 +0000
Processing by ServicesController#index as HTML
  [1m[36mUser Load (0.4ms)[0m  [1m[34mSELECT "users".* FROM "users" WHERE "users"."id" = 1 LIMIT 1 /*action='index',application='RailsProject1',controller='services'*/[0m
  ↳ app/controllers/application_controller.rb:9:in 'ApplicationController#set_current_context'
  [1m[36mOrganization Load (0.3ms)[0m  [1m[34mSELECT "organizations".* FROM "organizations" WHERE "organizations"."id" = 1 LIMIT 1 /*action='index',application='RailsProject1',controller='services'*/[0m
  ↳ app/controllers/application_controller.rb:12:in 'ApplicationController#set_current_context'
  Rendering layout layouts/application.html.erb
  Rendering services/index.html.erb within layouts/application
  [1m[36mService Load (0.4ms)[0m  [1m[34mSELECT "services".* FROM "services" WHERE "services"."organization_id" = 1 ORDER BY "services"."position" ASC, "services"."name" ASC /*action='index',application='RailsProject1',controller='services'*/[0m
  ↳ app/views/services/index.html.erb:16
  Rendered services/index.html.erb within layouts/application (Duration: 1.2ms | GC: 0.0ms)
  Rendered layout layouts/application.html.erb (Duration: 2.0ms | GC: 0.0ms)
Completed 200 OK in 6ms (Views: 1.9ms | ActiveRecord: 1.1ms (3 queries, 0 cached) | GC: 0.0ms)


Started GET "/incidents" for 172.20.0.1 at 2026-08-08 14:13:16 +0000
Processing by IncidentsController#index as HTML
  [1m[36mUser Load (0.4ms)[0m  [1m[34mSELECT "users".* FROM "users" WHERE "users"."id" = 1 LIMIT 1 /*action='index',application='RailsProject1',controller='incidents'*/[0m
  ↳ app/controllers/application_controller.rb:9:in 'ApplicationController#set_current_context'
  [1m[36mOrganization Load (0.2ms)[0m  [1m[34mSELECT "organizations".* FROM "organizations" WHERE "organizations"."id" = 1 LIMIT 1 /*action='index',application='RailsProject1',controller='incidents'*/[0m
  ↳ app/controllers/application_controller.rb:12:in 'ApplicationController#set_current_context'
  Rendering layout layouts/application.html.erb
  Rendering incidents/index.html.erb within layouts/application
  [1m[36mIncident Count (0.2ms)[0m  [1m[34mSELECT COUNT(*) FROM "incidents" WHERE "incidents"."status" != 'resolved' /*action='index',application='RailsProject1',controller='incidents'*/[0m
  ↳ app/views/incidents/index.html.erb:15
  [1m[36mIncident Exists? (0.3ms)[0m  [1m[34mSELECT 1 AS one FROM "incidents" WHERE "incidents"."status" != 'resolved' LIMIT 1 /*action='index',application='RailsProject1',controller='incidents'*/[0m
  ↳ app/views/incidents/index.html.erb:17
  [1m[36mIncident Load (0.9ms)[0m  [1m[34mSELECT "incidents".* FROM "incidents" WHERE "incidents"."status" != 'resolved' ORDER BY "incidents"."created_at" DESC /*action='index',application='RailsProject1',controller='incidents'*/[0m
  ↳ app/views/incidents/index.html.erb:25
  [1m[36mIncident Count (0.2ms)[0m  [1m[34mSELECT COUNT(*) FROM "incidents" WHERE "incidents"."status" = 'resolved' /*action='index',application='RailsProject1',controller='incidents'*/[0m
  ↳ app/views/incidents/index.html.erb:45
  [1m[36mIncident Exists? (0.2ms)[0m  [1m[34mSELECT 1 AS one FROM "incidents" WHERE "incidents"."status" = 'resolved' LIMIT 1 /*action='index',application='RailsProject1',controller='incidents'*/[0m
  ↳ app/views/incidents/index.html.erb:47
  Rendered incidents/index.html.erb within layouts/application (Duration: 20.3ms | GC: 13.3ms)
  Rendered layout layouts/application.html.erb (Duration: 21.2ms | GC: 13.3ms)
Completed 200 OK in 25ms (Views: 19.7ms | ActiveRecord: 2.4ms (7 queries, 0 cached) | GC: 13.3ms)


Started GET "/reports" for 172.20.0.1 at 2026-08-08 14:13:17 +0000
Processing by ReportsController#index as HTML
  [1m[36mUser Load (0.4ms)[0m  [1m[34mSELECT "users".* FROM "users" WHERE "users"."id" = 1 LIMIT 1 /*action='index',application='RailsProject1',controller='reports'*/[0m
  ↳ app/controllers/application_controller.rb:9:in 'ApplicationController#set_current_context'
  [1m[36mOrganization Load (0.3ms)[0m  [1m[34mSELECT "organizations".* FROM "organizations" WHERE "organizations"."id" = 1 LIMIT 1 /*action='index',application='RailsProject1',controller='reports'*/[0m
  ↳ app/controllers/application_controller.rb:12:in 'ApplicationController#set_current_context'
  [1m[36mService Load (0.3ms)[0m  [1m[34mSELECT "services".* FROM "services" WHERE "services"."organization_id" = 1 ORDER BY "services"."position" ASC, "services"."name" ASC /*action='index',application='RailsProject1',controller='reports'*/[0m
  ↳ app/controllers/reports_controller.rb:10:in 'Enumerable#map'
  Rendering layout layouts/application.html.erb
  Rendering reports/index.html.erb within layouts/application
  [1m[36mService Exists? (0.2ms)[0m  [1m[34mSELECT 1 AS one FROM "services" WHERE "services"."organization_id" = 1 LIMIT 1 /*action='index',application='RailsProject1',controller='reports'*/[0m
  ↳ app/models/organization.rb:13:in 'Organization#average_uptime_percentage'
  [1m[36mCACHE Service Exists? (0.0ms)[0m  [1m[34mSELECT 1 AS one FROM "services" WHERE "services"."organization_id" = 1 LIMIT 1[0m
  ↳ app/models/organization.rb:18:in 'Organization#average_response_latency'
  Rendered reports/index.html.erb within layouts/application (Duration: 2.0ms | GC: 0.0ms)
  Rendered layout layouts/application.html.erb (Duration: 3.3ms | GC: 0.5ms)
Completed 200 OK in 8ms (Views: 3.6ms | ActiveRecord: 1.1ms (5 queries, 1 cached) | GC: 0.5ms)


Started GET "/status/default" for 172.20.0.1 at 2026-08-08 14:13:19 +0000
Processing by StatusPageController#show as HTML
  Parameters: {"org_slug" => "default"}
  [1m[36mUser Load (0.4ms)[0m  [1m[34mSELECT "users".* FROM "users" WHERE "users"."id" = 1 LIMIT 1 /*action='show',application='RailsProject1',controller='status_page'*/[0m
  ↳ app/controllers/application_controller.rb:9:in 'ApplicationController#set_current_context'
  [1m[36mOrganization Load (0.4ms)[0m  [1m[34mSELECT "organizations".* FROM "organizations" WHERE "organizations"."id" = 1 LIMIT 1 /*action='show',application='RailsProject1',controller='status_page'*/[0m
  ↳ app/controllers/application_controller.rb:12:in 'ApplicationController#set_current_context'
  [1m[36mOrganization Load (0.2ms)[0m  [1m[34mSELECT "organizations".* FROM "organizations" WHERE "organizations"."slug" = 'default' LIMIT 1 /*action='show',application='RailsProject1',controller='status_page'*/[0m
  ↳ app/controllers/status_page_controller.rb:6:in 'StatusPageController#show'
  [1m[36mService Load (0.3ms)[0m  [1m[34mSELECT "services".* FROM "services" WHERE "services"."organization_id" = 1 ORDER BY "services"."position" ASC, "services"."name" ASC /*action='show',application='RailsProject1',controller='status_page'*/[0m
  ↳ app/controllers/status_page_controller.rb:22:in 'Enumerable#map'
  Rendering layout layouts/status_page.html.erb
  Rendering status_page/show.html.erb within layouts/status_page
  [1m[36mIncident Exists? (0.3ms)[0m  [1m[34mSELECT 1 AS one FROM "incidents" WHERE "incidents"."organization_id" = 1 AND "incidents"."status" != 'resolved' LIMIT 1 /*action='show',application='RailsProject1',controller='status_page'*/[0m
  ↳ app/views/status_page/show.html.erb:34
  [1m[36mIncident Load (0.4ms)[0m  [1m[34mSELECT "incidents".* FROM "incidents" WHERE "incidents"."organization_id" = 1 ORDER BY "incidents"."created_at" DESC LIMIT 10 /*action='show',application='RailsProject1',controller='status_page'*/[0m
  ↳ app/views/status_page/show.html.erb:111
  Rendered status_page/show.html.erb within layouts/status_page (Duration: 3.3ms | GC: 0.9ms)
  Rendered layout layouts/status_page.html.erb (Duration: 3.9ms | GC: 0.9ms)
Completed 200 OK in 10ms (Views: 3.6ms | ActiveRecord: 2.0ms (6 queries, 0 cached) | GC: 0.9ms)


Started GET "/" for 172.20.0.1 at 2026-08-08 14:16:12 +0000
Processing by DashboardController#index as HTML
  [1m[36mUser Load (0.3ms)[0m  [1m[34mSELECT "users".* FROM "users" WHERE "users"."id" = 1 LIMIT 1 /*action='index',application='RailsProject1',controller='dashboard'*/[0m
  ↳ app/controllers/application_controller.rb:9:in 'ApplicationController#set_current_context'
  [1m[36mOrganization Load (0.2ms)[0m  [1m[34mSELECT "organizations".* FROM "organizations" WHERE "organizations"."id" = 1 LIMIT 1 /*action='index',application='RailsProject1',controller='dashboard'*/[0m
  ↳ app/controllers/application_controller.rb:12:in 'ApplicationController#set_current_context'
  [1m[36mService Load (0.3ms)[0m  [1m[34mSELECT "services".* FROM "services" WHERE "services"."organization_id" = 1 ORDER BY "services"."position" ASC, "services"."name" ASC /*action='index',application='RailsProject1',controller='dashboard'*/[0m
  ↳ app/controllers/dashboard_controller.rb:15:in 'Enumerable#map'
  Rendering layout layouts/application.html.erb
  Rendering dashboard/index.html.erb within layouts/application
  [1m[36mIncident Exists? (0.2ms)[0m  [1m[34mSELECT 1 AS one FROM "incidents" WHERE "incidents"."organization_id" = 1 AND "incidents"."status" != 'resolved' LIMIT 1 /*action='index',application='RailsProject1',controller='dashboard'*/[0m
  ↳ app/views/dashboard/index.html.erb:51
  [1m[36mIncident Count (0.2ms)[0m  [1m[34mSELECT COUNT(*) FROM "incidents" WHERE "incidents"."organization_id" = 1 AND "incidents"."status" != 'resolved' /*action='index',application='RailsProject1',controller='dashboard'*/[0m
  ↳ app/views/dashboard/index.html.erb:52
  [1m[36mCACHE Incident Exists? (0.0ms)[0m  [1m[34mSELECT 1 AS one FROM "incidents" WHERE "incidents"."organization_id" = 1 AND "incidents"."status" != 'resolved' LIMIT 1[0m
  ↳ app/views/dashboard/index.html.erb:57
  Rendered dashboard/index.html.erb within layouts/application (Duration: 3.4ms | GC: 0.2ms)
  Rendered layout layouts/application.html.erb (Duration: 5.9ms | GC: 0.2ms)
Completed 200 OK in 36ms (Views: 7.4ms | ActiveRecord: 8.3ms (6 queries, 1 cached) | GC: 1.3ms)


Started GET "/cable" for 172.20.0.1 at 2026-08-08 14:16:12 +0000
Started GET "/cable" [WebSocket] for 172.20.0.1 at 2026-08-08 14:16:12 +0000
Successfully upgraded to WebSocket (REQUEST_METHOD: GET, HTTP_CONNECTION: Upgrade, HTTP_UPGRADE: websocket)
Turbo::StreamsChannel is transmitting the subscription confirmation
Turbo::StreamsChannel is streaming from services_status
Started GET "/cable" for 172.20.0.1 at 2026-08-08 14:16:19 +0000
Started GET "/cable" [WebSocket] for 172.20.0.1 at 2026-08-08 14:16:19 +0000
Successfully upgraded to WebSocket (REQUEST_METHOD: GET, HTTP_CONNECTION: Upgrade, HTTP_UPGRADE: websocket)
Turbo::StreamsChannel is transmitting the subscription confirmation
Turbo::StreamsChannel is streaming from services_status
